id,qname,label,kind,module,domains,ranges,characteristics,domain_text,range_text
http://example.org/smartcity#AHP_consistency_threshold,ex:AHP_consistency_threshold,AHP consistency threshold,datatype_property,governance,"[""http://example.org/smartcity#AcceptanceProfile""]","[""http://www.w3.org/2001/XMLSchema#decimal""]",[],ex:AcceptanceProfile,xsd:decimal
http://example.org/smartcity#D_delegation_max,ex:D_delegation_max,maximum delegation depth,datatype_property,governance,"[""http://example.org/smartcity#AcceptanceProfile""]","[""http://www.w3.org/2001/XMLSchema#integer""]",[],ex:AcceptanceProfile,xsd:integer
http://example.org/smartcity#E_device_max,ex:E_device_max,device energy threshold,datatype_property,governance,"[""http://example.org/smartcity#AcceptanceProfile""]","[""http://www.w3.org/2001/XMLSchema#decimal""]",[],ex:AcceptanceProfile,xsd:decimal
http://example.org/smartcity#N_agents,ex:N_agents,concurrent agent target,datatype_property,governance,"[""http://example.org/smartcity#AcceptanceProfile""]","[""http://www.w3.org/2001/XMLSchema#integer""]",[],ex:AcceptanceProfile,xsd:integer
http://example.org/smartcity#T_decision_max,ex:T_decision_max,decision threshold,datatype_property,governance,"[""http://example.org/smartcity#AcceptanceProfile""]","[""http://www.w3.org/2001/XMLSchema#decimal""]",[],ex:AcceptanceProfile,xsd:decimal
http://example.org/smartcity#T_inference_local,ex:T_inference_local,local inference latency threshold (ms),datatype_property,governance,"[""http://example.org/smartcity#AcceptanceProfile""]","[""http://www.w3.org/2001/XMLSchema#decimal""]",[],ex:AcceptanceProfile,xsd:decimal
http://example.org/smartcity#T_migration_max,ex:T_migration_max,migration interruption threshold,datatype_property,governance,"[""http://example.org/smartcity#AcceptanceProfile""]","[""http://www.w3.org/2001/XMLSchema#decimal""]",[],ex:AcceptanceProfile,xsd:decimal
http://example.org/smartcity#T_node_join,ex:T_node_join,node join threshold,datatype_property,governance,"[""http://example.org/smartcity#AcceptanceProfile""]","[""http://www.w3.org/2001/XMLSchema#decimal""]",[],ex:AcceptanceProfile,xsd:decimal
http://example.org/smartcity#T_reselection_max,ex:T_reselection_max,reselection threshold,datatype_property,governance,"[""http://example.org/smartcity#AcceptanceProfile""]","[""http://www.w3.org/2001/XMLSchema#decimal""]",[],ex:AcceptanceProfile,xsd:decimal
http://example.org/smartcity#T_sparql_monitor,ex:T_sparql_monitor,SPARQL monitoring threshold,datatype_property,governance,"[""http://example.org/smartcity#AcceptanceProfile""]","[""http://www.w3.org/2001/XMLSchema#decimal""]",[],ex:AcceptanceProfile,xsd:decimal
http://example.org/smartcity#actionOriginNode,ex:actionOriginNode,action origin node,object_property,orchestration,"[""http://example.org/smartcity#AdaptationAction""]","[""http://example.org/smartcity#ComputationalNode""]",[],ex:AdaptationAction,ex:ComputationalNode
http://example.org/smartcity#actionTargetNode,ex:actionTargetNode,action target node,object_property,orchestration,"[""http://example.org/smartcity#AdaptationAction""]","[""http://example.org/smartcity#ComputationalNode""]",[],ex:AdaptationAction,ex:ComputationalNode
http://example.org/smartcity#affectsModel,ex:affectsModel,affects model,object_property,orchestration,"[""http://example.org/smartcity#AdaptationAction""]","[""http://example.org/smartcity#AIModel""]",[],ex:AdaptationAction,ex:AIModel
http://example.org/smartcity#affectsService,ex:affectsService,affects service,object_property,orchestration,"[""http://example.org/smartcity#AdaptationAction""]","[""http://example.org/smartcity#Service""]",[],ex:AdaptationAction,ex:Service
http://example.org/smartcity#aggregatesData,ex:aggregatesData,aggregates data,object_property,federation,"[""http://example.org/smartcity#ComputationalNode""]","[""http://example.org/smartcity#ParametrizedData""]",[],ex:ComputationalNode,ex:ParametrizedData
http://example.org/smartcity#alternativeModelTier,ex:alternativeModelTier,alternative model tier,object_property,orchestration,"[""http://example.org/smartcity#DecisionAlternative""]","[""http://example.org/smartcity#ModelTier""]",[],ex:DecisionAlternative,ex:ModelTier
http://example.org/smartcity#appliedMechanism,ex:appliedMechanism,applied mechanism,object_property,governance,"[""http://example.org/smartcity#EvaluationState""]","[""http://example.org/smartcity#MechanismSpecification""]",[],ex:EvaluationState,ex:MechanismSpecification
http://example.org/smartcity#appliedPolicy,ex:appliedPolicy,applied policy,object_property,governance,"[""http://example.org/smartcity#EvaluationState""]","[""http://example.org/smartcity#Policy""]",[],ex:EvaluationState,ex:Policy
http://example.org/smartcity#appliedSecurityMechanism,ex:appliedSecurityMechanism,applied security mechanism,object_property,governance,[],"[""http://example.org/smartcity#SecurityMechanism""]",[],not declared,ex:SecurityMechanism
http://example.org/smartcity#appliesInZone,ex:appliesInZone,applies in zone,object_property,governance,"[""http://example.org/smartcity#Policy""]","[""http://example.org/smartcity#CityArea""]",[],ex:Policy,ex:CityArea
http://example.org/smartcity#appliesPolicy,ex:appliesPolicy,applies policy,object_property,orchestration,"[""http://example.org/smartcity#EvaluationState""]","[""http://example.org/smartcity#Policy""]",[],ex:EvaluationState,ex:Policy
http://example.org/smartcity#appliesTo,ex:appliesTo,applies to,object_property,governance,"[""http://example.org/smartcity#Permission""]",[],[],ex:Permission,not declared
http://example.org/smartcity#appliesToZoneType,ex:appliesToZoneType,applies to zone type,object_property,governance,"[""http://example.org/smartcity#Policy""]","[""http://example.org/smartcity#ZoneType""]",[],ex:Policy,ex:ZoneType
http://example.org/smartcity#artifactIdentifier,ex:artifactIdentifier,artifact identifier,datatype_property,governance,"[""http://example.org/smartcity#Artifact""]","[""http://www.w3.org/2001/XMLSchema#string""]",[],ex:Artifact,xsd:string
http://example.org/smartcity#artifactStatus,ex:artifactStatus,artifact status,datatype_property,governance,"[""http://example.org/smartcity#Artifact""]","[""http://www.w3.org/2001/XMLSchema#string""]",[],ex:Artifact,xsd:string
http://example.org/smartcity#artifactVersion,ex:artifactVersion,artifact version,datatype_property,governance,"[""http://example.org/smartcity#Artifact""]","[""http://www.w3.org/2001/XMLSchema#string""]",[],ex:Artifact,xsd:string
http://example.org/smartcity#auditsContract,ex:auditsContract,audits contract,object_property,orchestration,"[""http://example.org/smartcity#EvaluationState""]","[""http://example.org/smartcity#SemanticContract""]",[],ex:EvaluationState,ex:SemanticContract
http://example.org/smartcity#authoritativeFor,ex:authoritativeFor,authoritative for,object_property,deployment,"[""http://example.org/smartcity#DeploymentFragment""]","[""http://example.org/smartcity#AuthorityScope""]",[],ex:DeploymentFragment,ex:AuthorityScope
http://example.org/smartcity#authorizationReason,ex:authorizationReason,authorization reason,datatype_property,governance,"[""http://example.org/smartcity#AuthorizationDecision""]","[""http://www.w3.org/2001/XMLSchema#string""]",[],ex:AuthorizationDecision,xsd:string
http://example.org/smartcity#authorizedByEvaluation,ex:authorizedByEvaluation,authorized by evaluation,object_property,orchestration,"[""http://example.org/smartcity#AdaptationAction""]","[""http://example.org/smartcity#EvaluationState""]",[],ex:AdaptationAction,ex:EvaluationState
http://example.org/smartcity#basedOnConsentRecord,ex:basedOnConsentRecord,based on consent record,object_property,governance,"[""http://example.org/smartcity#AuthorizationDecision""]","[""http://example.org/smartcity#ConsentRecord""]",[],ex:AuthorizationDecision,ex:ConsentRecord
http://example.org/smartcity#basedOnContract,ex:basedOnContract,based on contract,object_property,governance,"[""http://example.org/smartcity#AuthorizationDecision""]","[""http://example.org/smartcity#SemanticContract""]",[],ex:AuthorizationDecision,ex:SemanticContract
http://example.org/smartcity#basedOnZone,ex:basedOnZone,based on zone,object_property,governance,"[""http://example.org/smartcity#AuthorizationDecision""]","[""http://example.org/smartcity#CityArea""]",[],ex:AuthorizationDecision,ex:CityArea
http://example.org/smartcity#belongsToCommunity,ex:belongsToCommunity,belongs to community,object_property,topology,"[""http://example.org/smartcity#User""]","[""http://example.org/smartcity#Community""]",[],ex:User,ex:Community
http://example.org/smartcity#belongsToPolicyCategory,ex:belongsToPolicyCategory,belongs to policy category,object_property,governance,"[""http://example.org/smartcity#Policy""]","[""http://example.org/smartcity#PolicyCategory""]",[],ex:Policy,ex:PolicyCategory
http://example.org/smartcity#belongsToQueryCatalog,ex:belongsToQueryCatalog,belongs to query catalog,object_property,governance,"[""http://example.org/smartcity#QuerySpecification""]","[""http://example.org/smartcity#QueryCatalog""]",[],ex:QuerySpecification,ex:QueryCatalog
http://example.org/smartcity#budgetForContract,ex:budgetForContract,budget for contract,object_property,federation,"[""http://example.org/smartcity#PrivacyBudgetAccount""]","[""http://example.org/smartcity#SemanticContract""]",[],ex:PrivacyBudgetAccount,ex:SemanticContract
http://example.org/smartcity#budgetForPurpose,ex:budgetForPurpose,budget for purpose,object_property,federation,"[""http://example.org/smartcity#PrivacyBudgetAccount""]","[""http://example.org/smartcity#ProcessingPurpose""]",[],ex:PrivacyBudgetAccount,ex:ProcessingPurpose
http://example.org/smartcity#carriesData,ex:carriesData,carries data,object_property,orchestration,"[""http://example.org/smartcity#TransferEvent""]",[],[],ex:TransferEvent,not declared
http://example.org/smartcity#categoryCode,ex:categoryCode,category code,datatype_property,governance,"[""http://example.org/smartcity#PolicyCategory""]","[""http://www.w3.org/2001/XMLSchema#string""]",[],ex:PolicyCategory,xsd:string
http://example.org/smartcity#conditionExpression,ex:conditionExpression,condition expression,datatype_property,governance,"[""http://example.org/smartcity#RecoveryCondition""]","[""http://www.w3.org/2001/XMLSchema#string""]",[],ex:RecoveryCondition,xsd:string
http://example.org/smartcity#configurationStatus,ex:configurationStatus,configuration status,datatype_property,governance,[],"[""http://www.w3.org/2001/XMLSchema#string""]",[],not declared,xsd:string
http://example.org/smartcity#connectsTo,ex:connectsTo,connects to,object_property,topology,"[""https://saref.etsi.org/core/Device""]","[""http://example.org/smartcity#ComputationalNode""]",[],saref:Device,ex:ComputationalNode
http://example.org/smartcity#consentSubject,ex:consentSubject,consent subject,object_property,governance,"[""http://example.org/smartcity#ConsentRecord""]","[""http://example.org/smartcity#User""]",[],ex:ConsentRecord,ex:User
http://example.org/smartcity#containsIndividualizedGradients,ex:containsIndividualizedGradients,contains individualized gradients,datatype_property,federation,"[""http://example.org/smartcity#FederatedLearningSession""]","[""http://www.w3.org/2001/XMLSchema#boolean""]",[],ex:FederatedLearningSession,xsd:boolean
http://example.org/smartcity#containsPersistentIdentifier,ex:containsPersistentIdentifier,contains persistent identifier,datatype_property,governance,"[""http://example.org/smartcity#FederatedLearningSession""]","[""http://www.w3.org/2001/XMLSchema#boolean""]",[],ex:FederatedLearningSession,xsd:boolean
http://example.org/smartcity#containsPersonalData,ex:containsPersonalData,contains personal data,datatype_property,governance,"[""http://example.org/smartcity#FederatedLearningSession""]","[""http://www.w3.org/2001/XMLSchema#boolean""]",[],ex:FederatedLearningSession,xsd:boolean
http://example.org/smartcity#contextDeviceState,ex:contextDeviceState,context device state,object_property,observability,"[""http://example.org/smartcity#DataContext""]","[""http://example.org/smartcity#DeviceState""]",[],ex:DataContext,ex:DeviceState
http://example.org/smartcity#contextNodeState,ex:contextNodeState,context node state,object_property,observability,"[""http://example.org/smartcity#DataContext""]","[""http://example.org/smartcity#NodeState""]",[],ex:DataContext,ex:NodeState
http://example.org/smartcity#contextProcessingLevel,ex:contextProcessingLevel,context processing level,object_property,observability,"[""http://example.org/smartcity#DataContext""]","[""http://example.org/smartcity#ProcessingLevel""]",[],ex:DataContext,ex:ProcessingLevel
http://example.org/smartcity#contextPurpose,ex:contextPurpose,context purpose,object_property,observability,"[""http://example.org/smartcity#DataContext""]","[""http://example.org/smartcity#ProcessingPurpose""]",[],ex:DataContext,ex:ProcessingPurpose
http://example.org/smartcity#contextZone,ex:contextZone,context zone,object_property,observability,"[""http://example.org/smartcity#DataContext""]","[""http://example.org/smartcity#CityArea""]",[],ex:DataContext,ex:CityArea
http://example.org/smartcity#continuumLevel,ex:continuumLevel,continuum level,datatype_property,topology,"[""http://example.org/smartcity#ModelTier""]","[""http://www.w3.org/2001/XMLSchema#integer""]",[],ex:ModelTier,xsd:integer
http://example.org/smartcity#contractSubject,ex:contractSubject,contract subject,object_property,governance,"[""http://example.org/smartcity#SemanticContract""]","[""http://example.org/smartcity#User""]",[],ex:SemanticContract,ex:User
http://example.org/smartcity#coversArea,ex:coversArea,covers area,object_property,topology,"[""http://example.org/smartcity#ComputationalNode""]","[""http://example.org/smartcity#CityArea""]",[],ex:ComputationalNode,ex:CityArea
http://example.org/smartcity#criterionA,ex:criterionA,criterion A,object_property,orchestration,"[""http://example.org/smartcity#PairwiseComparison""]",[],[],ex:PairwiseComparison,not declared
http://example.org/smartcity#criterionB,ex:criterionB,criterion B,object_property,orchestration,"[""http://example.org/smartcity#PairwiseComparison""]",[],[],ex:PairwiseComparison,not declared
http://example.org/smartcity#definedInArtifact,ex:definedInArtifact,defined in artifact,object_property,governance,[],"[""http://example.org/smartcity#Artifact""]",[],not declared,ex:Artifact
http://example.org/smartcity#delegatedBy,ex:delegatedBy,delegated by,object_property,orchestration,"[""http://example.org/smartcity#DelegationEvent""]","[""http://example.org/smartcity#ComputationalNode""]",[],ex:DelegationEvent,ex:ComputationalNode
http://example.org/smartcity#delegatesTo,ex:delegatesTo,delegates requests to,object_property,orchestration,"[""urn:continuum:ontology:3.0.0:node:94""]","[""http://example.org/smartcity#ComputationalNode""]",[],(ex:ComputationalNode OR ex:DelegationEvent),ex:ComputationalNode
http://example.org/smartcity#delegationDepth,ex:delegationDepth,delegation depth,datatype_property,orchestration,"[""http://example.org/smartcity#DelegationEvent""]","[""http://www.w3.org/2001/XMLSchema#integer""]",[],ex:DelegationEvent,xsd:integer
http://example.org/smartcity#derivedFrom,ex:derivedFrom,derived from,object_property,orchestration,"[""http://example.org/smartcity#State""]","[""http://www.w3.org/ns/sosa/Observation""]",[],ex:State,sosa:Observation
http://example.org/smartcity#eligibilityReason,ex:eligibilityReason,eligibility reason,datatype_property,orchestration,"[""http://example.org/smartcity#DecisionAlternative""]","[""http://www.w3.org/2001/XMLSchema#string""]",[],ex:DecisionAlternative,xsd:string
http://example.org/smartcity#estimatedPredictionError,ex:estimatedPredictionError,estimated prediction error,datatype_property,orchestration,"[""http://example.org/smartcity#EvaluationState""]","[""http://www.w3.org/2001/XMLSchema#decimal""]",[],ex:EvaluationState,xsd:decimal
http://example.org/smartcity#evaluatesNode,ex:evaluatesNode,evaluates node,object_property,orchestration,"[""http://example.org/smartcity#EvaluationState""]","[""http://example.org/smartcity#ComputationalNode""]",[],ex:EvaluationState,ex:ComputationalNode
http://example.org/smartcity#evaluatesService,ex:evaluatesService,evaluates service,object_property,orchestration,"[""http://example.org/smartcity#EvaluationState""]","[""http://example.org/smartcity#Service""]",[],ex:EvaluationState,ex:Service
http://example.org/smartcity#evaluationOrder,ex:evaluationOrder,evaluation order,datatype_property,orchestration,"[""http://example.org/smartcity#PolicyCategory""]","[""http://www.w3.org/2001/XMLSchema#integer""]",[],ex:PolicyCategory,xsd:integer
http://example.org/smartcity#evaluationPurpose,ex:evaluationPurpose,evaluation purpose,object_property,orchestration,"[""http://example.org/smartcity#EvaluationState""]","[""http://example.org/smartcity#ProcessingPurpose""]",[],ex:EvaluationState,ex:ProcessingPurpose
http://example.org/smartcity#evaluationUser,ex:evaluationUser,evaluation user,object_property,orchestration,"[""http://example.org/smartcity#EvaluationState""]","[""http://example.org/smartcity#User""]",[],ex:EvaluationState,ex:User
http://example.org/smartcity#evaluationZone,ex:evaluationZone,evaluation zone,object_property,orchestration,"[""http://example.org/smartcity#EvaluationState""]","[""http://example.org/smartcity#CityArea""]",[],ex:EvaluationState,ex:CityArea
http://example.org/smartcity#evidenceContribution,ex:evidenceContribution,evidence contribution,datatype_property,observability,"[""http://example.org/smartcity#TrustEvidence""]","[""http://www.w3.org/2001/XMLSchema#decimal""]",[],ex:TrustEvidence,xsd:decimal
http://example.org/smartcity#evidenceFactor,ex:evidenceFactor,evidence factor,datatype_property,observability,"[""http://example.org/smartcity#TrustEvidence""]","[""http://www.w3.org/2001/XMLSchema#string""]",[],ex:TrustEvidence,xsd:string
http://example.org/smartcity#expiresOnRecoveryOf,ex:expiresOnRecoveryOf,expires on recovery of,object_property,orchestration,"[""http://example.org/smartcity#DelegationEvent""]","[""http://example.org/smartcity#ComputationalNode""]",[],ex:DelegationEvent,ex:ComputationalNode
http://example.org/smartcity#generatedBy,ex:generatedBy,generated by,object_property,wellbeing,"[""http://example.org/smartcity#ParametrizedData""]","[""http://example.org/smartcity#Wearable""]",[],ex:ParametrizedData,ex:Wearable
http://example.org/smartcity#governedBy,ex:governedBy,governed by,object_property,governance,[],"[""http://example.org/smartcity#Policy""]",[],not declared,ex:Policy
http://example.org/smartcity#graphIRI,ex:graphIRI,graph iri,datatype_property,deployment,"[""http://example.org/smartcity#DeploymentFragment""]","[""http://www.w3.org/2001/XMLSchema#anyURI""]",[],ex:DeploymentFragment,xsd:anyURI
http://example.org/smartcity#hasAHPScore,ex:hasAHPScore,has AHP / multicriteria score,datatype_property,orchestration,"[""http://example.org/smartcity#DecisionAlternative""]","[""http://www.w3.org/2001/XMLSchema#decimal""]",[],ex:DecisionAlternative,xsd:decimal
http://example.org/smartcity#hasActiveConsentRange,ex:hasActiveConsentRange,has active consent range,object_property,governance,"[""http://example.org/smartcity#User""]","[""http://example.org/smartcity#ConsentRange""]",[],ex:User,ex:ConsentRange
http://example.org/smartcity#hasAdaptability,ex:hasAdaptability,has adaptability,object_property,orchestration,"[""http://example.org/smartcity#ServiceState""]","[""http://example.org/smartcity#AdaptabilityLevel""]",[],ex:ServiceState,ex:AdaptabilityLevel
http://example.org/smartcity#hasAnonymizationApplied,ex:hasAnonymizationApplied,has anonymization applied,datatype_property,federation,"[""http://example.org/smartcity#ParametrizedData""]","[""http://www.w3.org/2001/XMLSchema#boolean""]",[],ex:ParametrizedData,xsd:boolean
http://example.org/smartcity#hasAuthorizationDecision,ex:hasAuthorizationDecision,has authorization decision,object_property,governance,[],"[""http://example.org/smartcity#AuthorizationDecision""]",[],not declared,ex:AuthorizationDecision
http://example.org/smartcity#hasAuthorizationOutcome,ex:hasAuthorizationOutcome,has authorization outcome,object_property,governance,"[""http://example.org/smartcity#AuthorizationDecision""]","[""http://example.org/smartcity#AuthorizationOutcome""]",[],ex:AuthorizationDecision,ex:AuthorizationOutcome
http://example.org/smartcity#hasAuthorizedDataCategory,ex:hasAuthorizedDataCategory,authorizes data category,object_property,governance,"[""http://example.org/smartcity#ConsentRecord""]","[""http://example.org/smartcity#DataCategory""]",[],ex:ConsentRecord,ex:DataCategory
http://example.org/smartcity#hasAvailability,ex:hasAvailability,has availability,object_property,observability,"[""http://example.org/smartcity#NodeState""]","[""http://example.org/smartcity#AvailabilityLevel""]",[],ex:NodeState,ex:AvailabilityLevel
http://example.org/smartcity#hasBatteryLevel,ex:hasBatteryLevel,has battery level,object_property,observability,"[""http://example.org/smartcity#DeviceState""]","[""http://example.org/smartcity#BatteryLevel""]",[],ex:DeviceState,ex:BatteryLevel
http://example.org/smartcity#hasCommunication,ex:hasCommunication,has communication level,object_property,observability,"[""http://example.org/smartcity#NodeState""]","[""http://example.org/smartcity#CommunicationLevel""]",[],ex:NodeState,ex:CommunicationLevel
http://example.org/smartcity#hasComplianceMetric,ex:hasComplianceMetric,has compliance metric,object_property,observability,"[""http://example.org/smartcity#ValidationCampaign""]","[""http://example.org/smartcity#ComplianceMetric""]",[],ex:ValidationCampaign,ex:ComplianceMetric
http://example.org/smartcity#hasConnectionStatus,ex:hasConnectionStatus,has connection status,object_property,observability,"[""http://example.org/smartcity#DeviceState""]","[""http://example.org/smartcity#DeviceConnectionStatus""]",[],ex:DeviceState,ex:DeviceConnectionStatus
http://example.org/smartcity#hasConsentRange,ex:hasConsentRange,has consent range,object_property,governance,"[""urn:continuum:ontology:3.0.0:node:100""]","[""http://example.org/smartcity#ConsentRange""]",[],(ex:User OR ex:SemanticContract OR ex:Policy OR ex:FederatedLearningSession OR ex:EvaluationState),ex:ConsentRange
http://example.org/smartcity#hasConsentRecord,ex:hasConsentRecord,has consent record,object_property,governance,"[""http://example.org/smartcity#User""]","[""http://example.org/smartcity#ConsentRecord""]",[],ex:User,ex:ConsentRecord
http://example.org/smartcity#hasConsistencyRatio,ex:hasConsistencyRatio,has consistency ratio,datatype_property,orchestration,"[""http://example.org/smartcity#EvaluationState""]","[""http://www.w3.org/2001/XMLSchema#decimal""]",[],ex:EvaluationState,xsd:decimal
http://example.org/smartcity#hasConsistencyThreshold,ex:hasConsistencyThreshold,has consistency threshold,datatype_property,orchestration,"[""http://example.org/smartcity#EvaluationState""]","[""http://www.w3.org/2001/XMLSchema#decimal""]",[],ex:EvaluationState,xsd:decimal
http://example.org/smartcity#hasDataCategory,ex:hasDataCategory,has data category,object_property,governance,[],"[""http://example.org/smartcity#DataCategory""]",[],not declared,ex:DataCategory
http://example.org/smartcity#hasDataContext,ex:hasDataContext,has data context,object_property,observability,[],"[""http://example.org/smartcity#DataContext""]",[],not declared,ex:DataContext
http://example.org/smartcity#hasDataCriticality,ex:hasDataCriticality,has data criticality,object_property,governance,[],"[""http://example.org/smartcity#DataCriticality""]",[],not declared,ex:DataCriticality
http://example.org/smartcity#hasDataSensitivity,ex:hasDataSensitivity,has data sensitivity,object_property,governance,[],"[""http://example.org/smartcity#DataSensitivity""]",[],not declared,ex:DataSensitivity
http://example.org/smartcity#hasDecisionAlternative,ex:hasDecisionAlternative,has decision alternative,object_property,orchestration,"[""http://example.org/smartcity#EvaluationState""]","[""http://example.org/smartcity#DecisionAlternative""]",[],ex:EvaluationState,ex:DecisionAlternative
http://example.org/smartcity#hasDecisionMethod,ex:hasDecisionMethod,has decision method,object_property,orchestration,"[""http://example.org/smartcity#EvaluationState""]","[""http://example.org/smartcity#DecisionMethod""]",[],ex:EvaluationState,ex:DecisionMethod
http://example.org/smartcity#hasDegradationCause,ex:hasDegradationCause,has degradation cause,object_property,orchestration,[],"[""http://example.org/smartcity#ModelDegradationCause""]",[],not declared,ex:ModelDegradationCause
http://example.org/smartcity#hasDelegation,ex:hasDelegation,has delegation,object_property,orchestration,"[""http://example.org/smartcity#ComputationalNode""]","[""http://example.org/smartcity#DelegationEvent""]",[],ex:ComputationalNode,ex:DelegationEvent
http://example.org/smartcity#hasDetectedSymptom,ex:hasDetectedSymptom,has detected symptom,object_property,orchestration,"[""http://example.org/smartcity#EvaluationState""]","[""http://example.org/smartcity#MAPESymptom""]",[],ex:EvaluationState,ex:MAPESymptom
http://example.org/smartcity#hasDeviceState,ex:hasDeviceState,has device state,object_property,foundation,"[""http://example.org/smartcity#Wearable""]","[""http://example.org/smartcity#DeviceState""]",[],ex:Wearable,ex:DeviceState
http://example.org/smartcity#hasDistance,ex:hasDistance,has distance,object_property,topology,"[""http://example.org/smartcity#NodeUserRelation""]","[""http://example.org/smartcity#DistanceLevel""]",[],ex:NodeUserRelation,ex:DistanceLevel
http://example.org/smartcity#hasEffectiveConsentRange,ex:hasEffectiveConsentRange,has effective consent range,object_property,governance,"[""http://example.org/smartcity#AuthorizationDecision""]","[""http://example.org/smartcity#ConsentRange""]",[],ex:AuthorizationDecision,ex:ConsentRange
http://example.org/smartcity#hasElasticity,ex:hasElasticity,has elasticity,datatype_property,topology,"[""http://example.org/smartcity#ComputationalNode""]","[""http://www.w3.org/2001/XMLSchema#boolean""]",[],ex:ComputationalNode,xsd:boolean
http://example.org/smartcity#hasEnergyLevel,ex:hasEnergyLevel,has energy level,object_property,observability,"[""http://example.org/smartcity#NodeState""]","[""http://example.org/smartcity#EnergyLevel""]",[],ex:NodeState,ex:EnergyLevel
http://example.org/smartcity#hasEvaluationTicketID,ex:hasEvaluationTicketID,has evaluation ticket ID,datatype_property,orchestration,"[""http://example.org/smartcity#EvaluationState""]","[""http://www.w3.org/2001/XMLSchema#string""]",[],ex:EvaluationState,xsd:string
http://example.org/smartcity#hasGeometry,ex:hasGeometry,has geometry,object_property,topology,"[""http://example.org/smartcity#CityArea""]","[""http://www.opengis.net/ont/geosparql#Geometry""]",[],ex:CityArea,geo:Geometry
http://example.org/smartcity#hasIdentifier,ex:hasIdentifier,has identifier,object_property,governance,"[""http://example.org/smartcity#User""]","[""http://example.org/smartcity#Identifier""]",[],ex:User,ex:Identifier
http://example.org/smartcity#hasLatencyWeight,ex:hasLatencyWeight,has latency weight,datatype_property,orchestration,"[""http://example.org/smartcity#EvaluationState""]","[""http://www.w3.org/2001/XMLSchema#decimal""]",[],ex:EvaluationState,xsd:decimal
http://example.org/smartcity#hasMigrationCost,ex:hasMigrationCost,has migration cost,object_property,orchestration,"[""http://example.org/smartcity#EvaluationState""]","[""http://example.org/smartcity#MigrationCostLevel""]",[],ex:EvaluationState,ex:MigrationCostLevel
http://example.org/smartcity#hasMigrationTime,ex:hasMigrationTime,has migration time,object_property,orchestration,"[""http://example.org/smartcity#EvaluationState""]","[""http://example.org/smartcity#MigrationTimeLevel""]",[],ex:EvaluationState,ex:MigrationTimeLevel
http://example.org/smartcity#hasMobileDevice,ex:hasMobileDevice,has mobile device,object_property,foundation,"[""http://example.org/smartcity#User""]","[""http://example.org/smartcity#MobileDevice""]",[],ex:User,ex:MobileDevice
http://example.org/smartcity#hasMobility,ex:hasMobility,has mobility,object_property,observability,"[""http://example.org/smartcity#UserState""]","[""http://example.org/smartcity#MobilityLevel""]",[],ex:UserState,ex:MobilityLevel
http://example.org/smartcity#hasModelQualityWeight,ex:hasModelQualityWeight,has model quality weight,datatype_property,orchestration,"[""http://example.org/smartcity#EvaluationState""]","[""http://www.w3.org/2001/XMLSchema#decimal""]",[],ex:EvaluationState,xsd:decimal
http://example.org/smartcity#hasModelTier,ex:hasModelTier,has model tier,object_property,orchestration,"[""http://example.org/smartcity#AIModel""]","[""http://example.org/smartcity#ModelTier""]",[],ex:AIModel,ex:ModelTier
http://example.org/smartcity#hasNeighborNode,ex:hasNeighborNode,has neighbor node,object_property,topology,"[""http://example.org/smartcity#ComputationalNode""]","[""http://example.org/smartcity#ComputationalNode""]",[],ex:ComputationalNode,ex:ComputationalNode
http://example.org/smartcity#hasNodeState,ex:hasNodeState,has node state,object_property,observability,"[""http://example.org/smartcity#ComputationalNode""]","[""http://example.org/smartcity#NodeState""]",[],ex:ComputationalNode,ex:NodeState
http://example.org/smartcity#hasNoiseApplied,ex:hasNoiseApplied,has noise applied,datatype_property,federation,"[""http://example.org/smartcity#ParametrizedData""]","[""http://www.w3.org/2001/XMLSchema#boolean""]",[],ex:ParametrizedData,xsd:boolean
http://example.org/smartcity#hasOperationalStatus,ex:hasOperationalStatus,has operational status,object_property,observability,"[""http://example.org/smartcity#NodeState""]","[""http://example.org/smartcity#OperationalStatus""]",[],ex:NodeState,ex:OperationalStatus
http://example.org/smartcity#hasPairwiseComparison,ex:hasPairwiseComparison,has pairwise comparison,object_property,orchestration,"[""http://example.org/smartcity#EvaluationState""]","[""http://example.org/smartcity#PairwiseComparison""]",[],ex:EvaluationState,ex:PairwiseComparison
http://example.org/smartcity#hasPayloadType,ex:hasPayloadType,has payload type,object_property,federation,"[""http://example.org/smartcity#FederatedLearningSession""]","[""http://example.org/smartcity#PayloadType""]",[],ex:FederatedLearningSession,ex:PayloadType
http://example.org/smartcity#hasPerformance,ex:hasPerformance,has performance,object_property,observability,"[""http://example.org/smartcity#NodeState""]","[""http://example.org/smartcity#PerformanceLevel""]",[],ex:NodeState,ex:PerformanceLevel
http://example.org/smartcity#hasPermission,ex:hasPermission,has permission,object_property,governance,"[""http://example.org/smartcity#Role""]","[""http://example.org/smartcity#Permission""]",[],ex:Role,ex:Permission
http://example.org/smartcity#hasPersonStatus,ex:hasPersonStatus,has person status,object_property,wellbeing,"[""http://example.org/smartcity#UserState""]","[""http://example.org/smartcity#PersonStatus""]",[],ex:UserState,ex:PersonStatus
http://example.org/smartcity#hasPolicyAction,ex:hasPolicyAction,has policy action,datatype_property,governance,"[""http://example.org/smartcity#Policy""]","[""http://www.w3.org/2001/XMLSchema#string""]",[],ex:Policy,xsd:string
http://example.org/smartcity#hasPolicyRelationType,ex:hasPolicyRelationType,has policy relation type,object_property,governance,"[""http://example.org/smartcity#PolicyCategoryRelation""]","[""http://example.org/smartcity#PolicyRelationType""]",[],ex:PolicyCategoryRelation,ex:PolicyRelationType
http://example.org/smartcity#hasPolicyStatement,ex:hasPolicyStatement,has policy statement,datatype_property,governance,"[""http://example.org/smartcity#Policy""]","[""http://www.w3.org/2000/01/rdf-schema#Literal""]",[],ex:Policy,rdfs:Literal
http://example.org/smartcity#hasPolicyType,ex:hasPolicyType,has policy type,object_property,governance,"[""http://example.org/smartcity#Policy""]","[""http://example.org/smartcity#PolicyType""]",[],ex:Policy,ex:PolicyType
http://example.org/smartcity#hasPopulationDensity,ex:hasPopulationDensity,has population density,object_property,topology,"[""http://example.org/smartcity#CityArea""]","[""http://example.org/smartcity#PopulationDensity""]",[],ex:CityArea,ex:PopulationDensity
http://example.org/smartcity#hasPredictedStressLevel,ex:hasPredictedStressLevel,has predicted stress level,object_property,wellbeing,"[""http://example.org/smartcity#UserState""]","[""http://example.org/smartcity#StressLevel""]",[],ex:UserState,ex:StressLevel
http://example.org/smartcity#hasPrivacyBudget,ex:hasPrivacyBudget,has privacy budget,datatype_property,federation,"[""http://example.org/smartcity#FederatedLearningSession""]","[""http://www.w3.org/2001/XMLSchema#decimal""]",[],ex:FederatedLearningSession,xsd:decimal
http://example.org/smartcity#hasPrivacyBudgetAccount,ex:hasPrivacyBudgetAccount,has privacy budget account,object_property,federation,"[""http://example.org/smartcity#FederatedLearningSession""]","[""http://example.org/smartcity#PrivacyBudgetAccount""]",[],ex:FederatedLearningSession,ex:PrivacyBudgetAccount
http://example.org/smartcity#hasPrivacyClass,ex:hasPrivacyClass,has privacy class,object_property,deployment,"[""http://example.org/smartcity#DeploymentFragment""]","[""http://example.org/smartcity#PrivacyClass""]",[],ex:DeploymentFragment,ex:PrivacyClass
http://example.org/smartcity#hasPrivacyMechanism,ex:hasPrivacyMechanism,has privacy mechanism,object_property,federation,"[""urn:continuum:ontology:3.0.0:node:97""]","[""http://example.org/smartcity#PrivacyMechanism""]",[],(ex:FederatedLearningSession OR ex:ParametrizedData),ex:PrivacyMechanism
http://example.org/smartcity#hasPrivacyWeight,ex:hasPrivacyWeight,has privacy weight,datatype_property,orchestration,"[""http://example.org/smartcity#EvaluationState""]","[""http://www.w3.org/2001/XMLSchema#decimal""]",[],ex:EvaluationState,xsd:decimal
http://example.org/smartcity#hasProcessingLevel,ex:hasProcessingLevel,has processing level,object_property,orchestration,"[""http://example.org/smartcity#ServiceState""]","[""http://example.org/smartcity#ProcessingLevel""]",[],ex:ServiceState,ex:ProcessingLevel
http://example.org/smartcity#hasProcessingPurpose,ex:hasProcessingPurpose,has processing purpose,object_property,governance,"[""urn:continuum:ontology:3.0.0:node:106""]","[""http://example.org/smartcity#ProcessingPurpose""]",[],(ex:SemanticContract OR ex:Policy OR ex:FederatedLearningSession OR ex:EvaluationState OR ex:Permission),ex:ProcessingPurpose
http://example.org/smartcity#hasProcessingScope,ex:hasProcessingScope,has processing scope,object_property,governance,"[""http://example.org/smartcity#ModelTier""]","[""http://example.org/smartcity#ProcessingScope""]",[],ex:ModelTier,ex:ProcessingScope
http://example.org/smartcity#hasProfitability,ex:hasProfitability,has profitability,object_property,orchestration,"[""http://example.org/smartcity#EvaluationState""]","[""http://example.org/smartcity#ProfitabilityLevel""]",[],ex:EvaluationState,ex:ProfitabilityLevel
http://example.org/smartcity#hasQueryType,ex:hasQueryType,has query type,object_property,governance,"[""http://example.org/smartcity#QuerySpecification""]","[""http://example.org/smartcity#QueryType""]",[],ex:QuerySpecification,ex:QueryType
http://example.org/smartcity#hasRecoveryCondition,ex:hasRecoveryCondition,has recovery condition,object_property,orchestration,"[""http://example.org/smartcity#DelegationEvent""]","[""http://example.org/smartcity#RecoveryCondition""]",[],ex:DelegationEvent,ex:RecoveryCondition
http://example.org/smartcity#hasReplicationEvent,ex:hasReplicationEvent,has replication event,object_property,orchestration,[],"[""http://example.org/smartcity#ReplicationEvent""]",[],not declared,ex:ReplicationEvent
http://example.org/smartcity#hasResidualCapacity,ex:hasResidualCapacity,has residual capacity,object_property,observability,"[""http://example.org/smartcity#NodeState""]","[""http://example.org/smartcity#ResidualCapacity""]",[],ex:NodeState,ex:ResidualCapacity
http://example.org/smartcity#hasRole,ex:hasRole,has role,object_property,governance,"[""http://xmlns.com/foaf/0.1/Person""]","[""http://example.org/smartcity#Role""]",[],foaf:Person,ex:Role
http://example.org/smartcity#hasSelectionJustification,ex:hasSelectionJustification,has selection justification,datatype_property,orchestration,"[""http://example.org/smartcity#EvaluationState""]","[""http://www.w3.org/2001/XMLSchema#string""]",[],ex:EvaluationState,xsd:string
http://example.org/smartcity#hasSemanticContract,ex:hasSemanticContract,has semantic contract,object_property,governance,"[""http://example.org/smartcity#User""]","[""http://example.org/smartcity#SemanticContract""]",[],ex:User,ex:SemanticContract
http://example.org/smartcity#hasServiceState,ex:hasServiceState,has service state,object_property,orchestration,"[""http://example.org/smartcity#Service""]","[""http://example.org/smartcity#ServiceState""]",[],ex:Service,ex:ServiceState
http://example.org/smartcity#hasTrustAssessment,ex:hasTrustAssessment,has trust assessment,object_property,observability,"[""http://example.org/smartcity#NodeState""]","[""http://example.org/smartcity#TrustAssessment""]",[],ex:NodeState,ex:TrustAssessment
http://example.org/smartcity#hasTrustEvidence,ex:hasTrustEvidence,has trust evidence,object_property,observability,"[""http://example.org/smartcity#TrustAssessment""]","[""http://example.org/smartcity#TrustEvidence""]",[],ex:TrustAssessment,ex:TrustEvidence
http://example.org/smartcity#hasTrustScore,ex:hasTrustScore,has trust score,datatype_property,observability,[],"[""http://www.w3.org/2001/XMLSchema#decimal""]",[],not declared,xsd:decimal
http://example.org/smartcity#hasTrustWeight,ex:hasTrustWeight,has external trust weight,datatype_property,orchestration,"[""http://example.org/smartcity#EvaluationState""]","[""http://www.w3.org/2001/XMLSchema#decimal""]",[],ex:EvaluationState,xsd:decimal
http://example.org/smartcity#hasUserState,ex:hasUserState,has user state,object_property,observability,"[""http://example.org/smartcity#User""]","[""http://example.org/smartcity#UserState""]",[],ex:User,ex:UserState
http://example.org/smartcity#hasValidationResult,ex:hasValidationResult,has validation result,object_property,governance,"[""http://example.org/smartcity#ValidationCampaign""]","[""http://example.org/smartcity#ValidationResult""]",[],ex:ValidationCampaign,ex:ValidationResult
http://example.org/smartcity#hasWearable,ex:hasWearable,has wearable,object_property,wellbeing,"[""http://example.org/smartcity#User""]","[""http://example.org/smartcity#Wearable""]",[],ex:User,ex:Wearable
http://example.org/smartcity#hasWorkload,ex:hasWorkload,has workload,object_property,observability,"[""http://example.org/smartcity#NodeState""]","[""http://example.org/smartcity#WorkloadLevel""]",[],ex:NodeState,ex:WorkloadLevel
http://example.org/smartcity#hostedAt,ex:hostedAt,hosted at,object_property,deployment,"[""http://example.org/smartcity#DeploymentFragment""]","[""http://example.org/smartcity#ComputationalNode""]",[],ex:DeploymentFragment,ex:ComputationalNode
http://example.org/smartcity#hostedOnNode,ex:hostedOnNode,hosted on node,object_property,orchestration,"[""http://example.org/smartcity#AIModel""]","[""http://example.org/smartcity#ComputationalNode""]",[],ex:AIModel,ex:ComputationalNode
http://example.org/smartcity#hostsModel,ex:hostsModel,hosts model,object_property,orchestration,"[""http://example.org/smartcity#ComputationalNode""]","[""http://example.org/smartcity#AIModel""]",[],ex:ComputationalNode,ex:AIModel
http://example.org/smartcity#hostsService,ex:hostsService,hosts service,object_property,orchestration,"[""http://example.org/smartcity#ComputationalNode""]","[""http://example.org/smartcity#Service""]",[],ex:ComputationalNode,ex:Service
http://example.org/smartcity#idempotencyKey,ex:idempotencyKey,idempotency key,datatype_property,orchestration,[],"[""http://www.w3.org/2001/XMLSchema#string""]",[],not declared,xsd:string
http://example.org/smartcity#identifierScope,ex:identifierScope,identifier scope,datatype_property,governance,"[""http://example.org/smartcity#Identifier""]","[""http://www.w3.org/2001/XMLSchema#string""]",[],ex:Identifier,xsd:string
http://example.org/smartcity#identifierValue,ex:identifierValue,identifier value,datatype_property,governance,"[""http://example.org/smartcity#Identifier""]","[""http://www.w3.org/2001/XMLSchema#string""]",[],ex:Identifier,xsd:string
http://example.org/smartcity#involvedNode,ex:involvedNode,involved node,object_property,federation,"[""http://example.org/smartcity#FederatedLearningSession""]","[""http://example.org/smartcity#ComputationalNode""]",[],ex:FederatedLearningSession,ex:ComputationalNode
http://example.org/smartcity#isEligible,ex:isEligible,is eligible,datatype_property,orchestration,"[""http://example.org/smartcity#DecisionAlternative""]","[""http://www.w3.org/2001/XMLSchema#boolean""]",[],ex:DecisionAlternative,xsd:boolean
http://example.org/smartcity#isPreferredNode,ex:isPreferredNode,is preferred node,datatype_property,topology,"[""http://example.org/smartcity#NodeUserRelation""]","[""http://www.w3.org/2001/XMLSchema#boolean""]",[],ex:NodeUserRelation,xsd:boolean
http://example.org/smartcity#isRedundant,ex:isRedundant,is redundant,datatype_property,federation,"[""http://example.org/smartcity#ParametrizedData""]","[""http://www.w3.org/2001/XMLSchema#boolean""]",[],ex:ParametrizedData,xsd:boolean
http://example.org/smartcity#lastUpdated,ex:lastUpdated,last updated,datatype_property,orchestration,"[""http://example.org/smartcity#AIModel""]","[""http://www.w3.org/2001/XMLSchema#dateTime""]",[],ex:AIModel,xsd:dateTime
http://example.org/smartcity#legacyDecisionScore,ex:legacyDecisionScore,legacy decision score,datatype_property,orchestration,"[""http://example.org/smartcity#EvaluationState""]","[""http://www.w3.org/2001/XMLSchema#decimal""]",[],ex:EvaluationState,xsd:decimal
http://example.org/smartcity#locatedIn,ex:locatedIn,located in,object_property,topology,[],[],[],not declared,not declared
http://example.org/smartcity#locatedInZone,ex:locatedInZone,located in zone,object_property,topology,"[""http://example.org/smartcity#User""]","[""http://example.org/smartcity#CityArea""]",[],ex:User,ex:CityArea
http://example.org/smartcity#mechanismDescription,ex:mechanismDescription,mechanism description,datatype_property,governance,"[""http://example.org/smartcity#MechanismSpecification""]","[""http://www.w3.org/2000/01/rdf-schema#Literal""]",[],ex:MechanismSpecification,rdfs:Literal
http://example.org/smartcity#mechanismIdentifier,ex:mechanismIdentifier,mechanism identifier,datatype_property,governance,"[""http://example.org/smartcity#MechanismSpecification""]","[""http://www.w3.org/2001/XMLSchema#string""]",[],ex:MechanismSpecification,xsd:string
http://example.org/smartcity#migrationNote,ex:migrationNote,migration note,datatype_property,orchestration,[],"[""http://www.w3.org/2001/XMLSchema#string""]",[],not declared,xsd:string
http://example.org/smartcity#migrationStatus,ex:migrationStatus,migration status,datatype_property,orchestration,[],"[""http://www.w3.org/2001/XMLSchema#string""]",[],not declared,xsd:string
http://example.org/smartcity#modelLineageStatus,ex:modelLineageStatus,model lineage status,datatype_property,orchestration,"[""http://example.org/smartcity#AIModel""]","[""http://www.w3.org/2001/XMLSchema#string""]",[],ex:AIModel,xsd:string
http://example.org/smartcity#modelVersion,ex:modelVersion,model version,datatype_property,orchestration,"[""http://example.org/smartcity#AIModel""]","[""http://www.w3.org/2001/XMLSchema#string""]",[],ex:AIModel,xsd:string
http://example.org/smartcity#noiseLevel,ex:noiseLevel,noise level,datatype_property,federation,"[""http://example.org/smartcity#FederatedLearningSession""]","[""http://www.w3.org/2001/XMLSchema#decimal""]",[],ex:FederatedLearningSession,xsd:decimal
http://example.org/smartcity#observedModelQuality,ex:observedModelQuality,observed model quality,datatype_property,orchestration,"[""http://example.org/smartcity#EvaluationState""]","[""http://www.w3.org/2001/XMLSchema#decimal""]",[],ex:EvaluationState,xsd:decimal
http://example.org/smartcity#ontologyDigest,ex:ontologyDigest,ontology digest,datatype_property,deployment,"[""http://example.org/smartcity#SemanticNodeProfile""]","[""http://www.w3.org/2001/XMLSchema#string""]",[],ex:SemanticNodeProfile,xsd:string
http://example.org/smartcity#originatesFromDevice,ex:originatesFromDevice,originates from device,object_property,federation,"[""http://example.org/smartcity#ParametrizedData""]","[""http://example.org/smartcity#MobileDevice""]",[],ex:ParametrizedData,ex:MobileDevice
http://example.org/smartcity#pairwiseValue,ex:pairwiseValue,pairwise comparison value,datatype_property,orchestration,"[""http://example.org/smartcity#PairwiseComparison""]","[""http://www.w3.org/2001/XMLSchema#decimal""]",[],ex:PairwiseComparison,xsd:decimal
http://example.org/smartcity#parametrizedDataReady,ex:parametrizedDataReady,parametrized data ready,datatype_property,observability,"[""http://example.org/smartcity#DeviceState""]","[""http://www.w3.org/2001/XMLSchema#boolean""]",[],ex:DeviceState,xsd:boolean
http://example.org/smartcity#parentDelegation,ex:parentDelegation,parent delegation,object_property,orchestration,"[""http://example.org/smartcity#DelegationEvent""]","[""http://example.org/smartcity#DelegationEvent""]",[],ex:DelegationEvent,ex:DelegationEvent
http://example.org/smartcity#partOfScenario,ex:partOfScenario,part of scenario,object_property,orchestration,[],"[""http://example.org/smartcity#Scenario""]",[],not declared,ex:Scenario
http://example.org/smartcity#plannedExpiry,ex:plannedExpiry,planned expiry,datatype_property,orchestration,"[""http://example.org/smartcity#TemporalEntity""]","[""http://www.w3.org/2001/XMLSchema#dateTime""]",[],ex:TemporalEntity,xsd:dateTime
http://example.org/smartcity#policyArtifactUsed,ex:policyArtifactUsed,policy artifact used,object_property,governance,"[""http://example.org/smartcity#EvaluationState""]","[""http://example.org/smartcity#PolicyArtifact""]",[],ex:EvaluationState,ex:PolicyArtifact
http://example.org/smartcity#policyIdentifier,ex:policyIdentifier,policy identifier,datatype_property,governance,"[""http://example.org/smartcity#Policy""]","[""http://www.w3.org/2001/XMLSchema#string""]",[],ex:Policy,xsd:string
http://example.org/smartcity#policyVersion,ex:policyVersion,policy version,datatype_property,governance,"[""http://example.org/smartcity#Policy""]","[""http://www.w3.org/2001/XMLSchema#string""]",[],ex:Policy,xsd:string
http://example.org/smartcity#predictionConfidence,ex:predictionConfidence,prediction confidence,datatype_property,orchestration,"[""http://example.org/smartcity#EvaluationState""]","[""http://www.w3.org/2001/XMLSchema#decimal""]",[],ex:EvaluationState,xsd:decimal
http://example.org/smartcity#privacyBudgetConsumed,ex:privacyBudgetConsumed,privacy budget consumed,datatype_property,federation,"[""http://example.org/smartcity#PrivacyBudgetAccount""]","[""http://www.w3.org/2001/XMLSchema#decimal""]",[],ex:PrivacyBudgetAccount,xsd:decimal
http://example.org/smartcity#privacyBudgetMaximum,ex:privacyBudgetMaximum,privacy budget maximum,datatype_property,federation,"[""http://example.org/smartcity#PrivacyBudgetAccount""]","[""http://www.w3.org/2001/XMLSchema#decimal""]",[],ex:PrivacyBudgetAccount,xsd:decimal
http://example.org/smartcity#privacyBudgetRemaining,ex:privacyBudgetRemaining,privacy budget remaining,datatype_property,federation,"[""http://example.org/smartcity#PrivacyBudgetAccount""]","[""http://www.w3.org/2001/XMLSchema#decimal""]",[],ex:PrivacyBudgetAccount,xsd:decimal
http://example.org/smartcity#protectsAtRest,ex:protectsAtRest,protects at rest,datatype_property,governance,"[""http://example.org/smartcity#SecurityMechanism""]","[""http://www.w3.org/2001/XMLSchema#boolean""]",[],ex:SecurityMechanism,xsd:boolean
http://example.org/smartcity#protectsInTransit,ex:protectsInTransit,protects in transit,datatype_property,governance,"[""http://example.org/smartcity#SecurityMechanism""]","[""http://www.w3.org/2001/XMLSchema#boolean""]",[],ex:SecurityMechanism,xsd:boolean
http://example.org/smartcity#queryIdentifier,ex:queryIdentifier,query identifier,datatype_property,governance,"[""http://example.org/smartcity#QuerySpecification""]","[""http://www.w3.org/2001/XMLSchema#string""]",[],ex:QuerySpecification,xsd:string
http://example.org/smartcity#queryInterpretation,ex:queryInterpretation,query interpretation,datatype_property,governance,"[""http://example.org/smartcity#QuerySpecification""]","[""http://www.w3.org/2001/XMLSchema#string""]",[],ex:QuerySpecification,xsd:string
http://example.org/smartcity#queryPurpose,ex:queryPurpose,query purpose,datatype_property,governance,"[""http://example.org/smartcity#QuerySpecification""]","[""http://www.w3.org/2001/XMLSchema#string""]",[],ex:QuerySpecification,xsd:string
http://example.org/smartcity#queuedRequests,ex:queuedRequests,queued requests,datatype_property,observability,"[""http://example.org/smartcity#NodeState""]","[""http://www.w3.org/2001/XMLSchema#integer""]",[],ex:NodeState,xsd:integer
http://example.org/smartcity#recommendedMechanism,ex:recommendedMechanism,recommended mechanism,object_property,governance,"[""http://example.org/smartcity#Policy""]","[""http://example.org/smartcity#MechanismSpecification""]",[],ex:Policy,ex:MechanismSpecification
http://example.org/smartcity#relatedRequirement,ex:relatedRequirement,related requirement,object_property,governance,"[""http://example.org/smartcity#Policy""]","[""http://example.org/smartcity#Requirement""]",[],ex:Policy,ex:Requirement
http://example.org/smartcity#relatesNode,ex:relatesNode,relates node,object_property,topology,"[""http://example.org/smartcity#NodeUserRelation""]","[""http://example.org/smartcity#ComputationalNode""]",[],ex:NodeUserRelation,ex:ComputationalNode
http://example.org/smartcity#relatesUser,ex:relatesUser,relates user,object_property,topology,"[""http://example.org/smartcity#NodeUserRelation""]","[""http://example.org/smartcity#User""]",[],ex:NodeUserRelation,ex:User
http://example.org/smartcity#relationCode,ex:relationCode,relation code,datatype_property,governance,"[""http://example.org/smartcity#PolicyRelationType""]","[""http://www.w3.org/2001/XMLSchema#string""]",[],ex:PolicyRelationType,xsd:string
http://example.org/smartcity#relationSourceCategory,ex:relationSourceCategory,relation source category,object_property,governance,"[""http://example.org/smartcity#PolicyCategoryRelation""]","[""http://example.org/smartcity#PolicyCategory""]",[],ex:PolicyCategoryRelation,ex:PolicyCategory
http://example.org/smartcity#relationTargetCategory,ex:relationTargetCategory,relation target category,object_property,governance,"[""http://example.org/smartcity#PolicyCategoryRelation""]","[""http://example.org/smartcity#PolicyCategory""]",[],ex:PolicyCategoryRelation,ex:PolicyCategory
http://example.org/smartcity#replicaOf,ex:replicaOf,replica of,object_property,orchestration,"[""http://example.org/smartcity#DeploymentFragment""]","[""http://example.org/smartcity#DeploymentFragment""]",[],ex:DeploymentFragment,ex:DeploymentFragment
http://example.org/smartcity#replicationSource,ex:replicationSource,replication source,object_property,orchestration,"[""http://example.org/smartcity#ReplicationEvent""]",[],[],ex:ReplicationEvent,not declared
http://example.org/smartcity#replicationTarget,ex:replicationTarget,replication target,object_property,orchestration,"[""http://example.org/smartcity#ReplicationEvent""]",[],[],ex:ReplicationEvent,not declared
http://example.org/smartcity#replicationVersion,ex:replicationVersion,replication version,datatype_property,orchestration,[],"[""http://www.w3.org/2001/XMLSchema#string""]",[],not declared,xsd:string
http://example.org/smartcity#requirementIdentifier,ex:requirementIdentifier,requirement identifier,datatype_property,governance,"[""http://example.org/smartcity#Requirement""]","[""http://www.w3.org/2001/XMLSchema#string""]",[],ex:Requirement,xsd:string
http://example.org/smartcity#requirementStatement,ex:requirementStatement,requirement statement,datatype_property,governance,"[""http://example.org/smartcity#Requirement""]","[""http://www.w3.org/2001/XMLSchema#string""]",[],ex:Requirement,xsd:string
http://example.org/smartcity#requirementsArtifactUsed,ex:requirementsArtifactUsed,requirements artifact used,object_property,governance,"[""http://example.org/smartcity#EvaluationState""]","[""http://example.org/smartcity#RequirementsArtifact""]",[],ex:EvaluationState,ex:RequirementsArtifact
http://example.org/smartcity#requiresConsentRange,ex:requiresConsentRange,requires consent range,object_property,governance,"[""urn:continuum:ontology:3.0.0:node:83""]","[""http://example.org/smartcity#ConsentRange""]",[],(ex:Permission OR ex:Policy OR ex:Service OR ex:ServiceState OR ex:AIModel OR ex:FederatedLearningSession OR ex:EvaluationState),ex:ConsentRange
http://example.org/smartcity#requiresRecalculation,ex:requiresRecalculation,requires recalculation,datatype_property,orchestration,"[""http://example.org/smartcity#EvaluationState""]","[""http://www.w3.org/2001/XMLSchema#boolean""]",[],ex:EvaluationState,xsd:boolean
http://example.org/smartcity#resourceUsagePercent,ex:resourceUsagePercent,resource usage (%),datatype_property,observability,"[""http://example.org/smartcity#NodeState""]","[""http://www.w3.org/2001/XMLSchema#decimal""]",[],ex:NodeState,xsd:decimal
http://example.org/smartcity#resultedInAction,ex:resultedInAction,resulted in action,object_property,orchestration,"[""http://example.org/smartcity#EvaluationState""]","[""http://example.org/smartcity#AdaptationAction""]",[],ex:EvaluationState,ex:AdaptationAction
http://example.org/smartcity#rollbackTarget,ex:rollbackTarget,rollback target,object_property,orchestration,"[""http://example.org/smartcity#RollbackEvent""]","[""http://example.org/smartcity#AIModel""]",[],ex:RollbackEvent,ex:AIModel
http://example.org/smartcity#scenarioIdentifier,ex:scenarioIdentifier,scenario identifier,datatype_property,governance,"[""http://example.org/smartcity#Scenario""]","[""http://www.w3.org/2001/XMLSchema#string""]",[],ex:Scenario,xsd:string
http://example.org/smartcity#scenarioMechanism,ex:scenarioMechanism,scenario mechanism,object_property,governance,"[""http://example.org/smartcity#Scenario""]","[""http://example.org/smartcity#MechanismSpecification""]",[],ex:Scenario,ex:MechanismSpecification
http://example.org/smartcity#scenarioPolicy,ex:scenarioPolicy,scenario policy,object_property,governance,"[""http://example.org/smartcity#Scenario""]","[""http://example.org/smartcity#Policy""]",[],ex:Scenario,ex:Policy
http://example.org/smartcity#securityBaselineVersion,ex:securityBaselineVersion,security baseline version,datatype_property,governance,"[""http://example.org/smartcity#SecurityMechanism""]","[""http://www.w3.org/2001/XMLSchema#string""]",[],ex:SecurityMechanism,xsd:string
http://example.org/smartcity#selectedAlternative,ex:selectedAlternative,selected alternative,object_property,orchestration,"[""http://example.org/smartcity#EvaluationState""]","[""http://example.org/smartcity#DecisionAlternative""]",[],ex:EvaluationState,ex:DecisionAlternative
http://example.org/smartcity#selectedModelTier,ex:selectedModelTier,selected model tier,object_property,orchestration,"[""http://example.org/smartcity#EvaluationState""]","[""http://example.org/smartcity#ModelTier""]",[],ex:EvaluationState,ex:ModelTier
http://example.org/smartcity#sendTimestamp,ex:sendTimestamp,send timestamp,datatype_property,federation,"[""http://example.org/smartcity#ParametrizedData""]","[""http://www.w3.org/2001/XMLSchema#dateTime""]",[],ex:ParametrizedData,xsd:dateTime
http://example.org/smartcity#sentToNode,ex:sentToNode,sent to node,object_property,federation,"[""http://example.org/smartcity#ParametrizedData""]","[""http://example.org/smartcity#ComputationalNode""]",[],ex:ParametrizedData,ex:ComputationalNode
http://example.org/smartcity#sessionTime,ex:sessionTime,session time,datatype_property,federation,"[""http://example.org/smartcity#FederatedLearningSession""]","[""http://www.w3.org/2001/XMLSchema#dateTime""]",[],ex:FederatedLearningSession,xsd:dateTime
http://example.org/smartcity#stateDuration,ex:stateDuration,state duration,datatype_property,observability,"[""http://example.org/smartcity#State""]","[""http://www.w3.org/2001/XMLSchema#duration""]",[],ex:State,xsd:duration
http://example.org/smartcity#strategyCode,ex:strategyCode,strategy code,datatype_property,governance,"[""http://example.org/smartcity#ConflictResolutionStrategy""]","[""http://www.w3.org/2001/XMLSchema#string""]",[],ex:ConflictResolutionStrategy,xsd:string
http://example.org/smartcity#supersedesModel,ex:supersedesModel,supersedes model,object_property,orchestration,"[""http://example.org/smartcity#AIModel""]","[""http://example.org/smartcity#AIModel""]",[],ex:AIModel,ex:AIModel
http://example.org/smartcity#supportsPolicy,ex:supportsPolicy,supports policy,object_property,governance,"[""http://example.org/smartcity#MechanismSpecification""]","[""http://example.org/smartcity#Policy""]",[],ex:MechanismSpecification,ex:Policy
http://example.org/smartcity#tracedToMechanism,ex:tracedToMechanism,traced to mechanism,object_property,governance,"[""http://example.org/smartcity#Requirement""]","[""http://example.org/smartcity#MechanismSpecification""]",[],ex:Requirement,ex:MechanismSpecification
http://example.org/smartcity#tracedToPolicy,ex:tracedToPolicy,traced to policy,object_property,governance,"[""http://example.org/smartcity#Requirement""]","[""http://example.org/smartcity#Policy""]",[],ex:Requirement,ex:Policy
http://example.org/smartcity#transferDestination,ex:transferDestination,transfer destination,object_property,orchestration,"[""http://example.org/smartcity#TransferEvent""]",[],[],ex:TransferEvent,not declared
http://example.org/smartcity#transferSource,ex:transferSource,transfer source,object_property,orchestration,"[""http://example.org/smartcity#TransferEvent""]",[],[],ex:TransferEvent,not declared
http://example.org/smartcity#transfersData,ex:transfersData,transfers data,object_property,federation,"[""http://example.org/smartcity#FederatedLearningSession""]","[""http://example.org/smartcity#ParametrizedData""]",[],ex:FederatedLearningSession,ex:ParametrizedData
http://example.org/smartcity#triggeredByState,ex:triggeredByState,triggered by state,object_property,orchestration,"[""urn:continuum:ontology:3.0.0:node:91""]","[""http://example.org/smartcity#State""]",[],(ex:DelegationEvent OR ex:EvaluationState),ex:State
http://example.org/smartcity#trustAssessmentForState,ex:trustAssessmentForState,trust assessment for state,object_property,observability,"[""http://example.org/smartcity#TrustAssessment""]","[""http://example.org/smartcity#NodeState""]",[],ex:TrustAssessment,ex:NodeState
http://example.org/smartcity#trustRuleVersion,ex:trustRuleVersion,trust rule version,datatype_property,observability,"[""http://example.org/smartcity#TrustAssessment""]","[""http://www.w3.org/2001/XMLSchema#string""]",[],ex:TrustAssessment,xsd:string
http://example.org/smartcity#trustWindowEnd,ex:trustWindowEnd,trust window end,datatype_property,observability,"[""http://example.org/smartcity#TrustAssessment""]","[""http://www.w3.org/2001/XMLSchema#dateTime""]",[],ex:TrustAssessment,xsd:dateTime
http://example.org/smartcity#trustWindowStart,ex:trustWindowStart,trust window start,datatype_property,observability,"[""http://example.org/smartcity#TrustAssessment""]","[""http://www.w3.org/2001/XMLSchema#dateTime""]",[],ex:TrustAssessment,xsd:dateTime
http://example.org/smartcity#updatesModel,ex:updatesModel,updates model,object_property,federation,"[""http://example.org/smartcity#FederatedLearningSession""]","[""http://example.org/smartcity#AIModel""]",[],ex:FederatedLearningSession,ex:AIModel
http://example.org/smartcity#userFeedbackScore,ex:userFeedbackScore,user feedback score,datatype_property,observability,"[""http://example.org/smartcity#UserState""]","[""http://www.w3.org/2001/XMLSchema#integer""]",[],ex:UserState,xsd:integer
http://example.org/smartcity#usesAcceptanceProfile,ex:usesAcceptanceProfile,uses acceptance profile,object_property,governance,"[""http://example.org/smartcity#ValidationCampaign""]","[""http://example.org/smartcity#AcceptanceProfile""]",[],ex:ValidationCampaign,ex:AcceptanceProfile
http://example.org/smartcity#usesEntailmentProfile,ex:usesEntailmentProfile,uses entailment profile,datatype_property,deployment,"[""http://example.org/smartcity#SemanticNodeProfile""]","[""http://www.w3.org/2001/XMLSchema#string""]",[],ex:SemanticNodeProfile,xsd:string
http://example.org/smartcity#usesIdentifier,ex:usesIdentifier,uses identifier,object_property,governance,"[""http://example.org/smartcity#TransferEvent""]","[""http://example.org/smartcity#Identifier""]",[],ex:TransferEvent,ex:Identifier
http://example.org/smartcity#usesModel,ex:usesModel,uses model,object_property,orchestration,"[""http://example.org/smartcity#Service""]","[""http://example.org/smartcity#AIModel""]",[],ex:Service,ex:AIModel
http://example.org/smartcity#usesResolutionStrategy,ex:usesResolutionStrategy,uses resolution strategy,object_property,governance,"[""http://example.org/smartcity#PolicyCategoryRelation""]","[""http://example.org/smartcity#ConflictResolutionStrategy""]",[],ex:PolicyCategoryRelation,ex:ConflictResolutionStrategy
http://example.org/smartcity#usesStandard,ex:usesStandard,uses standard,object_property,governance,"[""http://example.org/smartcity#Artifact""]","[""http://example.org/smartcity#StandardSpecification""]",[],ex:Artifact,ex:StandardSpecification
http://example.org/smartcity#validFrom,ex:validFrom,valid from,datatype_property,observability,"[""http://example.org/smartcity#TemporalEntity""]","[""http://www.w3.org/2001/XMLSchema#dateTime""]",[],ex:TemporalEntity,xsd:dateTime
http://example.org/smartcity#validTo,ex:validTo,valid to,datatype_property,observability,"[""http://example.org/smartcity#TemporalEntity""]","[""http://www.w3.org/2001/XMLSchema#dateTime""]",[],ex:TemporalEntity,xsd:dateTime
http://example.org/smartcity#validationUsesOntology,ex:validationUsesOntology,validation uses ontology,object_property,governance,"[""http://example.org/smartcity#ValidationCampaign""]","[""http://example.org/smartcity#OntologyArtifact""]",[],ex:ValidationCampaign,ex:OntologyArtifact
http://example.org/smartcity#validationUsesPolicies,ex:validationUsesPolicies,validation uses policies,object_property,governance,"[""http://example.org/smartcity#ValidationCampaign""]","[""http://example.org/smartcity#PolicyArtifact""]",[],ex:ValidationCampaign,ex:PolicyArtifact
http://example.org/smartcity#validationUsesQueries,ex:validationUsesQueries,validation uses queries,object_property,governance,"[""http://example.org/smartcity#ValidationCampaign""]","[""http://example.org/smartcity#QueryCatalog""]",[],ex:ValidationCampaign,ex:QueryCatalog
http://example.org/smartcity#validationUsesScenarios,ex:validationUsesScenarios,validation uses scenarios,object_property,governance,"[""http://example.org/smartcity#ValidationCampaign""]","[""http://example.org/smartcity#ScenarioArtifact""]",[],ex:ValidationCampaign,ex:ScenarioArtifact
http://purl.org/dc/terms/identifier,dcterms:identifier,identifier,annotation_property,standards,[],[],[],not declared,not declared
http://purl.org/dc/terms/language,dcterms:language,language,annotation_property,standards,[],[],[],not declared,not declared
http://purl.org/dc/terms/modified,dcterms:modified,modified,annotation_property,standards,[],[],[],not declared,not declared
http://purl.org/dc/terms/replaces,dcterms:replaces,replaces,annotation_property,standards,[],[],[],not declared,not declared
http://www.opengis.net/ont/geosparql#hasGeometry,geo:hasGeometry,has geometry,object_property,standards,[],[],[],not declared,not declared
http://www.w3.org/ns/shacl#class,sh:class,class,annotation_property,standards,[],[],[],not declared,not declared
http://www.w3.org/ns/shacl#datatype,sh:datatype,datatype,annotation_property,standards,[],[],[],not declared,not declared
http://www.w3.org/ns/shacl#maxCount,sh:maxCount,max count,annotation_property,standards,[],[],[],not declared,not declared
http://www.w3.org/ns/shacl#message,sh:message,message,annotation_property,standards,[],[],[],not declared,not declared
http://www.w3.org/ns/shacl#minCount,sh:minCount,min count,annotation_property,standards,[],[],[],not declared,not declared
http://www.w3.org/ns/shacl#or,sh:or,or,annotation_property,standards,[],[],[],not declared,not declared
http://www.w3.org/ns/shacl#path,sh:path,path,annotation_property,standards,[],[],[],not declared,not declared
http://www.w3.org/ns/shacl#property,sh:property,property,annotation_property,standards,[],[],[],not declared,not declared
http://www.w3.org/ns/shacl#severity,sh:severity,severity,annotation_property,standards,[],[],[],not declared,not declared
http://www.w3.org/ns/shacl#targetClass,sh:targetClass,target class,annotation_property,standards,[],[],[],not declared,not declared
http://www.w3.org/ns/sosa/hasFeatureOfInterest,sosa:hasFeatureOfInterest,has feature of interest,object_property,standards,[],[],[],not declared,not declared
http://www.w3.org/ns/sosa/hasSimpleResult,sosa:hasSimpleResult,has simple result,datatype_property,standards,[],[],[],not declared,not declared
http://www.w3.org/ns/sosa/isHostedBy,sosa:isHostedBy,is hosted by,object_property,standards,[],[],[],not declared,not declared
http://www.w3.org/ns/sosa/madeBySensor,sosa:madeBySensor,made by sensor,object_property,standards,[],[],[],not declared,not declared
http://www.w3.org/ns/sosa/observedProperty,sosa:observedProperty,observed property,object_property,standards,[],[],[],not declared,not declared
http://www.w3.org/ns/sosa/resultTime,sosa:resultTime,result time,datatype_property,standards,[],[],[],not declared,not declared
http://xmlns.com/foaf/0.1/name,foaf:name,name,datatype_property,standards,[],[],[],not declared,not declared
