source,target,kind,predicate,index
http://example.org/smartcity#AHP_consistency_threshold,http://example.org/smartcity#AcceptanceProfile,domain,http://www.w3.org/2000/01/rdf-schema#domain,-1
http://example.org/smartcity#AHP_consistency_threshold,http://www.w3.org/2001/XMLSchema#decimal,range,http://www.w3.org/2000/01/rdf-schema#range,-1
http://example.org/smartcity#AccelerometerSensor,http://example.org/smartcity#PhysiologicalSensor,subclass,http://www.w3.org/2000/01/rdf-schema#subClassOf,-1
http://example.org/smartcity#AcceptanceProfile,http://example.org/smartcity#Artifact,subclass,http://www.w3.org/2000/01/rdf-schema#subClassOf,-1
http://example.org/smartcity#AdaptationAction,http://example.org/smartcity#TemporalEntity,subclass,http://www.w3.org/2000/01/rdf-schema#subClassOf,-1
http://example.org/smartcity#AnonymousIdentifier,http://example.org/smartcity#Identifier,subclass,http://www.w3.org/2000/01/rdf-schema#subClassOf,-1
http://example.org/smartcity#AuthorizationDecision,http://example.org/smartcity#TemporalEntity,subclass,http://www.w3.org/2000/01/rdf-schema#subClassOf,-1
http://example.org/smartcity#BufferRecord,http://example.org/smartcity#TemporalEntity,subclass,http://www.w3.org/2000/01/rdf-schema#subClassOf,-1
http://example.org/smartcity#CityArea,http://example.org/smartcity#UrbanEnvironment,subclass,http://www.w3.org/2000/01/rdf-schema#subClassOf,-1
http://example.org/smartcity#CloudNode,http://example.org/smartcity#ComputationalNode,subclass,http://www.w3.org/2000/01/rdf-schema#subClassOf,-1
http://example.org/smartcity#ComputationalNode,https://saref.etsi.org/core/Device,subclass,http://www.w3.org/2000/01/rdf-schema#subClassOf,-1
http://example.org/smartcity#ConsentRecord,http://example.org/smartcity#TemporalEntity,subclass,http://www.w3.org/2000/01/rdf-schema#subClassOf,-1
http://example.org/smartcity#D_delegation_max,http://example.org/smartcity#AcceptanceProfile,domain,http://www.w3.org/2000/01/rdf-schema#domain,-1
http://example.org/smartcity#D_delegation_max,http://www.w3.org/2001/XMLSchema#integer,range,http://www.w3.org/2000/01/rdf-schema#range,-1
http://example.org/smartcity#DataContext,http://example.org/smartcity#TemporalEntity,subclass,http://www.w3.org/2000/01/rdf-schema#subClassOf,-1
http://example.org/smartcity#DegradationEvent,http://example.org/smartcity#AdaptationAction,subclass,http://www.w3.org/2000/01/rdf-schema#subClassOf,-1
http://example.org/smartcity#DelegationEvent,http://example.org/smartcity#AdaptationAction,subclass,http://www.w3.org/2000/01/rdf-schema#subClassOf,-1
http://example.org/smartcity#DelegationEvent,http://example.org/smartcity#TemporalEntity,subclass,http://www.w3.org/2000/01/rdf-schema#subClassOf,-1
http://example.org/smartcity#DeviceState,http://example.org/smartcity#State,subclass,http://www.w3.org/2000/01/rdf-schema#subClassOf,-1
http://example.org/smartcity#DifferentialPrivacyMechanism,http://example.org/smartcity#PrivacyMechanism,subclass,http://www.w3.org/2000/01/rdf-schema#subClassOf,-1
http://example.org/smartcity#DirectIdentifier,http://example.org/smartcity#Identifier,subclass,http://www.w3.org/2000/01/rdf-schema#subClassOf,-1
http://example.org/smartcity#EDASensor,http://example.org/smartcity#PhysiologicalSensor,subclass,http://www.w3.org/2000/01/rdf-schema#subClassOf,-1
http://example.org/smartcity#E_device_max,http://example.org/smartcity#AcceptanceProfile,domain,http://www.w3.org/2000/01/rdf-schema#domain,-1
http://example.org/smartcity#E_device_max,http://www.w3.org/2001/XMLSchema#decimal,range,http://www.w3.org/2000/01/rdf-schema#range,-1
http://example.org/smartcity#EdgeNode,http://example.org/smartcity#ComputationalNode,subclass,http://www.w3.org/2000/01/rdf-schema#subClassOf,-1
http://example.org/smartcity#EncryptionMechanism,http://example.org/smartcity#SecurityMechanism,subclass,http://www.w3.org/2000/01/rdf-schema#subClassOf,-1
http://example.org/smartcity#EvaluationState,http://example.org/smartcity#State,subclass,http://www.w3.org/2000/01/rdf-schema#subClassOf,-1
http://example.org/smartcity#FogNode,http://example.org/smartcity#ComputationalNode,subclass,http://www.w3.org/2000/01/rdf-schema#subClassOf,-1
http://example.org/smartcity#FunctionalRequirement,http://example.org/smartcity#Requirement,subclass,http://www.w3.org/2000/01/rdf-schema#subClassOf,-1
http://example.org/smartcity#HeartRateSensor,http://example.org/smartcity#PhysiologicalSensor,subclass,http://www.w3.org/2000/01/rdf-schema#subClassOf,-1
http://example.org/smartcity#MigrationEvent,http://example.org/smartcity#AdaptationAction,subclass,http://www.w3.org/2000/01/rdf-schema#subClassOf,-1
http://example.org/smartcity#MistNode,http://example.org/smartcity#ComputationalNode,subclass,http://www.w3.org/2000/01/rdf-schema#subClassOf,-1
http://example.org/smartcity#MobileDevice,http://example.org/smartcity#MistNode,subclass,http://www.w3.org/2000/01/rdf-schema#subClassOf,-1
http://example.org/smartcity#ModelGradientUpdate,http://example.org/smartcity#ParametrizedData,subclass,http://www.w3.org/2000/01/rdf-schema#subClassOf,-1
http://example.org/smartcity#ModelSelectionAction,http://example.org/smartcity#AdaptationAction,subclass,http://www.w3.org/2000/01/rdf-schema#subClassOf,-1
http://example.org/smartcity#N_agents,http://example.org/smartcity#AcceptanceProfile,domain,http://www.w3.org/2000/01/rdf-schema#domain,-1
http://example.org/smartcity#N_agents,http://www.w3.org/2001/XMLSchema#integer,range,http://www.w3.org/2000/01/rdf-schema#range,-1
http://example.org/smartcity#NodeState,http://example.org/smartcity#State,subclass,http://www.w3.org/2000/01/rdf-schema#subClassOf,-1
http://example.org/smartcity#NodeUserRelation,http://example.org/smartcity#TemporalEntity,subclass,http://www.w3.org/2000/01/rdf-schema#subClassOf,-1
http://example.org/smartcity#NonFunctionalRequirement,http://example.org/smartcity#Requirement,subclass,http://www.w3.org/2000/01/rdf-schema#subClassOf,-1
http://example.org/smartcity#NonUser,http://xmlns.com/foaf/0.1/Person,subclass,http://www.w3.org/2000/01/rdf-schema#subClassOf,-1
http://example.org/smartcity#OffloadingEvent,http://example.org/smartcity#AdaptationAction,subclass,http://www.w3.org/2000/01/rdf-schema#subClassOf,-1
http://example.org/smartcity#OntologyArtifact,http://example.org/smartcity#Artifact,subclass,http://www.w3.org/2000/01/rdf-schema#subClassOf,-1
http://example.org/smartcity#PhysiologicalObservation,http://www.w3.org/ns/sosa/Observation,subclass,http://www.w3.org/2000/01/rdf-schema#subClassOf,-1
http://example.org/smartcity#PhysiologicalParametrizedData,http://example.org/smartcity#ParametrizedData,subclass,http://www.w3.org/2000/01/rdf-schema#subClassOf,-1
http://example.org/smartcity#PhysiologicalSensor,http://www.w3.org/ns/sosa/Sensor,subclass,http://www.w3.org/2000/01/rdf-schema#subClassOf,-1
http://example.org/smartcity#PolicyArtifact,http://example.org/smartcity#Artifact,subclass,http://www.w3.org/2000/01/rdf-schema#subClassOf,-1
http://example.org/smartcity#PseudonymousIdentifier,http://example.org/smartcity#Identifier,subclass,http://www.w3.org/2000/01/rdf-schema#subClassOf,-1
http://example.org/smartcity#QueryCatalog,http://example.org/smartcity#Artifact,subclass,http://www.w3.org/2000/01/rdf-schema#subClassOf,-1
http://example.org/smartcity#ReplicationEvent,http://example.org/smartcity#TemporalEntity,subclass,http://www.w3.org/2000/01/rdf-schema#subClassOf,-1
http://example.org/smartcity#RequirementsArtifact,http://example.org/smartcity#Artifact,subclass,http://www.w3.org/2000/01/rdf-schema#subClassOf,-1
http://example.org/smartcity#RestrictedZone,http://example.org/smartcity#CityArea,subclass,http://www.w3.org/2000/01/rdf-schema#subClassOf,-1
http://example.org/smartcity#RetentionEvent,http://example.org/smartcity#AdaptationAction,subclass,http://www.w3.org/2000/01/rdf-schema#subClassOf,-1
http://example.org/smartcity#RollbackEvent,http://example.org/smartcity#AdaptationAction,subclass,http://www.w3.org/2000/01/rdf-schema#subClassOf,-1
http://example.org/smartcity#RuralZone,http://example.org/smartcity#CityArea,subclass,http://www.w3.org/2000/01/rdf-schema#subClassOf,-1
http://example.org/smartcity#ScalingEvent,http://example.org/smartcity#AdaptationAction,subclass,http://www.w3.org/2000/01/rdf-schema#subClassOf,-1
http://example.org/smartcity#ScenarioArtifact,http://example.org/smartcity#Artifact,subclass,http://www.w3.org/2000/01/rdf-schema#subClassOf,-1
http://example.org/smartcity#SemanticContract,http://example.org/smartcity#TemporalEntity,subclass,http://www.w3.org/2000/01/rdf-schema#subClassOf,-1
http://example.org/smartcity#ServiceState,http://example.org/smartcity#State,subclass,http://www.w3.org/2000/01/rdf-schema#subClassOf,-1
http://example.org/smartcity#SleepObservation,http://www.w3.org/ns/sosa/Observation,subclass,http://www.w3.org/2000/01/rdf-schema#subClassOf,-1
http://example.org/smartcity#SleepParametrizedData,http://example.org/smartcity#ParametrizedData,subclass,http://www.w3.org/2000/01/rdf-schema#subClassOf,-1
http://example.org/smartcity#SleepSensor,http://example.org/smartcity#PhysiologicalSensor,subclass,http://www.w3.org/2000/01/rdf-schema#subClassOf,-1
http://example.org/smartcity#SmartBand,http://example.org/smartcity#Wearable,subclass,http://www.w3.org/2000/01/rdf-schema#subClassOf,-1
http://example.org/smartcity#SmartRing,http://example.org/smartcity#Wearable,subclass,http://www.w3.org/2000/01/rdf-schema#subClassOf,-1
http://example.org/smartcity#SmartWatch,http://example.org/smartcity#Wearable,subclass,http://www.w3.org/2000/01/rdf-schema#subClassOf,-1
http://example.org/smartcity#SpO2Sensor,http://example.org/smartcity#PhysiologicalSensor,subclass,http://www.w3.org/2000/01/rdf-schema#subClassOf,-1
http://example.org/smartcity#State,http://example.org/smartcity#TemporalEntity,subclass,http://www.w3.org/2000/01/rdf-schema#subClassOf,-1
http://example.org/smartcity#StressObservation,http://www.w3.org/ns/sosa/Observation,subclass,http://www.w3.org/2000/01/rdf-schema#subClassOf,-1
http://example.org/smartcity#SynchronizationEvent,http://example.org/smartcity#AdaptationAction,subclass,http://www.w3.org/2000/01/rdf-schema#subClassOf,-1
http://example.org/smartcity#T_decision_max,http://example.org/smartcity#AcceptanceProfile,domain,http://www.w3.org/2000/01/rdf-schema#domain,-1
http://example.org/smartcity#T_decision_max,http://www.w3.org/2001/XMLSchema#decimal,range,http://www.w3.org/2000/01/rdf-schema#range,-1
http://example.org/smartcity#T_inference_local,http://example.org/smartcity#AcceptanceProfile,domain,http://www.w3.org/2000/01/rdf-schema#domain,-1
http://example.org/smartcity#T_inference_local,http://www.w3.org/2001/XMLSchema#decimal,range,http://www.w3.org/2000/01/rdf-schema#range,-1
http://example.org/smartcity#T_migration_max,http://example.org/smartcity#AcceptanceProfile,domain,http://www.w3.org/2000/01/rdf-schema#domain,-1
http://example.org/smartcity#T_migration_max,http://www.w3.org/2001/XMLSchema#decimal,range,http://www.w3.org/2000/01/rdf-schema#range,-1
http://example.org/smartcity#T_node_join,http://example.org/smartcity#AcceptanceProfile,domain,http://www.w3.org/2000/01/rdf-schema#domain,-1
http://example.org/smartcity#T_node_join,http://www.w3.org/2001/XMLSchema#decimal,range,http://www.w3.org/2000/01/rdf-schema#range,-1
http://example.org/smartcity#T_reselection_max,http://example.org/smartcity#AcceptanceProfile,domain,http://www.w3.org/2000/01/rdf-schema#domain,-1
http://example.org/smartcity#T_reselection_max,http://www.w3.org/2001/XMLSchema#decimal,range,http://www.w3.org/2000/01/rdf-schema#range,-1
http://example.org/smartcity#T_sparql_monitor,http://example.org/smartcity#AcceptanceProfile,domain,http://www.w3.org/2000/01/rdf-schema#domain,-1
http://example.org/smartcity#T_sparql_monitor,http://www.w3.org/2001/XMLSchema#decimal,range,http://www.w3.org/2000/01/rdf-schema#range,-1
http://example.org/smartcity#TemperatureSensor,http://example.org/smartcity#PhysiologicalSensor,subclass,http://www.w3.org/2000/01/rdf-schema#subClassOf,-1
http://example.org/smartcity#TransferEvent,http://example.org/smartcity#TemporalEntity,subclass,http://www.w3.org/2000/01/rdf-schema#subClassOf,-1
http://example.org/smartcity#TrustAssessment,http://example.org/smartcity#TemporalEntity,subclass,http://www.w3.org/2000/01/rdf-schema#subClassOf,-1
http://example.org/smartcity#UrbanZone,http://example.org/smartcity#CityArea,subclass,http://www.w3.org/2000/01/rdf-schema#subClassOf,-1
http://example.org/smartcity#User,http://xmlns.com/foaf/0.1/Person,subclass,http://www.w3.org/2000/01/rdf-schema#subClassOf,-1
http://example.org/smartcity#UserState,http://example.org/smartcity#State,subclass,http://www.w3.org/2000/01/rdf-schema#subClassOf,-1
http://example.org/smartcity#ValidationCampaign,http://example.org/smartcity#Artifact,subclass,http://www.w3.org/2000/01/rdf-schema#subClassOf,-1
http://example.org/smartcity#ValidationRequirement,http://example.org/smartcity#Requirement,subclass,http://www.w3.org/2000/01/rdf-schema#subClassOf,-1
http://example.org/smartcity#Wearable,https://saref.etsi.org/core/Device,subclass,http://www.w3.org/2000/01/rdf-schema#subClassOf,-1
http://example.org/smartcity#actionOriginNode,http://example.org/smartcity#AdaptationAction,domain,http://www.w3.org/2000/01/rdf-schema#domain,-1
http://example.org/smartcity#actionOriginNode,http://example.org/smartcity#ComputationalNode,range,http://www.w3.org/2000/01/rdf-schema#range,-1
http://example.org/smartcity#actionTargetNode,http://example.org/smartcity#AdaptationAction,domain,http://www.w3.org/2000/01/rdf-schema#domain,-1
http://example.org/smartcity#actionTargetNode,http://example.org/smartcity#ComputationalNode,range,http://www.w3.org/2000/01/rdf-schema#range,-1
http://example.org/smartcity#affectsModel,http://example.org/smartcity#AdaptationAction,domain,http://www.w3.org/2000/01/rdf-schema#domain,-1
http://example.org/smartcity#affectsModel,http://example.org/smartcity#AIModel,range,http://www.w3.org/2000/01/rdf-schema#range,-1
http://example.org/smartcity#affectsService,http://example.org/smartcity#AdaptationAction,domain,http://www.w3.org/2000/01/rdf-schema#domain,-1
http://example.org/smartcity#affectsService,http://example.org/smartcity#Service,range,http://www.w3.org/2000/01/rdf-schema#range,-1
http://example.org/smartcity#aggregatesData,http://example.org/smartcity#ComputationalNode,domain,http://www.w3.org/2000/01/rdf-schema#domain,-1
http://example.org/smartcity#aggregatesData,http://example.org/smartcity#ParametrizedData,range,http://www.w3.org/2000/01/rdf-schema#range,-1
http://example.org/smartcity#alternativeModelTier,http://example.org/smartcity#DecisionAlternative,domain,http://www.w3.org/2000/01/rdf-schema#domain,-1
http://example.org/smartcity#alternativeModelTier,http://example.org/smartcity#ModelTier,range,http://www.w3.org/2000/01/rdf-schema#range,-1
http://example.org/smartcity#appliedMechanism,http://example.org/smartcity#EvaluationState,domain,http://www.w3.org/2000/01/rdf-schema#domain,-1
http://example.org/smartcity#appliedMechanism,http://example.org/smartcity#MechanismSpecification,range,http://www.w3.org/2000/01/rdf-schema#range,-1
http://example.org/smartcity#appliedPolicy,http://example.org/smartcity#EvaluationState,domain,http://www.w3.org/2000/01/rdf-schema#domain,-1
http://example.org/smartcity#appliedPolicy,http://example.org/smartcity#Policy,range,http://www.w3.org/2000/01/rdf-schema#range,-1
http://example.org/smartcity#appliedSecurityMechanism,http://example.org/smartcity#SecurityMechanism,range,http://www.w3.org/2000/01/rdf-schema#range,-1
http://example.org/smartcity#appliesInZone,http://example.org/smartcity#Policy,domain,http://www.w3.org/2000/01/rdf-schema#domain,-1
http://example.org/smartcity#appliesInZone,http://example.org/smartcity#CityArea,range,http://www.w3.org/2000/01/rdf-schema#range,-1
http://example.org/smartcity#appliesPolicy,http://example.org/smartcity#EvaluationState,domain,http://www.w3.org/2000/01/rdf-schema#domain,-1
http://example.org/smartcity#appliesPolicy,http://example.org/smartcity#Policy,range,http://www.w3.org/2000/01/rdf-schema#range,-1
http://example.org/smartcity#appliesTo,http://example.org/smartcity#Permission,domain,http://www.w3.org/2000/01/rdf-schema#domain,-1
http://example.org/smartcity#appliesToZoneType,http://example.org/smartcity#Policy,domain,http://www.w3.org/2000/01/rdf-schema#domain,-1
http://example.org/smartcity#appliesToZoneType,http://example.org/smartcity#ZoneType,range,http://www.w3.org/2000/01/rdf-schema#range,-1
http://example.org/smartcity#artifactIdentifier,http://example.org/smartcity#Artifact,domain,http://www.w3.org/2000/01/rdf-schema#domain,-1
http://example.org/smartcity#artifactIdentifier,http://www.w3.org/2001/XMLSchema#string,range,http://www.w3.org/2000/01/rdf-schema#range,-1
http://example.org/smartcity#artifactStatus,http://example.org/smartcity#Artifact,domain,http://www.w3.org/2000/01/rdf-schema#domain,-1
http://example.org/smartcity#artifactStatus,http://www.w3.org/2001/XMLSchema#string,range,http://www.w3.org/2000/01/rdf-schema#range,-1
http://example.org/smartcity#artifactVersion,http://example.org/smartcity#Artifact,domain,http://www.w3.org/2000/01/rdf-schema#domain,-1
http://example.org/smartcity#artifactVersion,http://www.w3.org/2001/XMLSchema#string,range,http://www.w3.org/2000/01/rdf-schema#range,-1
http://example.org/smartcity#auditsContract,http://example.org/smartcity#EvaluationState,domain,http://www.w3.org/2000/01/rdf-schema#domain,-1
http://example.org/smartcity#auditsContract,http://example.org/smartcity#SemanticContract,range,http://www.w3.org/2000/01/rdf-schema#range,-1
http://example.org/smartcity#authoritativeFor,http://example.org/smartcity#DeploymentFragment,domain,http://www.w3.org/2000/01/rdf-schema#domain,-1
http://example.org/smartcity#authoritativeFor,http://example.org/smartcity#AuthorityScope,range,http://www.w3.org/2000/01/rdf-schema#range,-1
http://example.org/smartcity#authorizationReason,http://example.org/smartcity#AuthorizationDecision,domain,http://www.w3.org/2000/01/rdf-schema#domain,-1
http://example.org/smartcity#authorizationReason,http://www.w3.org/2001/XMLSchema#string,range,http://www.w3.org/2000/01/rdf-schema#range,-1
http://example.org/smartcity#authorizedByEvaluation,http://example.org/smartcity#AdaptationAction,domain,http://www.w3.org/2000/01/rdf-schema#domain,-1
http://example.org/smartcity#authorizedByEvaluation,http://example.org/smartcity#EvaluationState,range,http://www.w3.org/2000/01/rdf-schema#range,-1
http://example.org/smartcity#basedOnConsentRecord,http://example.org/smartcity#AuthorizationDecision,domain,http://www.w3.org/2000/01/rdf-schema#domain,-1
http://example.org/smartcity#basedOnConsentRecord,http://example.org/smartcity#ConsentRecord,range,http://www.w3.org/2000/01/rdf-schema#range,-1
http://example.org/smartcity#basedOnContract,http://example.org/smartcity#AuthorizationDecision,domain,http://www.w3.org/2000/01/rdf-schema#domain,-1
http://example.org/smartcity#basedOnContract,http://example.org/smartcity#SemanticContract,range,http://www.w3.org/2000/01/rdf-schema#range,-1
http://example.org/smartcity#basedOnZone,http://example.org/smartcity#AuthorizationDecision,domain,http://www.w3.org/2000/01/rdf-schema#domain,-1
http://example.org/smartcity#basedOnZone,http://example.org/smartcity#CityArea,range,http://www.w3.org/2000/01/rdf-schema#range,-1
http://example.org/smartcity#belongsToCommunity,http://example.org/smartcity#User,domain,http://www.w3.org/2000/01/rdf-schema#domain,-1
http://example.org/smartcity#belongsToCommunity,http://example.org/smartcity#Community,range,http://www.w3.org/2000/01/rdf-schema#range,-1
http://example.org/smartcity#belongsToPolicyCategory,http://example.org/smartcity#Policy,domain,http://www.w3.org/2000/01/rdf-schema#domain,-1
http://example.org/smartcity#belongsToPolicyCategory,http://example.org/smartcity#PolicyCategory,range,http://www.w3.org/2000/01/rdf-schema#range,-1
http://example.org/smartcity#belongsToQueryCatalog,http://example.org/smartcity#QuerySpecification,domain,http://www.w3.org/2000/01/rdf-schema#domain,-1
http://example.org/smartcity#belongsToQueryCatalog,http://example.org/smartcity#QueryCatalog,range,http://www.w3.org/2000/01/rdf-schema#range,-1
http://example.org/smartcity#budgetForContract,http://example.org/smartcity#PrivacyBudgetAccount,domain,http://www.w3.org/2000/01/rdf-schema#domain,-1
http://example.org/smartcity#budgetForContract,http://example.org/smartcity#SemanticContract,range,http://www.w3.org/2000/01/rdf-schema#range,-1
http://example.org/smartcity#budgetForPurpose,http://example.org/smartcity#PrivacyBudgetAccount,domain,http://www.w3.org/2000/01/rdf-schema#domain,-1
http://example.org/smartcity#budgetForPurpose,http://example.org/smartcity#ProcessingPurpose,range,http://www.w3.org/2000/01/rdf-schema#range,-1
http://example.org/smartcity#carriesData,http://example.org/smartcity#TransferEvent,domain,http://www.w3.org/2000/01/rdf-schema#domain,-1
http://example.org/smartcity#categoryCode,http://example.org/smartcity#PolicyCategory,domain,http://www.w3.org/2000/01/rdf-schema#domain,-1
http://example.org/smartcity#categoryCode,http://www.w3.org/2001/XMLSchema#string,range,http://www.w3.org/2000/01/rdf-schema#range,-1
http://example.org/smartcity#conditionExpression,http://example.org/smartcity#RecoveryCondition,domain,http://www.w3.org/2000/01/rdf-schema#domain,-1
http://example.org/smartcity#conditionExpression,http://www.w3.org/2001/XMLSchema#string,range,http://www.w3.org/2000/01/rdf-schema#range,-1
http://example.org/smartcity#configurationStatus,http://www.w3.org/2001/XMLSchema#string,range,http://www.w3.org/2000/01/rdf-schema#range,-1
http://example.org/smartcity#connectsTo,https://saref.etsi.org/core/Device,domain,http://www.w3.org/2000/01/rdf-schema#domain,-1
http://example.org/smartcity#connectsTo,http://example.org/smartcity#ComputationalNode,range,http://www.w3.org/2000/01/rdf-schema#range,-1
http://example.org/smartcity#consentSubject,http://example.org/smartcity#ConsentRecord,domain,http://www.w3.org/2000/01/rdf-schema#domain,-1
http://example.org/smartcity#consentSubject,http://example.org/smartcity#User,range,http://www.w3.org/2000/01/rdf-schema#range,-1
http://example.org/smartcity#containsIndividualizedGradients,http://example.org/smartcity#FederatedLearningSession,domain,http://www.w3.org/2000/01/rdf-schema#domain,-1
http://example.org/smartcity#containsIndividualizedGradients,http://www.w3.org/2001/XMLSchema#boolean,range,http://www.w3.org/2000/01/rdf-schema#range,-1
http://example.org/smartcity#containsPersistentIdentifier,http://example.org/smartcity#FederatedLearningSession,domain,http://www.w3.org/2000/01/rdf-schema#domain,-1
http://example.org/smartcity#containsPersistentIdentifier,http://www.w3.org/2001/XMLSchema#boolean,range,http://www.w3.org/2000/01/rdf-schema#range,-1
http://example.org/smartcity#containsPersonalData,http://example.org/smartcity#FederatedLearningSession,domain,http://www.w3.org/2000/01/rdf-schema#domain,-1
http://example.org/smartcity#containsPersonalData,http://www.w3.org/2001/XMLSchema#boolean,range,http://www.w3.org/2000/01/rdf-schema#range,-1
http://example.org/smartcity#contextDeviceState,http://example.org/smartcity#DataContext,domain,http://www.w3.org/2000/01/rdf-schema#domain,-1
http://example.org/smartcity#contextDeviceState,http://example.org/smartcity#DeviceState,range,http://www.w3.org/2000/01/rdf-schema#range,-1
http://example.org/smartcity#contextNodeState,http://example.org/smartcity#DataContext,domain,http://www.w3.org/2000/01/rdf-schema#domain,-1
http://example.org/smartcity#contextNodeState,http://example.org/smartcity#NodeState,range,http://www.w3.org/2000/01/rdf-schema#range,-1
http://example.org/smartcity#contextProcessingLevel,http://example.org/smartcity#DataContext,domain,http://www.w3.org/2000/01/rdf-schema#domain,-1
http://example.org/smartcity#contextProcessingLevel,http://example.org/smartcity#ProcessingLevel,range,http://www.w3.org/2000/01/rdf-schema#range,-1
http://example.org/smartcity#contextPurpose,http://example.org/smartcity#DataContext,domain,http://www.w3.org/2000/01/rdf-schema#domain,-1
http://example.org/smartcity#contextPurpose,http://example.org/smartcity#ProcessingPurpose,range,http://www.w3.org/2000/01/rdf-schema#range,-1
http://example.org/smartcity#contextZone,http://example.org/smartcity#DataContext,domain,http://www.w3.org/2000/01/rdf-schema#domain,-1
http://example.org/smartcity#contextZone,http://example.org/smartcity#CityArea,range,http://www.w3.org/2000/01/rdf-schema#range,-1
http://example.org/smartcity#continuumLevel,http://example.org/smartcity#ModelTier,domain,http://www.w3.org/2000/01/rdf-schema#domain,-1
http://example.org/smartcity#continuumLevel,http://www.w3.org/2001/XMLSchema#integer,range,http://www.w3.org/2000/01/rdf-schema#range,-1
http://example.org/smartcity#contractSubject,http://example.org/smartcity#SemanticContract,domain,http://www.w3.org/2000/01/rdf-schema#domain,-1
http://example.org/smartcity#contractSubject,http://example.org/smartcity#User,range,http://www.w3.org/2000/01/rdf-schema#range,-1
http://example.org/smartcity#coversArea,http://example.org/smartcity#ComputationalNode,domain,http://www.w3.org/2000/01/rdf-schema#domain,-1
http://example.org/smartcity#coversArea,http://example.org/smartcity#CityArea,range,http://www.w3.org/2000/01/rdf-schema#range,-1
http://example.org/smartcity#criterionA,http://example.org/smartcity#PairwiseComparison,domain,http://www.w3.org/2000/01/rdf-schema#domain,-1
http://example.org/smartcity#criterionB,http://example.org/smartcity#PairwiseComparison,domain,http://www.w3.org/2000/01/rdf-schema#domain,-1
http://example.org/smartcity#definedInArtifact,http://example.org/smartcity#Artifact,range,http://www.w3.org/2000/01/rdf-schema#range,-1
http://example.org/smartcity#delegatedBy,http://example.org/smartcity#DelegationEvent,domain,http://www.w3.org/2000/01/rdf-schema#domain,-1
http://example.org/smartcity#delegatedBy,http://example.org/smartcity#ComputationalNode,range,http://www.w3.org/2000/01/rdf-schema#range,-1
http://example.org/smartcity#delegatesTo,urn:continuum:ontology:3.0.0:node:94,domain,http://www.w3.org/2000/01/rdf-schema#domain,-1
http://example.org/smartcity#delegatesTo,http://example.org/smartcity#ComputationalNode,range,http://www.w3.org/2000/01/rdf-schema#range,-1
http://example.org/smartcity#delegationDepth,http://example.org/smartcity#DelegationEvent,domain,http://www.w3.org/2000/01/rdf-schema#domain,-1
http://example.org/smartcity#delegationDepth,http://www.w3.org/2001/XMLSchema#integer,range,http://www.w3.org/2000/01/rdf-schema#range,-1
http://example.org/smartcity#derivedFrom,http://example.org/smartcity#State,domain,http://www.w3.org/2000/01/rdf-schema#domain,-1
http://example.org/smartcity#derivedFrom,http://www.w3.org/ns/sosa/Observation,range,http://www.w3.org/2000/01/rdf-schema#range,-1
http://example.org/smartcity#eligibilityReason,http://example.org/smartcity#DecisionAlternative,domain,http://www.w3.org/2000/01/rdf-schema#domain,-1
http://example.org/smartcity#eligibilityReason,http://www.w3.org/2001/XMLSchema#string,range,http://www.w3.org/2000/01/rdf-schema#range,-1
http://example.org/smartcity#estimatedPredictionError,http://example.org/smartcity#EvaluationState,domain,http://www.w3.org/2000/01/rdf-schema#domain,-1
http://example.org/smartcity#estimatedPredictionError,http://www.w3.org/2001/XMLSchema#decimal,range,http://www.w3.org/2000/01/rdf-schema#range,-1
http://example.org/smartcity#evaluatesNode,http://example.org/smartcity#EvaluationState,domain,http://www.w3.org/2000/01/rdf-schema#domain,-1
http://example.org/smartcity#evaluatesNode,http://example.org/smartcity#ComputationalNode,range,http://www.w3.org/2000/01/rdf-schema#range,-1
http://example.org/smartcity#evaluatesService,http://example.org/smartcity#EvaluationState,domain,http://www.w3.org/2000/01/rdf-schema#domain,-1
http://example.org/smartcity#evaluatesService,http://example.org/smartcity#Service,range,http://www.w3.org/2000/01/rdf-schema#range,-1
http://example.org/smartcity#evaluationOrder,http://example.org/smartcity#PolicyCategory,domain,http://www.w3.org/2000/01/rdf-schema#domain,-1
http://example.org/smartcity#evaluationOrder,http://www.w3.org/2001/XMLSchema#integer,range,http://www.w3.org/2000/01/rdf-schema#range,-1
http://example.org/smartcity#evaluationPurpose,http://example.org/smartcity#EvaluationState,domain,http://www.w3.org/2000/01/rdf-schema#domain,-1
http://example.org/smartcity#evaluationPurpose,http://example.org/smartcity#ProcessingPurpose,range,http://www.w3.org/2000/01/rdf-schema#range,-1
http://example.org/smartcity#evaluationUser,http://example.org/smartcity#EvaluationState,domain,http://www.w3.org/2000/01/rdf-schema#domain,-1
http://example.org/smartcity#evaluationUser,http://example.org/smartcity#User,range,http://www.w3.org/2000/01/rdf-schema#range,-1
http://example.org/smartcity#evaluationZone,http://example.org/smartcity#EvaluationState,domain,http://www.w3.org/2000/01/rdf-schema#domain,-1
http://example.org/smartcity#evaluationZone,http://example.org/smartcity#CityArea,range,http://www.w3.org/2000/01/rdf-schema#range,-1
http://example.org/smartcity#evidenceContribution,http://example.org/smartcity#TrustEvidence,domain,http://www.w3.org/2000/01/rdf-schema#domain,-1
http://example.org/smartcity#evidenceContribution,http://www.w3.org/2001/XMLSchema#decimal,range,http://www.w3.org/2000/01/rdf-schema#range,-1
http://example.org/smartcity#evidenceFactor,http://example.org/smartcity#TrustEvidence,domain,http://www.w3.org/2000/01/rdf-schema#domain,-1
http://example.org/smartcity#evidenceFactor,http://www.w3.org/2001/XMLSchema#string,range,http://www.w3.org/2000/01/rdf-schema#range,-1
http://example.org/smartcity#expiresOnRecoveryOf,http://example.org/smartcity#DelegationEvent,domain,http://www.w3.org/2000/01/rdf-schema#domain,-1
http://example.org/smartcity#expiresOnRecoveryOf,http://example.org/smartcity#ComputationalNode,range,http://www.w3.org/2000/01/rdf-schema#range,-1
http://example.org/smartcity#generatedBy,http://example.org/smartcity#ParametrizedData,domain,http://www.w3.org/2000/01/rdf-schema#domain,-1
http://example.org/smartcity#generatedBy,http://example.org/smartcity#Wearable,range,http://www.w3.org/2000/01/rdf-schema#range,-1
http://example.org/smartcity#governedBy,http://example.org/smartcity#Policy,range,http://www.w3.org/2000/01/rdf-schema#range,-1
http://example.org/smartcity#graphIRI,http://example.org/smartcity#DeploymentFragment,domain,http://www.w3.org/2000/01/rdf-schema#domain,-1
http://example.org/smartcity#graphIRI,http://www.w3.org/2001/XMLSchema#anyURI,range,http://www.w3.org/2000/01/rdf-schema#range,-1
http://example.org/smartcity#hasAHPScore,http://example.org/smartcity#DecisionAlternative,domain,http://www.w3.org/2000/01/rdf-schema#domain,-1
http://example.org/smartcity#hasAHPScore,http://www.w3.org/2001/XMLSchema#decimal,range,http://www.w3.org/2000/01/rdf-schema#range,-1
http://example.org/smartcity#hasActiveConsentRange,http://example.org/smartcity#User,domain,http://www.w3.org/2000/01/rdf-schema#domain,-1
http://example.org/smartcity#hasActiveConsentRange,http://example.org/smartcity#ConsentRange,range,http://www.w3.org/2000/01/rdf-schema#range,-1
http://example.org/smartcity#hasAdaptability,http://example.org/smartcity#ServiceState,domain,http://www.w3.org/2000/01/rdf-schema#domain,-1
http://example.org/smartcity#hasAdaptability,http://example.org/smartcity#AdaptabilityLevel,range,http://www.w3.org/2000/01/rdf-schema#range,-1
http://example.org/smartcity#hasAnonymizationApplied,http://example.org/smartcity#ParametrizedData,domain,http://www.w3.org/2000/01/rdf-schema#domain,-1
http://example.org/smartcity#hasAnonymizationApplied,http://www.w3.org/2001/XMLSchema#boolean,range,http://www.w3.org/2000/01/rdf-schema#range,-1
http://example.org/smartcity#hasAuthorizationDecision,http://example.org/smartcity#AuthorizationDecision,range,http://www.w3.org/2000/01/rdf-schema#range,-1
http://example.org/smartcity#hasAuthorizationOutcome,http://example.org/smartcity#AuthorizationDecision,domain,http://www.w3.org/2000/01/rdf-schema#domain,-1
http://example.org/smartcity#hasAuthorizationOutcome,http://example.org/smartcity#AuthorizationOutcome,range,http://www.w3.org/2000/01/rdf-schema#range,-1
http://example.org/smartcity#hasAuthorizedDataCategory,http://example.org/smartcity#ConsentRecord,domain,http://www.w3.org/2000/01/rdf-schema#domain,-1
http://example.org/smartcity#hasAuthorizedDataCategory,http://example.org/smartcity#DataCategory,range,http://www.w3.org/2000/01/rdf-schema#range,-1
http://example.org/smartcity#hasAvailability,http://example.org/smartcity#NodeState,domain,http://www.w3.org/2000/01/rdf-schema#domain,-1
http://example.org/smartcity#hasAvailability,http://example.org/smartcity#AvailabilityLevel,range,http://www.w3.org/2000/01/rdf-schema#range,-1
http://example.org/smartcity#hasBatteryLevel,http://example.org/smartcity#DeviceState,domain,http://www.w3.org/2000/01/rdf-schema#domain,-1
http://example.org/smartcity#hasBatteryLevel,http://example.org/smartcity#BatteryLevel,range,http://www.w3.org/2000/01/rdf-schema#range,-1
http://example.org/smartcity#hasCommunication,http://example.org/smartcity#NodeState,domain,http://www.w3.org/2000/01/rdf-schema#domain,-1
http://example.org/smartcity#hasCommunication,http://example.org/smartcity#CommunicationLevel,range,http://www.w3.org/2000/01/rdf-schema#range,-1
http://example.org/smartcity#hasComplianceMetric,http://example.org/smartcity#ValidationCampaign,domain,http://www.w3.org/2000/01/rdf-schema#domain,-1
http://example.org/smartcity#hasComplianceMetric,http://example.org/smartcity#ComplianceMetric,range,http://www.w3.org/2000/01/rdf-schema#range,-1
http://example.org/smartcity#hasConnectionStatus,http://example.org/smartcity#DeviceState,domain,http://www.w3.org/2000/01/rdf-schema#domain,-1
http://example.org/smartcity#hasConnectionStatus,http://example.org/smartcity#DeviceConnectionStatus,range,http://www.w3.org/2000/01/rdf-schema#range,-1
http://example.org/smartcity#hasConsentRange,urn:continuum:ontology:3.0.0:node:100,domain,http://www.w3.org/2000/01/rdf-schema#domain,-1
http://example.org/smartcity#hasConsentRange,http://example.org/smartcity#ConsentRange,range,http://www.w3.org/2000/01/rdf-schema#range,-1
http://example.org/smartcity#hasConsentRecord,http://example.org/smartcity#User,domain,http://www.w3.org/2000/01/rdf-schema#domain,-1
http://example.org/smartcity#hasConsentRecord,http://example.org/smartcity#ConsentRecord,range,http://www.w3.org/2000/01/rdf-schema#range,-1
http://example.org/smartcity#hasConsistencyRatio,http://example.org/smartcity#EvaluationState,domain,http://www.w3.org/2000/01/rdf-schema#domain,-1
http://example.org/smartcity#hasConsistencyRatio,http://www.w3.org/2001/XMLSchema#decimal,range,http://www.w3.org/2000/01/rdf-schema#range,-1
http://example.org/smartcity#hasConsistencyThreshold,http://example.org/smartcity#EvaluationState,domain,http://www.w3.org/2000/01/rdf-schema#domain,-1
http://example.org/smartcity#hasConsistencyThreshold,http://www.w3.org/2001/XMLSchema#decimal,range,http://www.w3.org/2000/01/rdf-schema#range,-1
http://example.org/smartcity#hasDataCategory,http://example.org/smartcity#DataCategory,range,http://www.w3.org/2000/01/rdf-schema#range,-1
http://example.org/smartcity#hasDataContext,http://example.org/smartcity#DataContext,range,http://www.w3.org/2000/01/rdf-schema#range,-1
http://example.org/smartcity#hasDataCriticality,http://example.org/smartcity#DataCriticality,range,http://www.w3.org/2000/01/rdf-schema#range,-1
http://example.org/smartcity#hasDataSensitivity,http://example.org/smartcity#DataSensitivity,range,http://www.w3.org/2000/01/rdf-schema#range,-1
http://example.org/smartcity#hasDecisionAlternative,http://example.org/smartcity#EvaluationState,domain,http://www.w3.org/2000/01/rdf-schema#domain,-1
http://example.org/smartcity#hasDecisionAlternative,http://example.org/smartcity#DecisionAlternative,range,http://www.w3.org/2000/01/rdf-schema#range,-1
http://example.org/smartcity#hasDecisionMethod,http://example.org/smartcity#EvaluationState,domain,http://www.w3.org/2000/01/rdf-schema#domain,-1
http://example.org/smartcity#hasDecisionMethod,http://example.org/smartcity#DecisionMethod,range,http://www.w3.org/2000/01/rdf-schema#range,-1
http://example.org/smartcity#hasDegradationCause,http://example.org/smartcity#ModelDegradationCause,range,http://www.w3.org/2000/01/rdf-schema#range,-1
http://example.org/smartcity#hasDelegation,http://example.org/smartcity#ComputationalNode,domain,http://www.w3.org/2000/01/rdf-schema#domain,-1
http://example.org/smartcity#hasDelegation,http://example.org/smartcity#DelegationEvent,range,http://www.w3.org/2000/01/rdf-schema#range,-1
http://example.org/smartcity#hasDetectedSymptom,http://example.org/smartcity#EvaluationState,domain,http://www.w3.org/2000/01/rdf-schema#domain,-1
http://example.org/smartcity#hasDetectedSymptom,http://example.org/smartcity#MAPESymptom,range,http://www.w3.org/2000/01/rdf-schema#range,-1
http://example.org/smartcity#hasDeviceState,http://example.org/smartcity#Wearable,domain,http://www.w3.org/2000/01/rdf-schema#domain,-1
http://example.org/smartcity#hasDeviceState,http://example.org/smartcity#DeviceState,range,http://www.w3.org/2000/01/rdf-schema#range,-1
http://example.org/smartcity#hasDistance,http://example.org/smartcity#NodeUserRelation,domain,http://www.w3.org/2000/01/rdf-schema#domain,-1
http://example.org/smartcity#hasDistance,http://example.org/smartcity#DistanceLevel,range,http://www.w3.org/2000/01/rdf-schema#range,-1
http://example.org/smartcity#hasEffectiveConsentRange,http://example.org/smartcity#AuthorizationDecision,domain,http://www.w3.org/2000/01/rdf-schema#domain,-1
http://example.org/smartcity#hasEffectiveConsentRange,http://example.org/smartcity#ConsentRange,range,http://www.w3.org/2000/01/rdf-schema#range,-1
http://example.org/smartcity#hasElasticity,http://example.org/smartcity#ComputationalNode,domain,http://www.w3.org/2000/01/rdf-schema#domain,-1
http://example.org/smartcity#hasElasticity,http://www.w3.org/2001/XMLSchema#boolean,range,http://www.w3.org/2000/01/rdf-schema#range,-1
http://example.org/smartcity#hasEnergyLevel,http://example.org/smartcity#NodeState,domain,http://www.w3.org/2000/01/rdf-schema#domain,-1
http://example.org/smartcity#hasEnergyLevel,http://example.org/smartcity#EnergyLevel,range,http://www.w3.org/2000/01/rdf-schema#range,-1
http://example.org/smartcity#hasEvaluationTicketID,http://example.org/smartcity#EvaluationState,domain,http://www.w3.org/2000/01/rdf-schema#domain,-1
http://example.org/smartcity#hasEvaluationTicketID,http://www.w3.org/2001/XMLSchema#string,range,http://www.w3.org/2000/01/rdf-schema#range,-1
http://example.org/smartcity#hasGeometry,http://example.org/smartcity#CityArea,domain,http://www.w3.org/2000/01/rdf-schema#domain,-1
http://example.org/smartcity#hasGeometry,http://www.opengis.net/ont/geosparql#Geometry,range,http://www.w3.org/2000/01/rdf-schema#range,-1
http://example.org/smartcity#hasGeometry,http://www.opengis.net/ont/geosparql#hasGeometry,subproperty,http://www.w3.org/2000/01/rdf-schema#subPropertyOf,-1
http://example.org/smartcity#hasIdentifier,http://example.org/smartcity#User,domain,http://www.w3.org/2000/01/rdf-schema#domain,-1
http://example.org/smartcity#hasIdentifier,http://example.org/smartcity#Identifier,range,http://www.w3.org/2000/01/rdf-schema#range,-1
http://example.org/smartcity#hasLatencyWeight,http://example.org/smartcity#EvaluationState,domain,http://www.w3.org/2000/01/rdf-schema#domain,-1
http://example.org/smartcity#hasLatencyWeight,http://www.w3.org/2001/XMLSchema#decimal,range,http://www.w3.org/2000/01/rdf-schema#range,-1
http://example.org/smartcity#hasMigrationCost,http://example.org/smartcity#EvaluationState,domain,http://www.w3.org/2000/01/rdf-schema#domain,-1
http://example.org/smartcity#hasMigrationCost,http://example.org/smartcity#MigrationCostLevel,range,http://www.w3.org/2000/01/rdf-schema#range,-1
http://example.org/smartcity#hasMigrationTime,http://example.org/smartcity#EvaluationState,domain,http://www.w3.org/2000/01/rdf-schema#domain,-1
http://example.org/smartcity#hasMigrationTime,http://example.org/smartcity#MigrationTimeLevel,range,http://www.w3.org/2000/01/rdf-schema#range,-1
http://example.org/smartcity#hasMobileDevice,http://example.org/smartcity#User,domain,http://www.w3.org/2000/01/rdf-schema#domain,-1
http://example.org/smartcity#hasMobileDevice,http://example.org/smartcity#MobileDevice,range,http://www.w3.org/2000/01/rdf-schema#range,-1
http://example.org/smartcity#hasMobility,http://example.org/smartcity#UserState,domain,http://www.w3.org/2000/01/rdf-schema#domain,-1
http://example.org/smartcity#hasMobility,http://example.org/smartcity#MobilityLevel,range,http://www.w3.org/2000/01/rdf-schema#range,-1
http://example.org/smartcity#hasModelQualityWeight,http://example.org/smartcity#EvaluationState,domain,http://www.w3.org/2000/01/rdf-schema#domain,-1
http://example.org/smartcity#hasModelQualityWeight,http://www.w3.org/2001/XMLSchema#decimal,range,http://www.w3.org/2000/01/rdf-schema#range,-1
http://example.org/smartcity#hasModelTier,http://example.org/smartcity#AIModel,domain,http://www.w3.org/2000/01/rdf-schema#domain,-1
http://example.org/smartcity#hasModelTier,http://example.org/smartcity#ModelTier,range,http://www.w3.org/2000/01/rdf-schema#range,-1
http://example.org/smartcity#hasNeighborNode,http://example.org/smartcity#ComputationalNode,domain,http://www.w3.org/2000/01/rdf-schema#domain,-1
http://example.org/smartcity#hasNeighborNode,http://example.org/smartcity#ComputationalNode,range,http://www.w3.org/2000/01/rdf-schema#range,-1
http://example.org/smartcity#hasNodeState,http://example.org/smartcity#ComputationalNode,domain,http://www.w3.org/2000/01/rdf-schema#domain,-1
http://example.org/smartcity#hasNodeState,http://example.org/smartcity#NodeState,range,http://www.w3.org/2000/01/rdf-schema#range,-1
http://example.org/smartcity#hasNoiseApplied,http://example.org/smartcity#ParametrizedData,domain,http://www.w3.org/2000/01/rdf-schema#domain,-1
http://example.org/smartcity#hasNoiseApplied,http://www.w3.org/2001/XMLSchema#boolean,range,http://www.w3.org/2000/01/rdf-schema#range,-1
http://example.org/smartcity#hasOperationalStatus,http://example.org/smartcity#NodeState,domain,http://www.w3.org/2000/01/rdf-schema#domain,-1
http://example.org/smartcity#hasOperationalStatus,http://example.org/smartcity#OperationalStatus,range,http://www.w3.org/2000/01/rdf-schema#range,-1
http://example.org/smartcity#hasPairwiseComparison,http://example.org/smartcity#EvaluationState,domain,http://www.w3.org/2000/01/rdf-schema#domain,-1
http://example.org/smartcity#hasPairwiseComparison,http://example.org/smartcity#PairwiseComparison,range,http://www.w3.org/2000/01/rdf-schema#range,-1
http://example.org/smartcity#hasPayloadType,http://example.org/smartcity#FederatedLearningSession,domain,http://www.w3.org/2000/01/rdf-schema#domain,-1
http://example.org/smartcity#hasPayloadType,http://example.org/smartcity#PayloadType,range,http://www.w3.org/2000/01/rdf-schema#range,-1
http://example.org/smartcity#hasPerformance,http://example.org/smartcity#NodeState,domain,http://www.w3.org/2000/01/rdf-schema#domain,-1
http://example.org/smartcity#hasPerformance,http://example.org/smartcity#PerformanceLevel,range,http://www.w3.org/2000/01/rdf-schema#range,-1
http://example.org/smartcity#hasPermission,http://example.org/smartcity#Role,domain,http://www.w3.org/2000/01/rdf-schema#domain,-1
http://example.org/smartcity#hasPermission,http://example.org/smartcity#Permission,range,http://www.w3.org/2000/01/rdf-schema#range,-1
http://example.org/smartcity#hasPersonStatus,http://example.org/smartcity#UserState,domain,http://www.w3.org/2000/01/rdf-schema#domain,-1
http://example.org/smartcity#hasPersonStatus,http://example.org/smartcity#PersonStatus,range,http://www.w3.org/2000/01/rdf-schema#range,-1
http://example.org/smartcity#hasPolicyAction,http://example.org/smartcity#Policy,domain,http://www.w3.org/2000/01/rdf-schema#domain,-1
http://example.org/smartcity#hasPolicyAction,http://www.w3.org/2001/XMLSchema#string,range,http://www.w3.org/2000/01/rdf-schema#range,-1
http://example.org/smartcity#hasPolicyRelationType,http://example.org/smartcity#PolicyCategoryRelation,domain,http://www.w3.org/2000/01/rdf-schema#domain,-1
http://example.org/smartcity#hasPolicyRelationType,http://example.org/smartcity#PolicyRelationType,range,http://www.w3.org/2000/01/rdf-schema#range,-1
http://example.org/smartcity#hasPolicyStatement,http://example.org/smartcity#Policy,domain,http://www.w3.org/2000/01/rdf-schema#domain,-1
http://example.org/smartcity#hasPolicyStatement,http://www.w3.org/2000/01/rdf-schema#Literal,range,http://www.w3.org/2000/01/rdf-schema#range,-1
http://example.org/smartcity#hasPolicyType,http://example.org/smartcity#Policy,domain,http://www.w3.org/2000/01/rdf-schema#domain,-1
http://example.org/smartcity#hasPolicyType,http://example.org/smartcity#PolicyType,range,http://www.w3.org/2000/01/rdf-schema#range,-1
http://example.org/smartcity#hasPopulationDensity,http://example.org/smartcity#CityArea,domain,http://www.w3.org/2000/01/rdf-schema#domain,-1
http://example.org/smartcity#hasPopulationDensity,http://example.org/smartcity#PopulationDensity,range,http://www.w3.org/2000/01/rdf-schema#range,-1
http://example.org/smartcity#hasPredictedStressLevel,http://example.org/smartcity#UserState,domain,http://www.w3.org/2000/01/rdf-schema#domain,-1
http://example.org/smartcity#hasPredictedStressLevel,http://example.org/smartcity#StressLevel,range,http://www.w3.org/2000/01/rdf-schema#range,-1
http://example.org/smartcity#hasPrivacyBudget,http://example.org/smartcity#FederatedLearningSession,domain,http://www.w3.org/2000/01/rdf-schema#domain,-1
http://example.org/smartcity#hasPrivacyBudget,http://www.w3.org/2001/XMLSchema#decimal,range,http://www.w3.org/2000/01/rdf-schema#range,-1
http://example.org/smartcity#hasPrivacyBudgetAccount,http://example.org/smartcity#FederatedLearningSession,domain,http://www.w3.org/2000/01/rdf-schema#domain,-1
http://example.org/smartcity#hasPrivacyBudgetAccount,http://example.org/smartcity#PrivacyBudgetAccount,range,http://www.w3.org/2000/01/rdf-schema#range,-1
http://example.org/smartcity#hasPrivacyClass,http://example.org/smartcity#DeploymentFragment,domain,http://www.w3.org/2000/01/rdf-schema#domain,-1
http://example.org/smartcity#hasPrivacyClass,http://example.org/smartcity#PrivacyClass,range,http://www.w3.org/2000/01/rdf-schema#range,-1
http://example.org/smartcity#hasPrivacyMechanism,urn:continuum:ontology:3.0.0:node:97,domain,http://www.w3.org/2000/01/rdf-schema#domain,-1
http://example.org/smartcity#hasPrivacyMechanism,http://example.org/smartcity#PrivacyMechanism,range,http://www.w3.org/2000/01/rdf-schema#range,-1
http://example.org/smartcity#hasPrivacyWeight,http://example.org/smartcity#EvaluationState,domain,http://www.w3.org/2000/01/rdf-schema#domain,-1
http://example.org/smartcity#hasPrivacyWeight,http://www.w3.org/2001/XMLSchema#decimal,range,http://www.w3.org/2000/01/rdf-schema#range,-1
http://example.org/smartcity#hasProcessingLevel,http://example.org/smartcity#ServiceState,domain,http://www.w3.org/2000/01/rdf-schema#domain,-1
http://example.org/smartcity#hasProcessingLevel,http://example.org/smartcity#ProcessingLevel,range,http://www.w3.org/2000/01/rdf-schema#range,-1
http://example.org/smartcity#hasProcessingPurpose,urn:continuum:ontology:3.0.0:node:106,domain,http://www.w3.org/2000/01/rdf-schema#domain,-1
http://example.org/smartcity#hasProcessingPurpose,http://example.org/smartcity#ProcessingPurpose,range,http://www.w3.org/2000/01/rdf-schema#range,-1
http://example.org/smartcity#hasProcessingScope,http://example.org/smartcity#ModelTier,domain,http://www.w3.org/2000/01/rdf-schema#domain,-1
http://example.org/smartcity#hasProcessingScope,http://example.org/smartcity#ProcessingScope,range,http://www.w3.org/2000/01/rdf-schema#range,-1
http://example.org/smartcity#hasProfitability,http://example.org/smartcity#EvaluationState,domain,http://www.w3.org/2000/01/rdf-schema#domain,-1
http://example.org/smartcity#hasProfitability,http://example.org/smartcity#ProfitabilityLevel,range,http://www.w3.org/2000/01/rdf-schema#range,-1
http://example.org/smartcity#hasQueryType,http://example.org/smartcity#QuerySpecification,domain,http://www.w3.org/2000/01/rdf-schema#domain,-1
http://example.org/smartcity#hasQueryType,http://example.org/smartcity#QueryType,range,http://www.w3.org/2000/01/rdf-schema#range,-1
http://example.org/smartcity#hasRecoveryCondition,http://example.org/smartcity#DelegationEvent,domain,http://www.w3.org/2000/01/rdf-schema#domain,-1
http://example.org/smartcity#hasRecoveryCondition,http://example.org/smartcity#RecoveryCondition,range,http://www.w3.org/2000/01/rdf-schema#range,-1
http://example.org/smartcity#hasReplicationEvent,http://example.org/smartcity#ReplicationEvent,range,http://www.w3.org/2000/01/rdf-schema#range,-1
http://example.org/smartcity#hasResidualCapacity,http://example.org/smartcity#NodeState,domain,http://www.w3.org/2000/01/rdf-schema#domain,-1
http://example.org/smartcity#hasResidualCapacity,http://example.org/smartcity#ResidualCapacity,range,http://www.w3.org/2000/01/rdf-schema#range,-1
http://example.org/smartcity#hasRole,http://xmlns.com/foaf/0.1/Person,domain,http://www.w3.org/2000/01/rdf-schema#domain,-1
http://example.org/smartcity#hasRole,http://example.org/smartcity#Role,range,http://www.w3.org/2000/01/rdf-schema#range,-1
http://example.org/smartcity#hasSelectionJustification,http://example.org/smartcity#EvaluationState,domain,http://www.w3.org/2000/01/rdf-schema#domain,-1
http://example.org/smartcity#hasSelectionJustification,http://www.w3.org/2001/XMLSchema#string,range,http://www.w3.org/2000/01/rdf-schema#range,-1
http://example.org/smartcity#hasSemanticContract,http://example.org/smartcity#User,domain,http://www.w3.org/2000/01/rdf-schema#domain,-1
http://example.org/smartcity#hasSemanticContract,http://example.org/smartcity#SemanticContract,range,http://www.w3.org/2000/01/rdf-schema#range,-1
http://example.org/smartcity#hasServiceState,http://example.org/smartcity#Service,domain,http://www.w3.org/2000/01/rdf-schema#domain,-1
http://example.org/smartcity#hasServiceState,http://example.org/smartcity#ServiceState,range,http://www.w3.org/2000/01/rdf-schema#range,-1
http://example.org/smartcity#hasTrustAssessment,http://example.org/smartcity#NodeState,domain,http://www.w3.org/2000/01/rdf-schema#domain,-1
http://example.org/smartcity#hasTrustAssessment,http://example.org/smartcity#TrustAssessment,range,http://www.w3.org/2000/01/rdf-schema#range,-1
http://example.org/smartcity#hasTrustEvidence,http://example.org/smartcity#TrustAssessment,domain,http://www.w3.org/2000/01/rdf-schema#domain,-1
http://example.org/smartcity#hasTrustEvidence,http://example.org/smartcity#TrustEvidence,range,http://www.w3.org/2000/01/rdf-schema#range,-1
http://example.org/smartcity#hasTrustScore,http://www.w3.org/2001/XMLSchema#decimal,range,http://www.w3.org/2000/01/rdf-schema#range,-1
http://example.org/smartcity#hasTrustWeight,http://example.org/smartcity#EvaluationState,domain,http://www.w3.org/2000/01/rdf-schema#domain,-1
http://example.org/smartcity#hasTrustWeight,http://www.w3.org/2001/XMLSchema#decimal,range,http://www.w3.org/2000/01/rdf-schema#range,-1
http://example.org/smartcity#hasUserState,http://example.org/smartcity#User,domain,http://www.w3.org/2000/01/rdf-schema#domain,-1
http://example.org/smartcity#hasUserState,http://example.org/smartcity#UserState,range,http://www.w3.org/2000/01/rdf-schema#range,-1
http://example.org/smartcity#hasValidationResult,http://example.org/smartcity#ValidationCampaign,domain,http://www.w3.org/2000/01/rdf-schema#domain,-1
http://example.org/smartcity#hasValidationResult,http://example.org/smartcity#ValidationResult,range,http://www.w3.org/2000/01/rdf-schema#range,-1
http://example.org/smartcity#hasWearable,http://example.org/smartcity#User,domain,http://www.w3.org/2000/01/rdf-schema#domain,-1
http://example.org/smartcity#hasWearable,http://example.org/smartcity#Wearable,range,http://www.w3.org/2000/01/rdf-schema#range,-1
http://example.org/smartcity#hasWorkload,http://example.org/smartcity#NodeState,domain,http://www.w3.org/2000/01/rdf-schema#domain,-1
http://example.org/smartcity#hasWorkload,http://example.org/smartcity#WorkloadLevel,range,http://www.w3.org/2000/01/rdf-schema#range,-1
http://example.org/smartcity#hostedAt,http://example.org/smartcity#DeploymentFragment,domain,http://www.w3.org/2000/01/rdf-schema#domain,-1
http://example.org/smartcity#hostedAt,http://example.org/smartcity#ComputationalNode,range,http://www.w3.org/2000/01/rdf-schema#range,-1
http://example.org/smartcity#hostedOnNode,http://example.org/smartcity#AIModel,domain,http://www.w3.org/2000/01/rdf-schema#domain,-1
http://example.org/smartcity#hostedOnNode,http://example.org/smartcity#ComputationalNode,range,http://www.w3.org/2000/01/rdf-schema#range,-1
http://example.org/smartcity#hostsModel,http://example.org/smartcity#ComputationalNode,domain,http://www.w3.org/2000/01/rdf-schema#domain,-1
http://example.org/smartcity#hostsModel,http://example.org/smartcity#AIModel,range,http://www.w3.org/2000/01/rdf-schema#range,-1
http://example.org/smartcity#hostsService,http://example.org/smartcity#ComputationalNode,domain,http://www.w3.org/2000/01/rdf-schema#domain,-1
http://example.org/smartcity#hostsService,http://example.org/smartcity#Service,range,http://www.w3.org/2000/01/rdf-schema#range,-1
http://example.org/smartcity#idempotencyKey,http://www.w3.org/2001/XMLSchema#string,range,http://www.w3.org/2000/01/rdf-schema#range,-1
http://example.org/smartcity#identifierScope,http://example.org/smartcity#Identifier,domain,http://www.w3.org/2000/01/rdf-schema#domain,-1
http://example.org/smartcity#identifierScope,http://www.w3.org/2001/XMLSchema#string,range,http://www.w3.org/2000/01/rdf-schema#range,-1
http://example.org/smartcity#identifierValue,http://example.org/smartcity#Identifier,domain,http://www.w3.org/2000/01/rdf-schema#domain,-1
http://example.org/smartcity#identifierValue,http://www.w3.org/2001/XMLSchema#string,range,http://www.w3.org/2000/01/rdf-schema#range,-1
http://example.org/smartcity#involvedNode,http://example.org/smartcity#FederatedLearningSession,domain,http://www.w3.org/2000/01/rdf-schema#domain,-1
http://example.org/smartcity#involvedNode,http://example.org/smartcity#ComputationalNode,range,http://www.w3.org/2000/01/rdf-schema#range,-1
http://example.org/smartcity#isEligible,http://example.org/smartcity#DecisionAlternative,domain,http://www.w3.org/2000/01/rdf-schema#domain,-1
http://example.org/smartcity#isEligible,http://www.w3.org/2001/XMLSchema#boolean,range,http://www.w3.org/2000/01/rdf-schema#range,-1
http://example.org/smartcity#isPreferredNode,http://example.org/smartcity#NodeUserRelation,domain,http://www.w3.org/2000/01/rdf-schema#domain,-1
http://example.org/smartcity#isPreferredNode,http://www.w3.org/2001/XMLSchema#boolean,range,http://www.w3.org/2000/01/rdf-schema#range,-1
http://example.org/smartcity#isRedundant,http://example.org/smartcity#ParametrizedData,domain,http://www.w3.org/2000/01/rdf-schema#domain,-1
http://example.org/smartcity#isRedundant,http://www.w3.org/2001/XMLSchema#boolean,range,http://www.w3.org/2000/01/rdf-schema#range,-1
http://example.org/smartcity#lastUpdated,http://example.org/smartcity#AIModel,domain,http://www.w3.org/2000/01/rdf-schema#domain,-1
http://example.org/smartcity#lastUpdated,http://www.w3.org/2001/XMLSchema#dateTime,range,http://www.w3.org/2000/01/rdf-schema#range,-1
http://example.org/smartcity#legacyDecisionScore,http://example.org/smartcity#EvaluationState,domain,http://www.w3.org/2000/01/rdf-schema#domain,-1
http://example.org/smartcity#legacyDecisionScore,http://www.w3.org/2001/XMLSchema#decimal,range,http://www.w3.org/2000/01/rdf-schema#range,-1
http://example.org/smartcity#locatedInZone,http://example.org/smartcity#User,domain,http://www.w3.org/2000/01/rdf-schema#domain,-1
http://example.org/smartcity#locatedInZone,http://example.org/smartcity#CityArea,range,http://www.w3.org/2000/01/rdf-schema#range,-1
http://example.org/smartcity#mechanismDescription,http://example.org/smartcity#MechanismSpecification,domain,http://www.w3.org/2000/01/rdf-schema#domain,-1
http://example.org/smartcity#mechanismDescription,http://www.w3.org/2000/01/rdf-schema#Literal,range,http://www.w3.org/2000/01/rdf-schema#range,-1
http://example.org/smartcity#mechanismIdentifier,http://example.org/smartcity#MechanismSpecification,domain,http://www.w3.org/2000/01/rdf-schema#domain,-1
http://example.org/smartcity#mechanismIdentifier,http://www.w3.org/2001/XMLSchema#string,range,http://www.w3.org/2000/01/rdf-schema#range,-1
http://example.org/smartcity#migrationNote,http://www.w3.org/2001/XMLSchema#string,range,http://www.w3.org/2000/01/rdf-schema#range,-1
http://example.org/smartcity#migrationStatus,http://www.w3.org/2001/XMLSchema#string,range,http://www.w3.org/2000/01/rdf-schema#range,-1
http://example.org/smartcity#modelLineageStatus,http://example.org/smartcity#AIModel,domain,http://www.w3.org/2000/01/rdf-schema#domain,-1
http://example.org/smartcity#modelLineageStatus,http://www.w3.org/2001/XMLSchema#string,range,http://www.w3.org/2000/01/rdf-schema#range,-1
http://example.org/smartcity#modelVersion,http://example.org/smartcity#AIModel,domain,http://www.w3.org/2000/01/rdf-schema#domain,-1
http://example.org/smartcity#modelVersion,http://www.w3.org/2001/XMLSchema#string,range,http://www.w3.org/2000/01/rdf-schema#range,-1
http://example.org/smartcity#noiseLevel,http://example.org/smartcity#FederatedLearningSession,domain,http://www.w3.org/2000/01/rdf-schema#domain,-1
http://example.org/smartcity#noiseLevel,http://www.w3.org/2001/XMLSchema#decimal,range,http://www.w3.org/2000/01/rdf-schema#range,-1
http://example.org/smartcity#observedModelQuality,http://example.org/smartcity#EvaluationState,domain,http://www.w3.org/2000/01/rdf-schema#domain,-1
http://example.org/smartcity#observedModelQuality,http://www.w3.org/2001/XMLSchema#decimal,range,http://www.w3.org/2000/01/rdf-schema#range,-1
http://example.org/smartcity#ontologyDigest,http://example.org/smartcity#SemanticNodeProfile,domain,http://www.w3.org/2000/01/rdf-schema#domain,-1
http://example.org/smartcity#ontologyDigest,http://www.w3.org/2001/XMLSchema#string,range,http://www.w3.org/2000/01/rdf-schema#range,-1
http://example.org/smartcity#originatesFromDevice,http://example.org/smartcity#ParametrizedData,domain,http://www.w3.org/2000/01/rdf-schema#domain,-1
http://example.org/smartcity#originatesFromDevice,http://example.org/smartcity#MobileDevice,range,http://www.w3.org/2000/01/rdf-schema#range,-1
http://example.org/smartcity#pairwiseValue,http://example.org/smartcity#PairwiseComparison,domain,http://www.w3.org/2000/01/rdf-schema#domain,-1
http://example.org/smartcity#pairwiseValue,http://www.w3.org/2001/XMLSchema#decimal,range,http://www.w3.org/2000/01/rdf-schema#range,-1
http://example.org/smartcity#parametrizedDataReady,http://example.org/smartcity#DeviceState,domain,http://www.w3.org/2000/01/rdf-schema#domain,-1
http://example.org/smartcity#parametrizedDataReady,http://www.w3.org/2001/XMLSchema#boolean,range,http://www.w3.org/2000/01/rdf-schema#range,-1
http://example.org/smartcity#parentDelegation,http://example.org/smartcity#DelegationEvent,domain,http://www.w3.org/2000/01/rdf-schema#domain,-1
http://example.org/smartcity#parentDelegation,http://example.org/smartcity#DelegationEvent,range,http://www.w3.org/2000/01/rdf-schema#range,-1
http://example.org/smartcity#partOfScenario,http://example.org/smartcity#Scenario,range,http://www.w3.org/2000/01/rdf-schema#range,-1
http://example.org/smartcity#plannedExpiry,http://example.org/smartcity#TemporalEntity,domain,http://www.w3.org/2000/01/rdf-schema#domain,-1
http://example.org/smartcity#plannedExpiry,http://www.w3.org/2001/XMLSchema#dateTime,range,http://www.w3.org/2000/01/rdf-schema#range,-1
http://example.org/smartcity#policyArtifactUsed,http://example.org/smartcity#EvaluationState,domain,http://www.w3.org/2000/01/rdf-schema#domain,-1
http://example.org/smartcity#policyArtifactUsed,http://example.org/smartcity#PolicyArtifact,range,http://www.w3.org/2000/01/rdf-schema#range,-1
http://example.org/smartcity#policyIdentifier,http://example.org/smartcity#Policy,domain,http://www.w3.org/2000/01/rdf-schema#domain,-1
http://example.org/smartcity#policyIdentifier,http://www.w3.org/2001/XMLSchema#string,range,http://www.w3.org/2000/01/rdf-schema#range,-1
http://example.org/smartcity#policyVersion,http://example.org/smartcity#Policy,domain,http://www.w3.org/2000/01/rdf-schema#domain,-1
http://example.org/smartcity#policyVersion,http://www.w3.org/2001/XMLSchema#string,range,http://www.w3.org/2000/01/rdf-schema#range,-1
http://example.org/smartcity#predictionConfidence,http://example.org/smartcity#EvaluationState,domain,http://www.w3.org/2000/01/rdf-schema#domain,-1
http://example.org/smartcity#predictionConfidence,http://www.w3.org/2001/XMLSchema#decimal,range,http://www.w3.org/2000/01/rdf-schema#range,-1
http://example.org/smartcity#privacyBudgetConsumed,http://example.org/smartcity#PrivacyBudgetAccount,domain,http://www.w3.org/2000/01/rdf-schema#domain,-1
http://example.org/smartcity#privacyBudgetConsumed,http://www.w3.org/2001/XMLSchema#decimal,range,http://www.w3.org/2000/01/rdf-schema#range,-1
http://example.org/smartcity#privacyBudgetMaximum,http://example.org/smartcity#PrivacyBudgetAccount,domain,http://www.w3.org/2000/01/rdf-schema#domain,-1
http://example.org/smartcity#privacyBudgetMaximum,http://www.w3.org/2001/XMLSchema#decimal,range,http://www.w3.org/2000/01/rdf-schema#range,-1
http://example.org/smartcity#privacyBudgetRemaining,http://example.org/smartcity#PrivacyBudgetAccount,domain,http://www.w3.org/2000/01/rdf-schema#domain,-1
http://example.org/smartcity#privacyBudgetRemaining,http://www.w3.org/2001/XMLSchema#decimal,range,http://www.w3.org/2000/01/rdf-schema#range,-1
http://example.org/smartcity#protectsAtRest,http://example.org/smartcity#SecurityMechanism,domain,http://www.w3.org/2000/01/rdf-schema#domain,-1
http://example.org/smartcity#protectsAtRest,http://www.w3.org/2001/XMLSchema#boolean,range,http://www.w3.org/2000/01/rdf-schema#range,-1
http://example.org/smartcity#protectsInTransit,http://example.org/smartcity#SecurityMechanism,domain,http://www.w3.org/2000/01/rdf-schema#domain,-1
http://example.org/smartcity#protectsInTransit,http://www.w3.org/2001/XMLSchema#boolean,range,http://www.w3.org/2000/01/rdf-schema#range,-1
http://example.org/smartcity#queryIdentifier,http://example.org/smartcity#QuerySpecification,domain,http://www.w3.org/2000/01/rdf-schema#domain,-1
http://example.org/smartcity#queryIdentifier,http://www.w3.org/2001/XMLSchema#string,range,http://www.w3.org/2000/01/rdf-schema#range,-1
http://example.org/smartcity#queryInterpretation,http://example.org/smartcity#QuerySpecification,domain,http://www.w3.org/2000/01/rdf-schema#domain,-1
http://example.org/smartcity#queryInterpretation,http://www.w3.org/2001/XMLSchema#string,range,http://www.w3.org/2000/01/rdf-schema#range,-1
http://example.org/smartcity#queryPurpose,http://example.org/smartcity#QuerySpecification,domain,http://www.w3.org/2000/01/rdf-schema#domain,-1
http://example.org/smartcity#queryPurpose,http://www.w3.org/2001/XMLSchema#string,range,http://www.w3.org/2000/01/rdf-schema#range,-1
http://example.org/smartcity#queuedRequests,http://example.org/smartcity#NodeState,domain,http://www.w3.org/2000/01/rdf-schema#domain,-1
http://example.org/smartcity#queuedRequests,http://www.w3.org/2001/XMLSchema#integer,range,http://www.w3.org/2000/01/rdf-schema#range,-1
http://example.org/smartcity#recommendedMechanism,http://example.org/smartcity#Policy,domain,http://www.w3.org/2000/01/rdf-schema#domain,-1
http://example.org/smartcity#recommendedMechanism,http://example.org/smartcity#MechanismSpecification,range,http://www.w3.org/2000/01/rdf-schema#range,-1
http://example.org/smartcity#relatedRequirement,http://example.org/smartcity#Policy,domain,http://www.w3.org/2000/01/rdf-schema#domain,-1
http://example.org/smartcity#relatedRequirement,http://example.org/smartcity#Requirement,range,http://www.w3.org/2000/01/rdf-schema#range,-1
http://example.org/smartcity#relatesNode,http://example.org/smartcity#NodeUserRelation,domain,http://www.w3.org/2000/01/rdf-schema#domain,-1
http://example.org/smartcity#relatesNode,http://example.org/smartcity#ComputationalNode,range,http://www.w3.org/2000/01/rdf-schema#range,-1
http://example.org/smartcity#relatesUser,http://example.org/smartcity#NodeUserRelation,domain,http://www.w3.org/2000/01/rdf-schema#domain,-1
http://example.org/smartcity#relatesUser,http://example.org/smartcity#User,range,http://www.w3.org/2000/01/rdf-schema#range,-1
http://example.org/smartcity#relationCode,http://example.org/smartcity#PolicyRelationType,domain,http://www.w3.org/2000/01/rdf-schema#domain,-1
http://example.org/smartcity#relationCode,http://www.w3.org/2001/XMLSchema#string,range,http://www.w3.org/2000/01/rdf-schema#range,-1
http://example.org/smartcity#relationSourceCategory,http://example.org/smartcity#PolicyCategoryRelation,domain,http://www.w3.org/2000/01/rdf-schema#domain,-1
http://example.org/smartcity#relationSourceCategory,http://example.org/smartcity#PolicyCategory,range,http://www.w3.org/2000/01/rdf-schema#range,-1
http://example.org/smartcity#relationTargetCategory,http://example.org/smartcity#PolicyCategoryRelation,domain,http://www.w3.org/2000/01/rdf-schema#domain,-1
http://example.org/smartcity#relationTargetCategory,http://example.org/smartcity#PolicyCategory,range,http://www.w3.org/2000/01/rdf-schema#range,-1
http://example.org/smartcity#replicaOf,http://example.org/smartcity#DeploymentFragment,domain,http://www.w3.org/2000/01/rdf-schema#domain,-1
http://example.org/smartcity#replicaOf,http://example.org/smartcity#DeploymentFragment,range,http://www.w3.org/2000/01/rdf-schema#range,-1
http://example.org/smartcity#replicationSource,http://example.org/smartcity#ReplicationEvent,domain,http://www.w3.org/2000/01/rdf-schema#domain,-1
http://example.org/smartcity#replicationTarget,http://example.org/smartcity#ReplicationEvent,domain,http://www.w3.org/2000/01/rdf-schema#domain,-1
http://example.org/smartcity#replicationVersion,http://www.w3.org/2001/XMLSchema#string,range,http://www.w3.org/2000/01/rdf-schema#range,-1
http://example.org/smartcity#requirementIdentifier,http://example.org/smartcity#Requirement,domain,http://www.w3.org/2000/01/rdf-schema#domain,-1
http://example.org/smartcity#requirementIdentifier,http://www.w3.org/2001/XMLSchema#string,range,http://www.w3.org/2000/01/rdf-schema#range,-1
http://example.org/smartcity#requirementStatement,http://example.org/smartcity#Requirement,domain,http://www.w3.org/2000/01/rdf-schema#domain,-1
http://example.org/smartcity#requirementStatement,http://www.w3.org/2001/XMLSchema#string,range,http://www.w3.org/2000/01/rdf-schema#range,-1
http://example.org/smartcity#requirementsArtifactUsed,http://example.org/smartcity#EvaluationState,domain,http://www.w3.org/2000/01/rdf-schema#domain,-1
http://example.org/smartcity#requirementsArtifactUsed,http://example.org/smartcity#RequirementsArtifact,range,http://www.w3.org/2000/01/rdf-schema#range,-1
http://example.org/smartcity#requiresConsentRange,urn:continuum:ontology:3.0.0:node:83,domain,http://www.w3.org/2000/01/rdf-schema#domain,-1
http://example.org/smartcity#requiresConsentRange,http://example.org/smartcity#ConsentRange,range,http://www.w3.org/2000/01/rdf-schema#range,-1
http://example.org/smartcity#requiresRecalculation,http://example.org/smartcity#EvaluationState,domain,http://www.w3.org/2000/01/rdf-schema#domain,-1
http://example.org/smartcity#requiresRecalculation,http://www.w3.org/2001/XMLSchema#boolean,range,http://www.w3.org/2000/01/rdf-schema#range,-1
http://example.org/smartcity#resourceUsagePercent,http://example.org/smartcity#NodeState,domain,http://www.w3.org/2000/01/rdf-schema#domain,-1
http://example.org/smartcity#resourceUsagePercent,http://www.w3.org/2001/XMLSchema#decimal,range,http://www.w3.org/2000/01/rdf-schema#range,-1
http://example.org/smartcity#resultedInAction,http://example.org/smartcity#EvaluationState,domain,http://www.w3.org/2000/01/rdf-schema#domain,-1
http://example.org/smartcity#resultedInAction,http://example.org/smartcity#AdaptationAction,range,http://www.w3.org/2000/01/rdf-schema#range,-1
http://example.org/smartcity#rollbackTarget,http://example.org/smartcity#RollbackEvent,domain,http://www.w3.org/2000/01/rdf-schema#domain,-1
http://example.org/smartcity#rollbackTarget,http://example.org/smartcity#AIModel,range,http://www.w3.org/2000/01/rdf-schema#range,-1
http://example.org/smartcity#scenarioIdentifier,http://example.org/smartcity#Scenario,domain,http://www.w3.org/2000/01/rdf-schema#domain,-1
http://example.org/smartcity#scenarioIdentifier,http://www.w3.org/2001/XMLSchema#string,range,http://www.w3.org/2000/01/rdf-schema#range,-1
http://example.org/smartcity#scenarioMechanism,http://example.org/smartcity#Scenario,domain,http://www.w3.org/2000/01/rdf-schema#domain,-1
http://example.org/smartcity#scenarioMechanism,http://example.org/smartcity#MechanismSpecification,range,http://www.w3.org/2000/01/rdf-schema#range,-1
http://example.org/smartcity#scenarioPolicy,http://example.org/smartcity#Scenario,domain,http://www.w3.org/2000/01/rdf-schema#domain,-1
http://example.org/smartcity#scenarioPolicy,http://example.org/smartcity#Policy,range,http://www.w3.org/2000/01/rdf-schema#range,-1
http://example.org/smartcity#securityBaselineVersion,http://example.org/smartcity#SecurityMechanism,domain,http://www.w3.org/2000/01/rdf-schema#domain,-1
http://example.org/smartcity#securityBaselineVersion,http://www.w3.org/2001/XMLSchema#string,range,http://www.w3.org/2000/01/rdf-schema#range,-1
http://example.org/smartcity#selectedAlternative,http://example.org/smartcity#EvaluationState,domain,http://www.w3.org/2000/01/rdf-schema#domain,-1
http://example.org/smartcity#selectedAlternative,http://example.org/smartcity#DecisionAlternative,range,http://www.w3.org/2000/01/rdf-schema#range,-1
http://example.org/smartcity#selectedModelTier,http://example.org/smartcity#EvaluationState,domain,http://www.w3.org/2000/01/rdf-schema#domain,-1
http://example.org/smartcity#selectedModelTier,http://example.org/smartcity#ModelTier,range,http://www.w3.org/2000/01/rdf-schema#range,-1
http://example.org/smartcity#sendTimestamp,http://example.org/smartcity#ParametrizedData,domain,http://www.w3.org/2000/01/rdf-schema#domain,-1
http://example.org/smartcity#sendTimestamp,http://www.w3.org/2001/XMLSchema#dateTime,range,http://www.w3.org/2000/01/rdf-schema#range,-1
http://example.org/smartcity#sentToNode,http://example.org/smartcity#ParametrizedData,domain,http://www.w3.org/2000/01/rdf-schema#domain,-1
http://example.org/smartcity#sentToNode,http://example.org/smartcity#ComputationalNode,range,http://www.w3.org/2000/01/rdf-schema#range,-1
http://example.org/smartcity#sessionTime,http://example.org/smartcity#FederatedLearningSession,domain,http://www.w3.org/2000/01/rdf-schema#domain,-1
http://example.org/smartcity#sessionTime,http://www.w3.org/2001/XMLSchema#dateTime,range,http://www.w3.org/2000/01/rdf-schema#range,-1
http://example.org/smartcity#stateDuration,http://example.org/smartcity#State,domain,http://www.w3.org/2000/01/rdf-schema#domain,-1
http://example.org/smartcity#stateDuration,http://www.w3.org/2001/XMLSchema#duration,range,http://www.w3.org/2000/01/rdf-schema#range,-1
http://example.org/smartcity#strategyCode,http://example.org/smartcity#ConflictResolutionStrategy,domain,http://www.w3.org/2000/01/rdf-schema#domain,-1
http://example.org/smartcity#strategyCode,http://www.w3.org/2001/XMLSchema#string,range,http://www.w3.org/2000/01/rdf-schema#range,-1
http://example.org/smartcity#supersedesModel,http://example.org/smartcity#AIModel,domain,http://www.w3.org/2000/01/rdf-schema#domain,-1
http://example.org/smartcity#supersedesModel,http://example.org/smartcity#AIModel,range,http://www.w3.org/2000/01/rdf-schema#range,-1
http://example.org/smartcity#supportsPolicy,http://example.org/smartcity#MechanismSpecification,domain,http://www.w3.org/2000/01/rdf-schema#domain,-1
http://example.org/smartcity#supportsPolicy,http://example.org/smartcity#Policy,range,http://www.w3.org/2000/01/rdf-schema#range,-1
http://example.org/smartcity#tracedToMechanism,http://example.org/smartcity#Requirement,domain,http://www.w3.org/2000/01/rdf-schema#domain,-1
http://example.org/smartcity#tracedToMechanism,http://example.org/smartcity#MechanismSpecification,range,http://www.w3.org/2000/01/rdf-schema#range,-1
http://example.org/smartcity#tracedToPolicy,http://example.org/smartcity#Requirement,domain,http://www.w3.org/2000/01/rdf-schema#domain,-1
http://example.org/smartcity#tracedToPolicy,http://example.org/smartcity#Policy,range,http://www.w3.org/2000/01/rdf-schema#range,-1
http://example.org/smartcity#transferDestination,http://example.org/smartcity#TransferEvent,domain,http://www.w3.org/2000/01/rdf-schema#domain,-1
http://example.org/smartcity#transferSource,http://example.org/smartcity#TransferEvent,domain,http://www.w3.org/2000/01/rdf-schema#domain,-1
http://example.org/smartcity#transfersData,http://example.org/smartcity#FederatedLearningSession,domain,http://www.w3.org/2000/01/rdf-schema#domain,-1
http://example.org/smartcity#transfersData,http://example.org/smartcity#ParametrizedData,range,http://www.w3.org/2000/01/rdf-schema#range,-1
http://example.org/smartcity#triggeredByState,urn:continuum:ontology:3.0.0:node:91,domain,http://www.w3.org/2000/01/rdf-schema#domain,-1
http://example.org/smartcity#triggeredByState,http://example.org/smartcity#State,range,http://www.w3.org/2000/01/rdf-schema#range,-1
http://example.org/smartcity#trustAssessmentForState,http://example.org/smartcity#TrustAssessment,domain,http://www.w3.org/2000/01/rdf-schema#domain,-1
http://example.org/smartcity#trustAssessmentForState,http://example.org/smartcity#NodeState,range,http://www.w3.org/2000/01/rdf-schema#range,-1
http://example.org/smartcity#trustRuleVersion,http://example.org/smartcity#TrustAssessment,domain,http://www.w3.org/2000/01/rdf-schema#domain,-1
http://example.org/smartcity#trustRuleVersion,http://www.w3.org/2001/XMLSchema#string,range,http://www.w3.org/2000/01/rdf-schema#range,-1
http://example.org/smartcity#trustWindowEnd,http://example.org/smartcity#TrustAssessment,domain,http://www.w3.org/2000/01/rdf-schema#domain,-1
http://example.org/smartcity#trustWindowEnd,http://www.w3.org/2001/XMLSchema#dateTime,range,http://www.w3.org/2000/01/rdf-schema#range,-1
http://example.org/smartcity#trustWindowStart,http://example.org/smartcity#TrustAssessment,domain,http://www.w3.org/2000/01/rdf-schema#domain,-1
http://example.org/smartcity#trustWindowStart,http://www.w3.org/2001/XMLSchema#dateTime,range,http://www.w3.org/2000/01/rdf-schema#range,-1
http://example.org/smartcity#updatesModel,http://example.org/smartcity#FederatedLearningSession,domain,http://www.w3.org/2000/01/rdf-schema#domain,-1
http://example.org/smartcity#updatesModel,http://example.org/smartcity#AIModel,range,http://www.w3.org/2000/01/rdf-schema#range,-1
http://example.org/smartcity#userFeedbackScore,http://example.org/smartcity#UserState,domain,http://www.w3.org/2000/01/rdf-schema#domain,-1
http://example.org/smartcity#userFeedbackScore,http://www.w3.org/2001/XMLSchema#integer,range,http://www.w3.org/2000/01/rdf-schema#range,-1
http://example.org/smartcity#usesAcceptanceProfile,http://example.org/smartcity#ValidationCampaign,domain,http://www.w3.org/2000/01/rdf-schema#domain,-1
http://example.org/smartcity#usesAcceptanceProfile,http://example.org/smartcity#AcceptanceProfile,range,http://www.w3.org/2000/01/rdf-schema#range,-1
http://example.org/smartcity#usesEntailmentProfile,http://example.org/smartcity#SemanticNodeProfile,domain,http://www.w3.org/2000/01/rdf-schema#domain,-1
http://example.org/smartcity#usesEntailmentProfile,http://www.w3.org/2001/XMLSchema#string,range,http://www.w3.org/2000/01/rdf-schema#range,-1
http://example.org/smartcity#usesIdentifier,http://example.org/smartcity#TransferEvent,domain,http://www.w3.org/2000/01/rdf-schema#domain,-1
http://example.org/smartcity#usesIdentifier,http://example.org/smartcity#Identifier,range,http://www.w3.org/2000/01/rdf-schema#range,-1
http://example.org/smartcity#usesModel,http://example.org/smartcity#Service,domain,http://www.w3.org/2000/01/rdf-schema#domain,-1
http://example.org/smartcity#usesModel,http://example.org/smartcity#AIModel,range,http://www.w3.org/2000/01/rdf-schema#range,-1
http://example.org/smartcity#usesResolutionStrategy,http://example.org/smartcity#PolicyCategoryRelation,domain,http://www.w3.org/2000/01/rdf-schema#domain,-1
http://example.org/smartcity#usesResolutionStrategy,http://example.org/smartcity#ConflictResolutionStrategy,range,http://www.w3.org/2000/01/rdf-schema#range,-1
http://example.org/smartcity#usesStandard,http://example.org/smartcity#Artifact,domain,http://www.w3.org/2000/01/rdf-schema#domain,-1
http://example.org/smartcity#usesStandard,http://example.org/smartcity#StandardSpecification,range,http://www.w3.org/2000/01/rdf-schema#range,-1
http://example.org/smartcity#validFrom,http://example.org/smartcity#TemporalEntity,domain,http://www.w3.org/2000/01/rdf-schema#domain,-1
http://example.org/smartcity#validFrom,http://www.w3.org/2001/XMLSchema#dateTime,range,http://www.w3.org/2000/01/rdf-schema#range,-1
http://example.org/smartcity#validTo,http://example.org/smartcity#TemporalEntity,domain,http://www.w3.org/2000/01/rdf-schema#domain,-1
http://example.org/smartcity#validTo,http://www.w3.org/2001/XMLSchema#dateTime,range,http://www.w3.org/2000/01/rdf-schema#range,-1
http://example.org/smartcity#validationUsesOntology,http://example.org/smartcity#ValidationCampaign,domain,http://www.w3.org/2000/01/rdf-schema#domain,-1
http://example.org/smartcity#validationUsesOntology,http://example.org/smartcity#OntologyArtifact,range,http://www.w3.org/2000/01/rdf-schema#range,-1
http://example.org/smartcity#validationUsesPolicies,http://example.org/smartcity#ValidationCampaign,domain,http://www.w3.org/2000/01/rdf-schema#domain,-1
http://example.org/smartcity#validationUsesPolicies,http://example.org/smartcity#PolicyArtifact,range,http://www.w3.org/2000/01/rdf-schema#range,-1
http://example.org/smartcity#validationUsesQueries,http://example.org/smartcity#ValidationCampaign,domain,http://www.w3.org/2000/01/rdf-schema#domain,-1
http://example.org/smartcity#validationUsesQueries,http://example.org/smartcity#QueryCatalog,range,http://www.w3.org/2000/01/rdf-schema#range,-1
http://example.org/smartcity#validationUsesScenarios,http://example.org/smartcity#ValidationCampaign,domain,http://www.w3.org/2000/01/rdf-schema#domain,-1
http://example.org/smartcity#validationUsesScenarios,http://example.org/smartcity#ScenarioArtifact,range,http://www.w3.org/2000/01/rdf-schema#range,-1
urn:continuum:ontology:3.0.0:node:100,http://example.org/smartcity#User,union_member,http://www.w3.org/2002/07/owl#unionOf,0
urn:continuum:ontology:3.0.0:node:100,http://example.org/smartcity#SemanticContract,union_member,http://www.w3.org/2002/07/owl#unionOf,1
urn:continuum:ontology:3.0.0:node:100,http://example.org/smartcity#Policy,union_member,http://www.w3.org/2002/07/owl#unionOf,2
urn:continuum:ontology:3.0.0:node:100,http://example.org/smartcity#FederatedLearningSession,union_member,http://www.w3.org/2002/07/owl#unionOf,3
urn:continuum:ontology:3.0.0:node:100,http://example.org/smartcity#EvaluationState,union_member,http://www.w3.org/2002/07/owl#unionOf,4
urn:continuum:ontology:3.0.0:node:106,http://example.org/smartcity#SemanticContract,union_member,http://www.w3.org/2002/07/owl#unionOf,0
urn:continuum:ontology:3.0.0:node:106,http://example.org/smartcity#Policy,union_member,http://www.w3.org/2002/07/owl#unionOf,1
urn:continuum:ontology:3.0.0:node:106,http://example.org/smartcity#FederatedLearningSession,union_member,http://www.w3.org/2002/07/owl#unionOf,2
urn:continuum:ontology:3.0.0:node:106,http://example.org/smartcity#EvaluationState,union_member,http://www.w3.org/2002/07/owl#unionOf,3
urn:continuum:ontology:3.0.0:node:106,http://example.org/smartcity#Permission,union_member,http://www.w3.org/2002/07/owl#unionOf,4
urn:continuum:ontology:3.0.0:node:126,http://example.org/smartcity#NodeState,union_member,http://www.w3.org/2002/07/owl#unionOf,0
urn:continuum:ontology:3.0.0:node:126,http://example.org/smartcity#EvaluationState,union_member,http://www.w3.org/2002/07/owl#unionOf,1
urn:continuum:ontology:3.0.0:node:129,http://example.org/smartcity#FederatedLearningSession,union_member,http://www.w3.org/2002/07/owl#unionOf,0
urn:continuum:ontology:3.0.0:node:129,http://example.org/smartcity#ParametrizedData,union_member,http://www.w3.org/2002/07/owl#unionOf,1
urn:continuum:ontology:3.0.0:node:132,http://example.org/smartcity#Permission,union_member,http://www.w3.org/2002/07/owl#unionOf,0
urn:continuum:ontology:3.0.0:node:132,http://example.org/smartcity#Policy,union_member,http://www.w3.org/2002/07/owl#unionOf,1
urn:continuum:ontology:3.0.0:node:132,http://example.org/smartcity#Service,union_member,http://www.w3.org/2002/07/owl#unionOf,2
urn:continuum:ontology:3.0.0:node:132,http://example.org/smartcity#ServiceState,union_member,http://www.w3.org/2002/07/owl#unionOf,3
urn:continuum:ontology:3.0.0:node:132,http://example.org/smartcity#AIModel,union_member,http://www.w3.org/2002/07/owl#unionOf,4
urn:continuum:ontology:3.0.0:node:132,http://example.org/smartcity#FederatedLearningSession,union_member,http://www.w3.org/2002/07/owl#unionOf,5
urn:continuum:ontology:3.0.0:node:132,http://example.org/smartcity#EvaluationState,union_member,http://www.w3.org/2002/07/owl#unionOf,6
urn:continuum:ontology:3.0.0:node:140,http://example.org/smartcity#FederatedLearningSession,union_member,http://www.w3.org/2002/07/owl#unionOf,0
urn:continuum:ontology:3.0.0:node:140,http://example.org/smartcity#ParametrizedData,union_member,http://www.w3.org/2002/07/owl#unionOf,1
urn:continuum:ontology:3.0.0:node:143,http://example.org/smartcity#User,union_member,http://www.w3.org/2002/07/owl#unionOf,0
urn:continuum:ontology:3.0.0:node:143,http://example.org/smartcity#ComputationalNode,union_member,http://www.w3.org/2002/07/owl#unionOf,1
urn:continuum:ontology:3.0.0:node:143,http://example.org/smartcity#CityArea,union_member,http://www.w3.org/2002/07/owl#unionOf,2
urn:continuum:ontology:3.0.0:node:143,http://example.org/smartcity#Service,union_member,http://www.w3.org/2002/07/owl#unionOf,3
urn:continuum:ontology:3.0.0:node:143,http://example.org/smartcity#FederatedLearningSession,union_member,http://www.w3.org/2002/07/owl#unionOf,4
urn:continuum:ontology:3.0.0:node:143,http://example.org/smartcity#SemanticContract,union_member,http://www.w3.org/2002/07/owl#unionOf,5
urn:continuum:ontology:3.0.0:node:83,http://example.org/smartcity#Permission,union_member,http://www.w3.org/2002/07/owl#unionOf,0
urn:continuum:ontology:3.0.0:node:83,http://example.org/smartcity#Policy,union_member,http://www.w3.org/2002/07/owl#unionOf,1
urn:continuum:ontology:3.0.0:node:83,http://example.org/smartcity#Service,union_member,http://www.w3.org/2002/07/owl#unionOf,2
urn:continuum:ontology:3.0.0:node:83,http://example.org/smartcity#ServiceState,union_member,http://www.w3.org/2002/07/owl#unionOf,3
urn:continuum:ontology:3.0.0:node:83,http://example.org/smartcity#AIModel,union_member,http://www.w3.org/2002/07/owl#unionOf,4
urn:continuum:ontology:3.0.0:node:83,http://example.org/smartcity#FederatedLearningSession,union_member,http://www.w3.org/2002/07/owl#unionOf,5
urn:continuum:ontology:3.0.0:node:83,http://example.org/smartcity#EvaluationState,union_member,http://www.w3.org/2002/07/owl#unionOf,6
urn:continuum:ontology:3.0.0:node:91,http://example.org/smartcity#DelegationEvent,union_member,http://www.w3.org/2002/07/owl#unionOf,0
urn:continuum:ontology:3.0.0:node:91,http://example.org/smartcity#EvaluationState,union_member,http://www.w3.org/2002/07/owl#unionOf,1
urn:continuum:ontology:3.0.0:node:94,http://example.org/smartcity#ComputationalNode,union_member,http://www.w3.org/2002/07/owl#unionOf,0
urn:continuum:ontology:3.0.0:node:94,http://example.org/smartcity#DelegationEvent,union_member,http://www.w3.org/2002/07/owl#unionOf,1
urn:continuum:ontology:3.0.0:node:97,http://example.org/smartcity#FederatedLearningSession,union_member,http://www.w3.org/2002/07/owl#unionOf,0
urn:continuum:ontology:3.0.0:node:97,http://example.org/smartcity#ParametrizedData,union_member,http://www.w3.org/2002/07/owl#unionOf,1
