category,layout,query_ms,reasoner,repetition
identity_consent,sharded,1265.3629019999994,rdfs,1
policy_governance,sharded,224.666607,rdfs,1
validation,sharded,76.44317699999999,rdfs,1
semantic_schema,sharded,32.15844,rdfs,1
security_identity,sharded,642.479956,rdfs,1
observability,sharded,329.00046,rdfs,1
topology,sharded,109.72923,rdfs,1
trust,sharded,308.856617,rdfs,1
decision,sharded,1347.2915620000006,rdfs,1
federation,sharded,520.025803,rdfs,1
data_lifecycle,sharded,676.7031240000001,rdfs,1
wellbeing,sharded,200.545241,rdfs,1
delegation,sharded,458.57364700000005,rdfs,1
adaptation,sharded,505.55886000000004,rdfs,1
context_zones,sharded,402.6666350000001,rdfs,1
audit_temporal,sharded,1020.03033,rdfs,1
identity_consent,sharded,1493.2483889999994,rdfs,2
policy_governance,sharded,170.39025900000001,rdfs,2
validation,sharded,84.08029400000001,rdfs,2
semantic_schema,sharded,68.994456,rdfs,2
security_identity,sharded,828.5679180000001,rdfs,2
observability,sharded,188.47348000000002,rdfs,2
topology,sharded,111.91600700000001,rdfs,2
trust,sharded,308.993564,rdfs,2
decision,sharded,1465.2921710000005,rdfs,2
federation,sharded,581.9100859999999,rdfs,2
data_lifecycle,sharded,525.193305,rdfs,2
wellbeing,sharded,199.53318499999997,rdfs,2
delegation,sharded,304.5218650000001,rdfs,2
adaptation,sharded,502.5038099999999,rdfs,2
context_zones,sharded,401.036707,rdfs,2
audit_temporal,sharded,849.805571,rdfs,2
identity_consent,sharded,1387.638384,rdfs,3
policy_governance,sharded,218.93981399999998,rdfs,3
validation,sharded,78.09202099999999,rdfs,3
semantic_schema,sharded,31.58596,rdfs,3
security_identity,sharded,741.3468539999999,rdfs,3
observability,sharded,188.188867,rdfs,3
topology,sharded,110.178933,rdfs,3
trust,sharded,309.95724700000005,rdfs,3
decision,sharded,1349.3848730000002,rdfs,3
federation,sharded,520.781344,rdfs,3
data_lifecycle,sharded,670.6373449999999,rdfs,3
wellbeing,sharded,198.843482,rdfs,3
delegation,sharded,304.85479000000004,rdfs,3
adaptation,sharded,505.5989370000001,rdfs,3
context_zones,sharded,401.118597,rdfs,3
audit_temporal,sharded,851.192513,rdfs,3
identity_consent,sharded,1238.473604,owlrl,1
policy_governance,sharded,170.808948,owlrl,1
validation,sharded,113.466584,owlrl,1
semantic_schema,sharded,32.300645,owlrl,1
security_identity,sharded,494.635857,owlrl,1
observability,sharded,189.615459,owlrl,1
topology,sharded,115.09974700000001,owlrl,1
trust,sharded,306.42584,owlrl,1
decision,sharded,1466.9773979999998,owlrl,1
federation,sharded,519.5926039999999,owlrl,1
data_lifecycle,sharded,525.718116,owlrl,1
wellbeing,sharded,200.45025900000002,owlrl,1
delegation,sharded,304.584142,owlrl,1
adaptation,sharded,503.21328800000003,owlrl,1
context_zones,sharded,401.05443,owlrl,1
audit_temporal,sharded,1077.955789,owlrl,1
identity_consent,sharded,1239.1883849999997,owlrl,2
policy_governance,sharded,170.488089,owlrl,2
validation,sharded,64.166258,owlrl,2
semantic_schema,sharded,31.576594,owlrl,2
security_identity,sharded,625.6017659999999,owlrl,2
observability,sharded,320.32509100000004,owlrl,2
topology,sharded,112.33406299999999,owlrl,2
trust,sharded,458.453672,owlrl,2
decision,sharded,1346.0765909999998,owlrl,2
federation,sharded,521.007247,owlrl,2
data_lifecycle,sharded,528.203323,owlrl,2
wellbeing,sharded,201.18379799999997,owlrl,2
delegation,sharded,305.534607,owlrl,2
adaptation,sharded,508.2721020000001,owlrl,2
context_zones,sharded,404.2953780000001,owlrl,2
audit_temporal,sharded,953.119654,owlrl,2
identity_consent,sharded,1380.712851,owlrl,3
policy_governance,sharded,192.302899,owlrl,3
validation,sharded,68.92077900000001,owlrl,3
semantic_schema,sharded,38.508832000000005,owlrl,3
security_identity,sharded,655.2606999999999,owlrl,3
observability,sharded,316.615645,owlrl,3
topology,sharded,110.76778399999999,owlrl,3
trust,sharded,306.16839600000003,owlrl,3
decision,sharded,1340.972132,owlrl,3
federation,sharded,527.8606190000002,owlrl,3
data_lifecycle,sharded,538.0049740000001,owlrl,3
wellbeing,sharded,201.307871,owlrl,3
delegation,sharded,306.45703000000003,owlrl,3
adaptation,sharded,502.028139,owlrl,3
context_zones,sharded,400.81241400000005,owlrl,3
audit_temporal,sharded,947.9138250000001,owlrl,3
identity_consent,sharded,1257.667545,rdfs_owlrl,1
policy_governance,sharded,196.372339,rdfs_owlrl,1
validation,sharded,67.37312,rdfs_owlrl,1
semantic_schema,sharded,34.593395,rdfs_owlrl,1
security_identity,sharded,1097.256428,rdfs_owlrl,1
observability,sharded,319.065887,rdfs_owlrl,1
topology,sharded,110.255581,rdfs_owlrl,1
trust,sharded,310.61298800000003,rdfs_owlrl,1
decision,sharded,1358.056677,rdfs_owlrl,1
federation,sharded,522.113562,rdfs_owlrl,1
data_lifecycle,sharded,677.971013,rdfs_owlrl,1
wellbeing,sharded,206.135782,rdfs_owlrl,1
delegation,sharded,312.72875600000003,rdfs_owlrl,1
adaptation,sharded,517.494771,rdfs_owlrl,1
context_zones,sharded,569.6596880000001,rdfs_owlrl,1
audit_temporal,sharded,1015.6538109999999,rdfs_owlrl,1
identity_consent,sharded,1274.2307250000001,rdfs_owlrl,2
policy_governance,sharded,182.009917,rdfs_owlrl,2
validation,sharded,66.022413,rdfs_owlrl,2
semantic_schema,sharded,35.297395,rdfs_owlrl,2
security_identity,sharded,1292.1370590000004,rdfs_owlrl,2
observability,sharded,203.255683,rdfs_owlrl,2
topology,sharded,111.23019300000001,rdfs_owlrl,2
trust,sharded,442.644081,rdfs_owlrl,2
decision,sharded,1347.3193389999994,rdfs_owlrl,2
federation,sharded,528.4339889999999,rdfs_owlrl,2
data_lifecycle,sharded,531.6077300000002,rdfs_owlrl,2
wellbeing,sharded,207.081483,rdfs_owlrl,2
delegation,sharded,310.222846,rdfs_owlrl,2
adaptation,sharded,517.6973260000001,rdfs_owlrl,2
context_zones,sharded,408.72628799999995,rdfs_owlrl,2
audit_temporal,sharded,948.5972310000001,rdfs_owlrl,2
identity_consent,sharded,1262.3860850000003,rdfs_owlrl,3
policy_governance,sharded,200.73460099999997,rdfs_owlrl,3
validation,sharded,71.45915600000001,rdfs_owlrl,3
semantic_schema,sharded,51.441914999999995,rdfs_owlrl,3
security_identity,sharded,1211.461723,rdfs_owlrl,3
observability,sharded,186.87096,rdfs_owlrl,3
topology,sharded,250.391639,rdfs_owlrl,3
trust,sharded,308.795303,rdfs_owlrl,3
decision,sharded,1340.5223689999996,rdfs_owlrl,3
federation,sharded,521.464801,rdfs_owlrl,3
data_lifecycle,sharded,676.27201,rdfs_owlrl,3
wellbeing,sharded,201.890481,rdfs_owlrl,3
delegation,sharded,316.2597,rdfs_owlrl,3
adaptation,sharded,512.848793,rdfs_owlrl,3
context_zones,sharded,401.064762,rdfs_owlrl,3
audit_temporal,sharded,946.9260279999999,rdfs_owlrl,3
security_identity,replicated,81.58331600000001,rdfs,1
semantic_schema,replicated,54.291172,rdfs,1
data_lifecycle,replicated,137.472652,rdfs,1
decision,replicated,355.117465,rdfs,1
identity_consent,replicated,330.488228,rdfs,1
wellbeing,replicated,47.955963,rdfs,1
federation,replicated,109.14951099999999,rdfs,1
context_zones,replicated,129.013575,rdfs,1
validation,replicated,366.571587,rdfs,1
topology,replicated,37.926888000000005,rdfs,1
delegation,replicated,103.72699700000001,rdfs,1
policy_governance,replicated,446.946553,rdfs,1
adaptation,replicated,205.99447300000003,rdfs,1
trust,replicated,111.355106,rdfs,1
observability,replicated,94.09223,rdfs,1
audit_temporal,replicated,699.856047,rdfs,1
security_identity,replicated,79.626805,rdfs,2
semantic_schema,replicated,54.516608000000005,rdfs,2
data_lifecycle,replicated,147.300253,rdfs,2
decision,replicated,314.97842099999997,rdfs,2
identity_consent,replicated,328.58781,rdfs,2
wellbeing,replicated,46.60595000000001,rdfs,2
federation,replicated,108.022284,rdfs,2
context_zones,replicated,127.47049800000002,rdfs,2
validation,replicated,366.250711,rdfs,2
topology,replicated,90.03447399999999,rdfs,2
delegation,replicated,71.482227,rdfs,2
policy_governance,replicated,449.166023,rdfs,2
adaptation,replicated,109.61215,rdfs,2
trust,replicated,117.53433,rdfs,2
observability,replicated,84.626309,rdfs,2
audit_temporal,replicated,600.997333,rdfs,2
security_identity,replicated,99.46252900000002,rdfs,3
semantic_schema,replicated,103.024591,rdfs,3
data_lifecycle,replicated,232.752506,rdfs,3
decision,replicated,315.020209,rdfs,3
identity_consent,replicated,377.10659699999997,rdfs,3
wellbeing,replicated,45.820865,rdfs,3
federation,replicated,218.033716,rdfs,3
context_zones,replicated,163.15980000000002,rdfs,3
validation,replicated,381.322764,rdfs,3
topology,replicated,36.493299,rdfs,3
delegation,replicated,61.020830000000004,rdfs,3
policy_governance,replicated,444.166134,rdfs,3
adaptation,replicated,109.047826,rdfs,3
trust,replicated,109.87069199999999,rdfs,3
observability,replicated,83.109358,rdfs,3
audit_temporal,replicated,474.966332,rdfs,3
security_identity,replicated,127.287232,owlrl,1
decision,replicated,620.6870819999999,owlrl,1
identity_consent,replicated,348.97467499999993,owlrl,1
federation,replicated,101.84223,owlrl,1
wellbeing,replicated,56.862888,owlrl,1
trust,replicated,254.47240800000003,owlrl,1
audit_temporal,replicated,439.017653,owlrl,1
context_zones,replicated,74.930084,owlrl,1
validation,replicated,177.31007800000003,owlrl,1
data_lifecycle,replicated,115.95815300000001,owlrl,1
policy_governance,replicated,463.83684300000004,owlrl,1
delegation,replicated,100.71557,owlrl,1
adaptation,replicated,156.00590900000003,owlrl,1
semantic_schema,replicated,70.94737,owlrl,1
topology,replicated,43.707647,owlrl,1
observability,replicated,105.701215,owlrl,1
security_identity,replicated,104.295794,owlrl,2
decision,replicated,517.407683,owlrl,2
identity_consent,replicated,338.662549,owlrl,2
federation,replicated,101.050126,owlrl,2
wellbeing,replicated,57.200719,owlrl,2
trust,replicated,101.616475,owlrl,2
audit_temporal,replicated,436.46048299999995,owlrl,2
context_zones,replicated,72.623208,owlrl,2
validation,replicated,172.821991,owlrl,2
data_lifecycle,replicated,122.159764,owlrl,2
policy_governance,replicated,554.3311550000001,owlrl,2
delegation,replicated,100.175145,owlrl,2
adaptation,replicated,156.44451800000002,owlrl,2
semantic_schema,replicated,70.451133,owlrl,2
topology,replicated,41.17958900000001,owlrl,2
observability,replicated,107.70055300000001,owlrl,2
security_identity,replicated,142.158229,owlrl,3
decision,replicated,375.591106,owlrl,3
identity_consent,replicated,324.14327099999997,owlrl,3
federation,replicated,179.72279600000002,owlrl,3
wellbeing,replicated,62.794353,owlrl,3
trust,replicated,104.46037799999999,owlrl,3
audit_temporal,replicated,540.6421280000001,owlrl,3
context_zones,replicated,81.310486,owlrl,3
validation,replicated,188.874941,owlrl,3
data_lifecycle,replicated,99.85771500000001,owlrl,3
policy_governance,replicated,412.013184,owlrl,3
delegation,replicated,100.992949,owlrl,3
adaptation,replicated,155.239704,owlrl,3
semantic_schema,replicated,70.07817899999999,owlrl,3
topology,replicated,41.559432,owlrl,3
observability,replicated,105.497136,owlrl,3
security_identity,replicated,100.472948,rdfs_owlrl,1
observability,replicated,113.400657,rdfs_owlrl,1
semantic_schema,replicated,114.71897799999999,rdfs_owlrl,1
decision,replicated,299.474604,rdfs_owlrl,1
data_lifecycle,replicated,216.019665,rdfs_owlrl,1
wellbeing,replicated,63.56066800000001,rdfs_owlrl,1
identity_consent,replicated,343.170927,rdfs_owlrl,1
context_zones,replicated,66.393787,rdfs_owlrl,1
audit_temporal,replicated,539.19138,rdfs_owlrl,1
trust,replicated,162.735741,rdfs_owlrl,1
delegation,replicated,122.485007,rdfs_owlrl,1
topology,replicated,55.897597999999995,rdfs_owlrl,1
validation,replicated,266.32831699999997,rdfs_owlrl,1
adaptation,replicated,136.639141,rdfs_owlrl,1
policy_governance,replicated,325.85373500000003,rdfs_owlrl,1
federation,replicated,110.808076,rdfs_owlrl,1
security_identity,replicated,155.309065,rdfs_owlrl,2
observability,replicated,112.60982899999999,rdfs_owlrl,2
semantic_schema,replicated,111.721396,rdfs_owlrl,2
decision,replicated,362.02725100000004,rdfs_owlrl,2
data_lifecycle,replicated,107.981656,rdfs_owlrl,2
wellbeing,replicated,63.484249999999996,rdfs_owlrl,2
identity_consent,replicated,312.28128999999996,rdfs_owlrl,2
context_zones,replicated,65.800882,rdfs_owlrl,2
audit_temporal,replicated,779.9969000000001,rdfs_owlrl,2
trust,replicated,317.06137199999995,rdfs_owlrl,2
delegation,replicated,121.39752399999999,rdfs_owlrl,2
topology,replicated,54.703387000000006,rdfs_owlrl,2
validation,replicated,211.165328,rdfs_owlrl,2
adaptation,replicated,137.773716,rdfs_owlrl,2
policy_governance,replicated,340.36873899999995,rdfs_owlrl,2
federation,replicated,108.754271,rdfs_owlrl,2
security_identity,replicated,101.563108,rdfs_owlrl,3
observability,replicated,269.63886,rdfs_owlrl,3
semantic_schema,replicated,374.950425,rdfs_owlrl,3
decision,replicated,278.059129,rdfs_owlrl,3
data_lifecycle,replicated,95.984735,rdfs_owlrl,3
wellbeing,replicated,64.500938,rdfs_owlrl,3
identity_consent,replicated,315.54512600000004,rdfs_owlrl,3
context_zones,replicated,66.427985,rdfs_owlrl,3
audit_temporal,replicated,535.777235,rdfs_owlrl,3
trust,replicated,166.082748,rdfs_owlrl,3
delegation,replicated,171.423544,rdfs_owlrl,3
topology,replicated,54.228683000000004,rdfs_owlrl,3
validation,replicated,211.3958,rdfs_owlrl,3
adaptation,replicated,161.71063800000002,rdfs_owlrl,3
policy_governance,replicated,337.367038,rdfs_owlrl,3
federation,replicated,106.649641,rdfs_owlrl,3
