figure,maximum,median,metric,minimum,n,series,x
sharded-cumulative-time,7.850574527,7.718689404000001,total_wall_ms,7.699147953,3,owlrl,1.0
sharded-cumulative-time,7.844552669,7.694450464000001,total_wall_ms,7.601860669000001,3,owlrl,2.0
sharded-cumulative-time,7.963445731,7.811228054,total_wall_ms,7.715513136,3,owlrl,3.0
sharded-cumulative-time,8.426268842999999,8.280717627,total_wall_ms,8.197932739,3,owlrl,4.0
sharded-cumulative-time,8.642521357,8.591060649000001,total_wall_ms,8.520627749,3,owlrl,5.0
sharded-cumulative-time,9.301269608,8.963835709000001,total_wall_ms,8.895548894,3,owlrl,6.0
sharded-cumulative-time,9.346200386,9.015789647,total_wall_ms,8.965512533000002,3,owlrl,7.0
sharded-cumulative-time,9.387848868999999,9.228971848,total_wall_ms,9.091855513,3,owlrl,8.0
sharded-cumulative-time,9.801936138999999,9.713685923000002,total_wall_ms,9.640502436999999,3,owlrl,9.0
sharded-cumulative-time,9.907763358,9.804992244000001,total_wall_ms,9.653566719,3,owlrl,10.0
sharded-cumulative-time,10.227538026999998,10.075858531,total_wall_ms,9.980602006000002,3,owlrl,11.0
sharded-cumulative-time,11.226857017999999,10.117021596999999,total_wall_ms,10.040002676,3,owlrl,12.0
sharded-cumulative-time,10.54967699,10.347027653000001,total_wall_ms,10.310604873,3,owlrl,13.0
sharded-cumulative-time,11.050879695999999,10.918588016000001,total_wall_ms,10.721660694,3,owlrl,14.0
sharded-cumulative-time,11.101507946,11.059305283000002,total_wall_ms,10.776811347,3,owlrl,15.0
sharded-cumulative-time,11.416623527,11.400032319999998,total_wall_ms,11.138371238,3,owlrl,16.0
sharded-cumulative-time,2.583233863,2.4281212059999997,total_wall_ms,2.3207704010000003,3,rdfs,1.0
sharded-cumulative-time,2.605564196,2.484542246,total_wall_ms,2.3994602730000003,3,rdfs,2.0
sharded-cumulative-time,2.5380403129999998,2.52358948,total_wall_ms,2.433146467,3,rdfs,3.0
sharded-cumulative-time,3.0459391239999998,3.005334436,total_wall_ms,2.9860127270000003,3,rdfs,4.0
sharded-cumulative-time,3.1977680179999997,3.1713770880000003,total_wall_ms,3.095989944,3,rdfs,5.0
sharded-cumulative-time,3.7114532339999995,3.670447546,total_wall_ms,3.5617081719999995,3,rdfs,6.0
sharded-cumulative-time,7.360847767,3.855947807,total_wall_ms,3.8088868620000005,3,rdfs,7.0
sharded-cumulative-time,4.132562876,3.9957878330000005,total_wall_ms,3.9672235099999997,3,rdfs,8.0
sharded-cumulative-time,4.529229943000001,4.496371039,total_wall_ms,4.4585991389999995,3,rdfs,9.0
sharded-cumulative-time,4.5377466879999995,4.472054043,total_wall_ms,4.423063794,3,rdfs,10.0
sharded-cumulative-time,6.129480613,6.1059201320000005,total_wall_ms,5.969794273,3,rdfs,11.0
sharded-cumulative-time,5.770213614,5.086501187,total_wall_ms,5.043087374,3,rdfs,12.0
sharded-cumulative-time,6.330398766,5.3230377,total_wall_ms,5.195140501,3,rdfs,13.0
sharded-cumulative-time,5.714500461000001,5.519481748,total_wall_ms,5.449695601999999,3,rdfs,14.0
sharded-cumulative-time,6.680108719,5.665096141,total_wall_ms,5.537240664,3,rdfs,15.0
sharded-cumulative-time,6.406384883,6.208200492,total_wall_ms,6.11475461,3,rdfs,16.0
sharded-cumulative-time,14.371561238,14.06524412,total_wall_ms,14.023323096999999,3,rdfs_owlrl,1.0
sharded-cumulative-time,14.343593194999999,14.060900889000001,total_wall_ms,14.01391648,3,rdfs_owlrl,2.0
sharded-cumulative-time,14.461935868,14.183964382000001,total_wall_ms,14.124297227,3,rdfs_owlrl,3.0
sharded-cumulative-time,15.207940492,14.738567951999999,total_wall_ms,14.660669848,3,rdfs_owlrl,4.0
sharded-cumulative-time,15.147287702,14.947018026,total_wall_ms,14.868675761999999,3,rdfs_owlrl,5.0
sharded-cumulative-time,15.830322946,15.804197130999999,total_wall_ms,15.794419448,3,rdfs_owlrl,6.0
sharded-cumulative-time,15.941766395999998,15.679730844,total_wall_ms,15.676561734,3,rdfs_owlrl,7.0
sharded-cumulative-time,16.138268914,15.801268199,total_wall_ms,15.792914903,3,rdfs_owlrl,8.0
sharded-cumulative-time,17.057170265,17.051431781999998,total_wall_ms,16.307219539,3,rdfs_owlrl,9.0
sharded-cumulative-time,16.661714108,16.444218195,total_wall_ms,16.382639467,3,rdfs_owlrl,10.0
sharded-cumulative-time,16.990491088,16.698818928,total_wall_ms,16.60455429,3,rdfs_owlrl,11.0
sharded-cumulative-time,19.446223958999997,17.245520194,total_wall_ms,16.942651151,3,rdfs_owlrl,12.0
sharded-cumulative-time,18.071592223,17.439395105,total_wall_ms,17.207242179,3,rdfs_owlrl,13.0
sharded-cumulative-time,17.945884776,17.704498174,total_wall_ms,17.563125537,3,rdfs_owlrl,14.0
sharded-cumulative-time,17.671138219,17.651079011,total_wall_ms,17.409273482,3,rdfs_owlrl,15.0
sharded-cumulative-time,18.422861419,18.151887953000003,total_wall_ms,18.013215156999998,3,rdfs_owlrl,16.0
sharded-cumulative-time,6.965203829,6.858181274,max_node_reasoning_ms,6.7795221439999995,3,owlrl,1.0
sharded-cumulative-time,6.965203829,6.858181274,max_node_reasoning_ms,6.7795221439999995,3,owlrl,2.0
sharded-cumulative-time,6.965203829,6.858181274,max_node_reasoning_ms,6.7795221439999995,3,owlrl,3.0
sharded-cumulative-time,6.965203829,6.858181274,max_node_reasoning_ms,6.7795221439999995,3,owlrl,4.0
sharded-cumulative-time,6.965203829,6.858181274,max_node_reasoning_ms,6.7795221439999995,3,owlrl,5.0
sharded-cumulative-time,6.965203829,6.858181274,max_node_reasoning_ms,6.7795221439999995,3,owlrl,6.0
sharded-cumulative-time,6.965203829,6.858181274,max_node_reasoning_ms,6.7795221439999995,3,owlrl,7.0
sharded-cumulative-time,6.965203829,6.858181274,max_node_reasoning_ms,6.7795221439999995,3,owlrl,8.0
sharded-cumulative-time,6.965203829,6.858181274,max_node_reasoning_ms,6.7795221439999995,3,owlrl,9.0
sharded-cumulative-time,6.965203829,6.858181274,max_node_reasoning_ms,6.7795221439999995,3,owlrl,10.0
sharded-cumulative-time,6.965203829,6.858181274,max_node_reasoning_ms,6.7795221439999995,3,owlrl,11.0
sharded-cumulative-time,6.965203829,6.858181274,max_node_reasoning_ms,6.7795221439999995,3,owlrl,12.0
sharded-cumulative-time,6.965203829,6.858181274,max_node_reasoning_ms,6.7795221439999995,3,owlrl,13.0
sharded-cumulative-time,6.965203829,6.858181274,max_node_reasoning_ms,6.7795221439999995,3,owlrl,14.0
sharded-cumulative-time,6.965203829,6.858181274,max_node_reasoning_ms,6.7795221439999995,3,owlrl,15.0
sharded-cumulative-time,6.965203829,6.858181274,max_node_reasoning_ms,6.7795221439999995,3,owlrl,16.0
sharded-cumulative-time,1.6914240919999999,1.585808276,max_node_reasoning_ms,1.573619592,3,rdfs,1.0
sharded-cumulative-time,1.6914240919999999,1.585808276,max_node_reasoning_ms,1.573619592,3,rdfs,2.0
sharded-cumulative-time,1.6914240919999999,1.585808276,max_node_reasoning_ms,1.573619592,3,rdfs,3.0
sharded-cumulative-time,1.6914240919999999,1.585808276,max_node_reasoning_ms,1.573619592,3,rdfs,4.0
sharded-cumulative-time,1.6914240919999999,1.585808276,max_node_reasoning_ms,1.573619592,3,rdfs,5.0
sharded-cumulative-time,1.6914240919999999,1.585808276,max_node_reasoning_ms,1.573619592,3,rdfs,6.0
sharded-cumulative-time,1.6914240919999999,1.585808276,max_node_reasoning_ms,1.573619592,3,rdfs,7.0
sharded-cumulative-time,1.6914240919999999,1.585808276,max_node_reasoning_ms,1.573619592,3,rdfs,8.0
sharded-cumulative-time,1.6914240919999999,1.585808276,max_node_reasoning_ms,1.573619592,3,rdfs,9.0
sharded-cumulative-time,1.6914240919999999,1.585808276,max_node_reasoning_ms,1.573619592,3,rdfs,10.0
sharded-cumulative-time,1.6914240919999999,1.585808276,max_node_reasoning_ms,1.573619592,3,rdfs,11.0
sharded-cumulative-time,1.6914240919999999,1.585808276,max_node_reasoning_ms,1.573619592,3,rdfs,12.0
sharded-cumulative-time,1.6914240919999999,1.585808276,max_node_reasoning_ms,1.573619592,3,rdfs,13.0
sharded-cumulative-time,1.6914240919999999,1.585808276,max_node_reasoning_ms,1.573619592,3,rdfs,14.0
sharded-cumulative-time,1.6914240919999999,1.585808276,max_node_reasoning_ms,1.573619592,3,rdfs,15.0
sharded-cumulative-time,1.6914240919999999,1.585808276,max_node_reasoning_ms,1.573619592,3,rdfs,16.0
sharded-cumulative-time,13.229726363,13.18807064,max_node_reasoning_ms,13.15183677,3,rdfs_owlrl,1.0
sharded-cumulative-time,13.229726363,13.18807064,max_node_reasoning_ms,13.15183677,3,rdfs_owlrl,2.0
sharded-cumulative-time,13.229726363,13.18807064,max_node_reasoning_ms,13.15183677,3,rdfs_owlrl,3.0
sharded-cumulative-time,13.229726363,13.18807064,max_node_reasoning_ms,13.15183677,3,rdfs_owlrl,4.0
sharded-cumulative-time,13.229726363,13.18807064,max_node_reasoning_ms,13.15183677,3,rdfs_owlrl,5.0
sharded-cumulative-time,13.229726363,13.18807064,max_node_reasoning_ms,13.15183677,3,rdfs_owlrl,6.0
sharded-cumulative-time,13.229726363,13.18807064,max_node_reasoning_ms,13.15183677,3,rdfs_owlrl,7.0
sharded-cumulative-time,13.229726363,13.18807064,max_node_reasoning_ms,13.15183677,3,rdfs_owlrl,8.0
sharded-cumulative-time,13.229726363,13.18807064,max_node_reasoning_ms,13.15183677,3,rdfs_owlrl,9.0
sharded-cumulative-time,13.229726363,13.18807064,max_node_reasoning_ms,13.15183677,3,rdfs_owlrl,10.0
sharded-cumulative-time,13.229726363,13.18807064,max_node_reasoning_ms,13.15183677,3,rdfs_owlrl,11.0
sharded-cumulative-time,13.229726363,13.18807064,max_node_reasoning_ms,13.15183677,3,rdfs_owlrl,12.0
sharded-cumulative-time,13.229726363,13.18807064,max_node_reasoning_ms,13.15183677,3,rdfs_owlrl,13.0
sharded-cumulative-time,13.229726363,13.18807064,max_node_reasoning_ms,13.15183677,3,rdfs_owlrl,14.0
sharded-cumulative-time,13.229726363,13.18807064,max_node_reasoning_ms,13.15183677,3,rdfs_owlrl,15.0
sharded-cumulative-time,13.229726363,13.18807064,max_node_reasoning_ms,13.15183677,3,rdfs_owlrl,16.0
sharded-cumulative-time,0.177909236,0.062712944,query_wall_ms,0.061992436,3,owlrl,1.0
sharded-cumulative-time,0.061080500999999995,0.057294947,query_wall_ms,0.056691086,3,owlrl,2.0
sharded-cumulative-time,0.175584148,0.174732968,query_wall_ms,0.174072537,3,owlrl,3.0
sharded-cumulative-time,0.6571525709999999,0.6435621100000001,query_wall_ms,0.6384072599999999,3,owlrl,4.0
sharded-cumulative-time,0.9798475810000001,0.9539051319999999,query_wall_ms,0.8546597739999999,3,owlrl,5.0
sharded-cumulative-time,1.5134080250000002,1.354768726,query_wall_ms,1.326680192,3,owlrl,6.0
sharded-cumulative-time,1.5583388029999998,1.424732365,query_wall_ms,1.3786341300000002,3,owlrl,7.0
sharded-cumulative-time,1.5999872859999997,1.591816331,query_wall_ms,1.5510753449999999,3,owlrl,8.0
sharded-cumulative-time,2.172905755,2.014074556,query_wall_ms,2.00334692,3,owlrl,9.0
sharded-cumulative-time,2.1678367270000005,2.1199017749999998,query_wall_ms,2.1127865509999997,3,owlrl,10.0
sharded-cumulative-time,2.439821838,2.4396764439999994,query_wall_ms,2.438703014,3,owlrl,11.0
sharded-cumulative-time,3.438995435,2.5762414289999995,query_wall_ms,2.402847159,3,owlrl,12.0
sharded-cumulative-time,2.8062474849999997,2.7618154069999994,query_wall_ms,2.673449356,3,owlrl,13.0
sharded-cumulative-time,3.2814324990000006,3.263018113,query_wall_ms,3.1808805259999997,3,owlrl,14.0
sharded-cumulative-time,3.5185251150000005,3.3136463629999997,query_wall_ms,3.1396558300000006,3,owlrl,15.0
sharded-cumulative-time,3.7794680100000004,3.6121707369999996,query_wall_ms,3.59759107,3,owlrl,16.0
sharded-cumulative-time,0.244552844,0.060962744,query_wall_ms,0.059644364000000005,3,rdfs,1.0
sharded-cumulative-time,0.238405734,0.223416209,query_wall_ms,0.060779254000000005,3,rdfs,2.0
sharded-cumulative-time,0.184908461,0.17202043,query_wall_ms,0.17088185099999997,3,rdfs,3.0
sharded-cumulative-time,0.784813087,0.6473317080000001,query_wall_ms,0.638175974,3,rdfs,4.0
sharded-cumulative-time,0.8348639069999999,0.832696069,query_wall_ms,0.8306095560000001,3,rdfs,5.0
sharded-cumulative-time,1.344294772,1.331766527,query_wall_ms,1.3005821349999998,3,rdfs,6.0
sharded-cumulative-time,5.099721730000001,1.488789345,query_wall_ms,1.470205843,3,rdfs,7.0
sharded-cumulative-time,1.8714368389999998,1.6286293710000002,query_wall_ms,1.6285424909999997,3,rdfs,8.0
sharded-cumulative-time,2.1974731020000005,2.1905489240000007,query_wall_ms,2.1292125769999997,3,rdfs,9.0
sharded-cumulative-time,2.170588226,2.1619377569999996,query_wall_ms,2.1333730239999995,3,rdfs,10.0
sharded-cumulative-time,3.868354576,3.767239113,query_wall_ms,3.6026358110000003,3,rdfs,11.0
sharded-cumulative-time,3.5090875770000003,2.7193427250000006,query_wall_ms,2.7044063549999997,3,rdfs,12.0
sharded-cumulative-time,3.9632403039999997,2.9843566810000004,query_wall_ms,2.9340144639999997,3,rdfs,13.0
sharded-cumulative-time,3.3473419990000006,3.258355710999999,query_wall_ms,3.111014583,3,rdfs,14.0
sharded-cumulative-time,4.312950257000001,3.3264151220000002,query_wall_ms,3.276114627,3,rdfs,15.0
sharded-cumulative-time,4.039226421,3.8695194729999995,query_wall_ms,3.8536285730000004,3,rdfs,16.0
sharded-cumulative-time,0.083299408,0.071004232,query_wall_ms,0.061601997,3,rdfs_owlrl,1.0
sharded-cumulative-time,0.061597614999999994,0.057258766,query_wall_ms,0.055331365,3,rdfs_owlrl,2.0
sharded-cumulative-time,0.180322259,0.173674038,query_wall_ms,0.171978362,3,rdfs_owlrl,3.0
sharded-cumulative-time,0.919678662,0.786249087,query_wall_ms,0.657027725,3,rdfs_owlrl,4.0
sharded-cumulative-time,0.994699161,0.865033639,query_wall_ms,0.859025872,3,rdfs_owlrl,5.0
sharded-cumulative-time,1.842100583,1.8005550080000001,query_wall_ms,1.5420611160000002,3,rdfs_owlrl,6.0
sharded-cumulative-time,1.724242869,1.6760887210000002,query_wall_ms,1.653504566,3,rdfs_owlrl,7.0
sharded-cumulative-time,1.8500070840000005,1.840596038,query_wall_ms,1.7976260760000002,3,rdfs_owlrl,8.0
sharded-cumulative-time,3.1048514000000003,2.763169952,query_wall_ms,2.303577416,3,rdfs_owlrl,9.0
sharded-cumulative-time,2.440576072,2.430320602,query_wall_ms,2.3734522780000002,3,rdfs_owlrl,10.0
sharded-cumulative-time,2.702229258,2.6951768049999996,query_wall_ms,2.6522354249999993,3,rdfs_owlrl,11.0
sharded-cumulative-time,5.493905094,2.957258364,query_wall_ms,2.9390090280000005,3,rdfs_owlrl,12.0
sharded-cumulative-time,4.119273357999999,3.2036000560000004,query_wall_ms,3.1511332750000003,3,rdfs_owlrl,13.0
sharded-cumulative-time,3.7008560509999997,3.657622946,query_wall_ms,3.6108066720000003,3,rdfs_owlrl,14.0
sharded-cumulative-time,3.647436888,3.4569546170000005,query_wall_ms,3.3828763889999998,3,rdfs_owlrl,15.0
sharded-cumulative-time,4.148245830000001,4.1345995890000005,query_wall_ms,4.060896292,3,rdfs_owlrl,16.0
sharded-cumulative-resources,29.721846465,29.713670621000002,total_process_cpu_ms,29.602470944,3,owlrl,1.0
sharded-cumulative-resources,29.751772969,29.74636745,total_process_cpu_ms,29.497534683,3,owlrl,2.0
sharded-cumulative-resources,29.927216034,29.920380695,total_process_cpu_ms,29.722176157000003,3,owlrl,3.0
sharded-cumulative-resources,31.115516048,31.104651602,total_process_cpu_ms,30.864800492999997,3,owlrl,4.0
sharded-cumulative-resources,31.748325056000002,31.636861398,total_process_cpu_ms,31.517821635,3,owlrl,5.0
sharded-cumulative-resources,32.431806361999996,32.361590528,total_process_cpu_ms,32.165754357000004,3,owlrl,6.0
sharded-cumulative-resources,32.803700055,32.612852317,total_process_cpu_ms,32.389519068999995,3,owlrl,7.0
sharded-cumulative-resources,33.030298445,32.938791397,total_process_cpu_ms,32.637666639,3,owlrl,8.0
sharded-cumulative-resources,34.241533503999996,34.240511755,total_process_cpu_ms,34.07845717599999,3,owlrl,9.0
sharded-cumulative-resources,34.637250268,34.579611795999995,total_process_cpu_ms,34.331064979000004,3,owlrl,10.0
sharded-cumulative-resources,35.131922613,35.071050407,total_process_cpu_ms,34.807600206000004,3,owlrl,11.0
sharded-cumulative-resources,35.277179933,35.258019107,total_process_cpu_ms,35.071817635,3,owlrl,12.0
sharded-cumulative-resources,35.871621563,35.860831489999995,total_process_cpu_ms,35.627156285,3,owlrl,13.0
sharded-cumulative-resources,36.96900998,36.717018506,total_process_cpu_ms,36.477470032999996,3,owlrl,14.0
sharded-cumulative-resources,36.816811762,36.783997851,total_process_cpu_ms,36.641156396999996,3,owlrl,15.0
sharded-cumulative-resources,37.059094939000005,37.042602048,total_process_cpu_ms,36.778803595,3,owlrl,16.0
sharded-cumulative-resources,9.191990522,9.061830803000001,total_process_cpu_ms,8.921505996,3,rdfs,1.0
sharded-cumulative-resources,9.300108852,9.120772215999999,total_process_cpu_ms,9.064089925000001,3,rdfs,2.0
sharded-cumulative-resources,9.2828904,9.236810626,total_process_cpu_ms,9.144685736,3,rdfs,3.0
sharded-cumulative-resources,10.562876479,10.457034334,total_process_cpu_ms,10.424330637999999,3,rdfs,4.0
sharded-cumulative-resources,10.986428687,10.948034972,total_process_cpu_ms,10.80606186,3,rdfs,5.0
sharded-cumulative-resources,11.782921205000001,11.675454545000001,total_process_cpu_ms,11.508249053,3,rdfs,6.0
sharded-cumulative-resources,12.089729223,12.079530477,total_process_cpu_ms,12.05636642,3,rdfs,7.0
sharded-cumulative-resources,12.456395262,12.426363951999999,total_process_cpu_ms,12.340090639,3,rdfs,8.0
sharded-cumulative-resources,13.823693292,13.785324711,total_process_cpu_ms,13.719284015,3,rdfs,9.0
sharded-cumulative-resources,13.995141417000001,13.941241437999999,total_process_cpu_ms,13.90260426,3,rdfs,10.0
sharded-cumulative-resources,14.587558234,14.498735187,total_process_cpu_ms,14.391906328,3,rdfs,11.0
sharded-cumulative-resources,14.893392125,14.825066706,total_process_cpu_ms,14.682052853,3,rdfs,12.0
sharded-cumulative-resources,15.330805756,15.308659442,total_process_cpu_ms,15.269586694,3,rdfs,13.0
sharded-cumulative-resources,16.123916117,16.074337521,total_process_cpu_ms,15.944599521,3,rdfs,14.0
sharded-cumulative-resources,16.24704582,16.112540326999998,total_process_cpu_ms,16.054678619,3,rdfs,15.0
sharded-cumulative-resources,16.505668415,16.401789403,total_process_cpu_ms,16.261350175,3,rdfs,16.0
sharded-cumulative-resources,54.513747975,54.262355707000005,total_process_cpu_ms,54.09121901,3,rdfs_owlrl,1.0
sharded-cumulative-resources,54.544895664,54.289698314,total_process_cpu_ms,54.122365871,3,rdfs_owlrl,2.0
sharded-cumulative-resources,54.719766636,54.473427751,total_process_cpu_ms,54.299703733,3,rdfs_owlrl,3.0
sharded-cumulative-resources,56.056861686,55.955724916,total_process_cpu_ms,55.510754417,3,rdfs_owlrl,4.0
sharded-cumulative-resources,56.560499584999995,56.16100849,total_process_cpu_ms,55.990919638,3,rdfs_owlrl,5.0
sharded-cumulative-resources,57.669041766,57.315375158,total_process_cpu_ms,57.295479778,3,rdfs_owlrl,6.0
sharded-cumulative-resources,57.947483798,57.612073820000006,total_process_cpu_ms,57.415492483,3,rdfs_owlrl,7.0
sharded-cumulative-resources,58.153415632999995,57.935751018000005,total_process_cpu_ms,57.846051215,3,rdfs_owlrl,8.0
sharded-cumulative-resources,59.69461623,59.302900615,total_process_cpu_ms,59.068468894999995,3,rdfs_owlrl,9.0
sharded-cumulative-resources,59.688211445,59.458007856,total_process_cpu_ms,59.394261763,3,rdfs_owlrl,10.0
sharded-cumulative-resources,60.190357466,60.035703042,total_process_cpu_ms,59.795684987,3,rdfs_owlrl,11.0
sharded-cumulative-resources,60.70725715,60.416683508,total_process_cpu_ms,60.164324171,3,rdfs_owlrl,12.0
sharded-cumulative-resources,61.225210183,60.827450294,total_process_cpu_ms,60.721248941999995,3,rdfs_owlrl,13.0
sharded-cumulative-resources,61.897153599,61.758190588000005,total_process_cpu_ms,61.530783185,3,rdfs_owlrl,14.0
sharded-cumulative-resources,62.061762081,61.717987079,total_process_cpu_ms,61.642725377000005,3,rdfs_owlrl,15.0
sharded-cumulative-resources,62.320616095,61.993503923000006,total_process_cpu_ms,61.799309723,3,rdfs_owlrl,16.0
sharded-cumulative-resources,249.76171875,249.76171875,max_node_peak_rss_kib,249.76171875,3,owlrl,1.0
sharded-cumulative-resources,249.76171875,249.76171875,max_node_peak_rss_kib,249.76171875,3,owlrl,2.0
sharded-cumulative-resources,249.76171875,249.76171875,max_node_peak_rss_kib,249.76171875,3,owlrl,3.0
sharded-cumulative-resources,249.76171875,249.76171875,max_node_peak_rss_kib,249.76171875,3,owlrl,4.0
sharded-cumulative-resources,249.76171875,249.76171875,max_node_peak_rss_kib,249.76171875,3,owlrl,5.0
sharded-cumulative-resources,249.76171875,249.76171875,max_node_peak_rss_kib,249.76171875,3,owlrl,6.0
sharded-cumulative-resources,249.76171875,249.76171875,max_node_peak_rss_kib,249.76171875,3,owlrl,7.0
sharded-cumulative-resources,249.76171875,249.76171875,max_node_peak_rss_kib,249.76171875,3,owlrl,8.0
sharded-cumulative-resources,249.76171875,249.76171875,max_node_peak_rss_kib,249.76171875,3,owlrl,9.0
sharded-cumulative-resources,249.76171875,249.76171875,max_node_peak_rss_kib,249.76171875,3,owlrl,10.0
sharded-cumulative-resources,249.76171875,249.76171875,max_node_peak_rss_kib,249.76171875,3,owlrl,11.0
sharded-cumulative-resources,249.76171875,249.76171875,max_node_peak_rss_kib,249.76171875,3,owlrl,12.0
sharded-cumulative-resources,249.76171875,249.76171875,max_node_peak_rss_kib,249.76171875,3,owlrl,13.0
sharded-cumulative-resources,249.76171875,249.76171875,max_node_peak_rss_kib,249.76171875,3,owlrl,14.0
sharded-cumulative-resources,249.76171875,249.76171875,max_node_peak_rss_kib,249.76171875,3,owlrl,15.0
sharded-cumulative-resources,249.76171875,249.76171875,max_node_peak_rss_kib,249.76171875,3,owlrl,16.0
sharded-cumulative-resources,249.76171875,249.76171875,max_node_peak_rss_kib,249.76171875,3,rdfs,1.0
sharded-cumulative-resources,249.76171875,249.76171875,max_node_peak_rss_kib,249.76171875,3,rdfs,2.0
sharded-cumulative-resources,249.76171875,249.76171875,max_node_peak_rss_kib,249.76171875,3,rdfs,3.0
sharded-cumulative-resources,249.76171875,249.76171875,max_node_peak_rss_kib,249.76171875,3,rdfs,4.0
sharded-cumulative-resources,249.76171875,249.76171875,max_node_peak_rss_kib,249.76171875,3,rdfs,5.0
sharded-cumulative-resources,249.76171875,249.76171875,max_node_peak_rss_kib,249.76171875,3,rdfs,6.0
sharded-cumulative-resources,249.76171875,249.76171875,max_node_peak_rss_kib,249.76171875,3,rdfs,7.0
sharded-cumulative-resources,249.76171875,249.76171875,max_node_peak_rss_kib,249.76171875,3,rdfs,8.0
sharded-cumulative-resources,249.76171875,249.76171875,max_node_peak_rss_kib,249.76171875,3,rdfs,9.0
sharded-cumulative-resources,249.76171875,249.76171875,max_node_peak_rss_kib,249.76171875,3,rdfs,10.0
sharded-cumulative-resources,249.76171875,249.76171875,max_node_peak_rss_kib,249.76171875,3,rdfs,11.0
sharded-cumulative-resources,249.76171875,249.76171875,max_node_peak_rss_kib,249.76171875,3,rdfs,12.0
sharded-cumulative-resources,249.76171875,249.76171875,max_node_peak_rss_kib,249.76171875,3,rdfs,13.0
sharded-cumulative-resources,249.76171875,249.76171875,max_node_peak_rss_kib,249.76171875,3,rdfs,14.0
sharded-cumulative-resources,249.76171875,249.76171875,max_node_peak_rss_kib,249.76171875,3,rdfs,15.0
sharded-cumulative-resources,249.76171875,249.76171875,max_node_peak_rss_kib,249.76171875,3,rdfs,16.0
sharded-cumulative-resources,249.76171875,249.76171875,max_node_peak_rss_kib,249.76171875,3,rdfs_owlrl,1.0
sharded-cumulative-resources,249.76171875,249.76171875,max_node_peak_rss_kib,249.76171875,3,rdfs_owlrl,2.0
sharded-cumulative-resources,249.76171875,249.76171875,max_node_peak_rss_kib,249.76171875,3,rdfs_owlrl,3.0
sharded-cumulative-resources,249.76171875,249.76171875,max_node_peak_rss_kib,249.76171875,3,rdfs_owlrl,4.0
sharded-cumulative-resources,249.76171875,249.76171875,max_node_peak_rss_kib,249.76171875,3,rdfs_owlrl,5.0
sharded-cumulative-resources,249.76171875,249.76171875,max_node_peak_rss_kib,249.76171875,3,rdfs_owlrl,6.0
sharded-cumulative-resources,249.76171875,249.76171875,max_node_peak_rss_kib,249.76171875,3,rdfs_owlrl,7.0
sharded-cumulative-resources,249.76171875,249.76171875,max_node_peak_rss_kib,249.76171875,3,rdfs_owlrl,8.0
sharded-cumulative-resources,249.76171875,249.76171875,max_node_peak_rss_kib,249.76171875,3,rdfs_owlrl,9.0
sharded-cumulative-resources,249.76171875,249.76171875,max_node_peak_rss_kib,249.76171875,3,rdfs_owlrl,10.0
sharded-cumulative-resources,249.76171875,249.76171875,max_node_peak_rss_kib,249.76171875,3,rdfs_owlrl,11.0
sharded-cumulative-resources,249.76171875,249.76171875,max_node_peak_rss_kib,249.76171875,3,rdfs_owlrl,12.0
sharded-cumulative-resources,249.76171875,249.76171875,max_node_peak_rss_kib,249.76171875,3,rdfs_owlrl,13.0
sharded-cumulative-resources,249.76171875,249.76171875,max_node_peak_rss_kib,249.76171875,3,rdfs_owlrl,14.0
sharded-cumulative-resources,249.76171875,249.76171875,max_node_peak_rss_kib,249.76171875,3,rdfs_owlrl,15.0
sharded-cumulative-resources,249.76171875,249.76171875,max_node_peak_rss_kib,249.76171875,3,rdfs_owlrl,16.0
sharded-scalability-time,12.268318047000001,11.955513993,total_wall_ms,11.853096082,3,owlrl,10.0
sharded-scalability-time,16.535184546,16.485581811,total_wall_ms,16.000630344,3,owlrl,100.0
sharded-scalability-time,40.695162096,40.60961214500001,total_wall_ms,39.970958786000004,3,owlrl,500.0
sharded-scalability-time,84.837901028,84.49779610399999,total_wall_ms,82.929560839,3,owlrl,1000.0
sharded-scalability-time,7.482359778000001,6.490693537000001,total_wall_ms,6.470256912999999,3,rdfs,10.0
sharded-scalability-time,9.2827837,8.68842886,total_wall_ms,8.612506618000001,3,rdfs,100.0
sharded-scalability-time,26.096880664000004,25.719997321999994,total_wall_ms,24.968023673,3,rdfs,500.0
sharded-scalability-time,58.56633801499999,57.737412207999995,total_wall_ms,57.58946039799999,3,rdfs,1000.0
sharded-scalability-time,20.160757741,19.196294433000002,total_wall_ms,19.125778938,3,rdfs_owlrl,10.0
sharded-scalability-time,26.723471896000003,24.844331286,total_wall_ms,24.454781771999997,3,rdfs_owlrl,100.0
sharded-scalability-time,56.402857174999994,55.662643738999996,total_wall_ms,55.39139287,3,rdfs_owlrl,500.0
sharded-scalability-time,7.193815885,7.17130007,max_node_reasoning_ms,7.120973051,3,owlrl,10.0
sharded-scalability-time,9.287453605000001,9.184617902,max_node_reasoning_ms,9.124516105000001,3,owlrl,100.0
sharded-scalability-time,18.160825785,18.151818433,max_node_reasoning_ms,18.141237228999998,3,owlrl,500.0
sharded-scalability-time,29.526170501,29.427898687000003,max_node_reasoning_ms,29.421700168,3,owlrl,1000.0
sharded-scalability-time,1.759486184,1.704038592,max_node_reasoning_ms,1.643662221,3,rdfs,10.0
sharded-scalability-time,2.158619517,2.1478677029999997,max_node_reasoning_ms,2.1471229239999996,3,rdfs,100.0
sharded-scalability-time,4.556693127,4.456913923,max_node_reasoning_ms,4.425643423,3,rdfs,500.0
sharded-scalability-time,7.746008477,7.4351602549999996,max_node_reasoning_ms,7.413602106,3,rdfs,1000.0
sharded-scalability-time,13.676319936,13.653141751,max_node_reasoning_ms,13.631380492,3,rdfs_owlrl,10.0
sharded-scalability-time,17.125540545,17.049432064,max_node_reasoning_ms,17.044335193,3,rdfs_owlrl,100.0
sharded-scalability-time,32.890885258000004,32.792644666,max_node_reasoning_ms,32.734035943,3,rdfs_owlrl,500.0
sharded-scalability-time,3.9947409250000003,3.932936347000001,query_wall_ms,3.9304641440000005,3,owlrl,10.0
sharded-scalability-time,6.341103816,6.1857012000000005,query_wall_ms,5.755684252000001,3,owlrl,100.0
sharded-scalability-time,20.500424603,20.462659406000004,query_wall_ms,19.723063091000004,3,owlrl,500.0
sharded-scalability-time,52.152704211000014,51.58314186399999,query_wall_ms,50.193756774,3,owlrl,1000.0
sharded-scalability-time,4.915475695000001,4.1474493720000005,query_wall_ms,4.005428402,3,rdfs,10.0
sharded-scalability-time,6.066876476,5.549152586000001,query_wall_ms,5.492698778000001,3,rdfs,100.0
sharded-scalability-time,19.606222914000003,19.234896179999996,query_wall_ms,18.531324255,3,rdfs,500.0
sharded-scalability-time,47.85833109599999,47.06227989999999,query_wall_ms,46.810514248,3,rdfs,1000.0
sharded-scalability-time,5.779345559,4.730529653000001,query_wall_ms,4.44991764,3,rdfs_owlrl,10.0
sharded-scalability-time,8.679260206,6.443697168999999,query_wall_ms,6.3349752729999995,3,rdfs_owlrl,100.0
sharded-scalability-time,21.406626685,20.877200683,query_wall_ms,20.672598067000003,3,rdfs_owlrl,500.0
sharded-scalability-resources,38.300625186,38.275670765,total_process_cpu_ms,38.258776994,3,owlrl,10.0
sharded-scalability-resources,48.111911474,48.09184805699999,total_process_cpu_ms,47.681592016,3,owlrl,100.0
sharded-scalability-resources,97.855956315,97.832260851,total_process_cpu_ms,97.563261281,3,owlrl,500.0
sharded-scalability-resources,173.87442588,173.592830219,total_process_cpu_ms,173.52934983699998,3,owlrl,1000.0
sharded-scalability-resources,17.412480021,17.229365877,total_process_cpu_ms,17.017592341,3,rdfs,10.0
sharded-scalability-resources,21.996305688,21.799304974,total_process_cpu_ms,21.744961764,3,rdfs,100.0
sharded-scalability-resources,48.821909106999996,48.815094899,total_process_cpu_ms,48.45947017,3,rdfs,500.0
sharded-scalability-resources,96.97855374000001,96.88139956,total_process_cpu_ms,96.85235811300001,3,rdfs,1000.0
sharded-scalability-resources,64.184276812,63.923430466999996,total_process_cpu_ms,63.89049107,3,rdfs_owlrl,10.0
sharded-scalability-resources,78.4077271,78.346729999,total_process_cpu_ms,78.33328890300001,3,rdfs_owlrl,100.0
sharded-scalability-resources,148.706962985,148.61146386000001,total_process_cpu_ms,148.599964216,3,rdfs_owlrl,500.0
sharded-scalability-resources,249.76171875,249.76171875,max_node_peak_rss_kib,249.76171875,3,owlrl,10.0
sharded-scalability-resources,249.76171875,249.76171875,max_node_peak_rss_kib,249.76171875,3,owlrl,100.0
sharded-scalability-resources,249.76171875,249.76171875,max_node_peak_rss_kib,249.76171875,3,owlrl,500.0
sharded-scalability-resources,249.76171875,249.76171875,max_node_peak_rss_kib,249.76171875,3,owlrl,1000.0
sharded-scalability-resources,249.76171875,249.76171875,max_node_peak_rss_kib,249.76171875,3,rdfs,10.0
sharded-scalability-resources,249.76171875,249.76171875,max_node_peak_rss_kib,249.76171875,3,rdfs,100.0
sharded-scalability-resources,249.76171875,249.76171875,max_node_peak_rss_kib,249.76171875,3,rdfs,500.0
sharded-scalability-resources,249.76171875,249.76171875,max_node_peak_rss_kib,249.76171875,3,rdfs,1000.0
sharded-scalability-resources,249.76171875,249.76171875,max_node_peak_rss_kib,249.76171875,3,rdfs_owlrl,10.0
sharded-scalability-resources,249.76171875,249.76171875,max_node_peak_rss_kib,249.76171875,3,rdfs_owlrl,100.0
sharded-scalability-resources,249.76171875,249.76171875,max_node_peak_rss_kib,249.76171875,3,rdfs_owlrl,500.0
replicated-cumulative-time,7.782836878,7.740592154,total_wall_ms,7.718120589,3,owlrl,1.0
replicated-cumulative-time,7.758711540999999,7.750316755,total_wall_ms,7.739881822999999,3,owlrl,2.0
replicated-cumulative-time,7.797382646,7.789989514,total_wall_ms,7.7831417069999995,3,owlrl,3.0
replicated-cumulative-time,8.071117148999999,8.049171316,total_wall_ms,7.951529431,3,owlrl,4.0
replicated-cumulative-time,8.067885269,8.001445657,total_wall_ms,7.99326448,3,owlrl,5.0
replicated-cumulative-time,8.219362334,8.215533686,total_wall_ms,8.13672262,3,owlrl,6.0
replicated-cumulative-time,8.127037115,8.115290307,total_wall_ms,8.095780454,3,owlrl,7.0
replicated-cumulative-time,8.328589092,8.205605767,total_wall_ms,8.163768119,3,owlrl,8.0
replicated-cumulative-time,8.388618129000001,8.367666584999998,total_wall_ms,8.314026689,3,owlrl,9.0
replicated-cumulative-time,8.597323169,8.543860273,total_wall_ms,8.538769731999999,3,owlrl,10.0
replicated-cumulative-time,8.709923822,8.62212832,total_wall_ms,8.592085936,3,owlrl,11.0
replicated-cumulative-time,8.776204998999999,8.701438238000001,total_wall_ms,8.654286661,3,owlrl,12.0
replicated-cumulative-time,8.799926652,8.788051187999999,total_wall_ms,8.736029732999999,3,owlrl,13.0
replicated-cumulative-time,8.892198896,8.78510045,total_wall_ms,8.759957844,3,owlrl,14.0
replicated-cumulative-time,9.109734137,8.978911764000001,total_wall_ms,8.887472479,3,owlrl,15.0
replicated-cumulative-time,9.027756037,9.018282733,total_wall_ms,9.008749322,3,owlrl,16.0
replicated-cumulative-time,3.559787398,2.6223896870000005,total_wall_ms,2.165134614,3,rdfs,1.0
replicated-cumulative-time,3.590087011,2.6531568080000003,total_wall_ms,2.137477536,3,rdfs,2.0
replicated-cumulative-time,3.805393222,2.7187696949999998,total_wall_ms,2.202100665,3,rdfs,3.0
replicated-cumulative-time,3.8172037370000003,2.8590516470000003,total_wall_ms,2.434032803,3,rdfs,4.0
replicated-cumulative-time,4.1379005740000006,3.153055306,total_wall_ms,2.493138718,3,rdfs,5.0
replicated-cumulative-time,3.953992908,3.0953357169999998,total_wall_ms,2.445132714,3,rdfs,6.0
replicated-cumulative-time,4.066618486,3.0067282640000004,total_wall_ms,2.521668729,3,rdfs,7.0
replicated-cumulative-time,4.123204673,3.087389564,total_wall_ms,2.577248815,3,rdfs,8.0
replicated-cumulative-time,4.293655639000001,3.1314068109999997,total_wall_ms,2.7022100200000003,3,rdfs,9.0
replicated-cumulative-time,4.542027906,3.543660309,total_wall_ms,3.0779084389999998,3,rdfs,10.0
replicated-cumulative-time,4.620599543,3.709374973,total_wall_ms,3.223705965,3,rdfs,11.0
replicated-cumulative-time,4.657514599,3.659160314,total_wall_ms,3.170926265,3,rdfs,12.0
replicated-cumulative-time,4.89623747,3.7713558270000003,total_wall_ms,3.2221950649999997,3,rdfs,13.0
replicated-cumulative-time,4.701988674,3.6710615630000003,total_wall_ms,3.218712372,3,rdfs,14.0
replicated-cumulative-time,4.9093432,3.9047287959999997,total_wall_ms,3.672679023,3,rdfs,15.0
replicated-cumulative-time,4.919482531,3.97018739,total_wall_ms,3.440114684,3,rdfs,16.0
replicated-cumulative-time,14.583747208,14.577788770000002,total_wall_ms,14.519819368,3,rdfs_owlrl,1.0
replicated-cumulative-time,14.706893305000001,14.616623581,total_wall_ms,14.534613317000002,3,rdfs_owlrl,2.0
replicated-cumulative-time,14.768793378,14.705135004,total_wall_ms,14.655516514,3,rdfs_owlrl,3.0
replicated-cumulative-time,14.788978733,14.762540551,total_wall_ms,14.744022334,3,rdfs_owlrl,4.0
replicated-cumulative-time,14.987148487,14.929318173000002,total_wall_ms,14.902582083,3,rdfs_owlrl,5.0
replicated-cumulative-time,14.893999466,14.881315057,total_wall_ms,14.792364624,3,rdfs_owlrl,6.0
replicated-cumulative-time,14.990707295,14.939957159000002,total_wall_ms,14.870247949000001,3,rdfs_owlrl,7.0
replicated-cumulative-time,15.201707107,14.970089506,total_wall_ms,14.916672366,3,rdfs_owlrl,8.0
replicated-cumulative-time,15.706635299000002,15.139276767000002,total_wall_ms,15.061125385,3,rdfs_owlrl,9.0
replicated-cumulative-time,16.449433204,15.837960331,total_wall_ms,15.551728286,3,rdfs_owlrl,10.0
replicated-cumulative-time,16.553254167,15.655657001000002,total_wall_ms,15.564372191,3,rdfs_owlrl,11.0
replicated-cumulative-time,15.648663780000001,15.626679171,total_wall_ms,15.605725418000002,3,rdfs_owlrl,12.0
replicated-cumulative-time,15.806827965,15.742466334000001,total_wall_ms,15.733646120000001,3,rdfs_owlrl,13.0
replicated-cumulative-time,15.913534016000002,15.724065550999999,total_wall_ms,15.701603360000002,3,rdfs_owlrl,14.0
replicated-cumulative-time,16.028671283,15.970414481000002,total_wall_ms,15.910818002,3,rdfs_owlrl,15.0
replicated-cumulative-time,17.004393502,16.073383604,total_wall_ms,16.002102993,3,rdfs_owlrl,16.0
replicated-cumulative-time,7.3960549769999995,7.381969514000001,max_node_reasoning_ms,7.371760127,3,owlrl,1.0
replicated-cumulative-time,7.3960549769999995,7.381969514000001,max_node_reasoning_ms,7.371760127,3,owlrl,2.0
replicated-cumulative-time,7.3960549769999995,7.381969514000001,max_node_reasoning_ms,7.371760127,3,owlrl,3.0
replicated-cumulative-time,7.3960549769999995,7.381969514000001,max_node_reasoning_ms,7.371760127,3,owlrl,4.0
replicated-cumulative-time,7.3960549769999995,7.381969514000001,max_node_reasoning_ms,7.371760127,3,owlrl,5.0
replicated-cumulative-time,7.3960549769999995,7.381969514000001,max_node_reasoning_ms,7.371760127,3,owlrl,6.0
replicated-cumulative-time,7.3960549769999995,7.381969514000001,max_node_reasoning_ms,7.371760127,3,owlrl,7.0
replicated-cumulative-time,7.3960549769999995,7.381969514000001,max_node_reasoning_ms,7.371760127,3,owlrl,8.0
replicated-cumulative-time,7.3960549769999995,7.381969514000001,max_node_reasoning_ms,7.371760127,3,owlrl,9.0
replicated-cumulative-time,7.3960549769999995,7.381969514000001,max_node_reasoning_ms,7.371760127,3,owlrl,10.0
replicated-cumulative-time,7.3960549769999995,7.381969514000001,max_node_reasoning_ms,7.371760127,3,owlrl,11.0
replicated-cumulative-time,7.3960549769999995,7.381969514000001,max_node_reasoning_ms,7.371760127,3,owlrl,12.0
replicated-cumulative-time,7.3960549769999995,7.381969514000001,max_node_reasoning_ms,7.371760127,3,owlrl,13.0
replicated-cumulative-time,7.3960549769999995,7.381969514000001,max_node_reasoning_ms,7.371760127,3,owlrl,14.0
replicated-cumulative-time,7.3960549769999995,7.381969514000001,max_node_reasoning_ms,7.371760127,3,owlrl,15.0
replicated-cumulative-time,7.3960549769999995,7.381969514000001,max_node_reasoning_ms,7.371760127,3,owlrl,16.0
replicated-cumulative-time,1.753446952,1.728821591,max_node_reasoning_ms,1.727589444,3,rdfs,1.0
replicated-cumulative-time,1.753446952,1.728821591,max_node_reasoning_ms,1.727589444,3,rdfs,2.0
replicated-cumulative-time,1.753446952,1.728821591,max_node_reasoning_ms,1.727589444,3,rdfs,3.0
replicated-cumulative-time,1.753446952,1.728821591,max_node_reasoning_ms,1.727589444,3,rdfs,4.0
replicated-cumulative-time,1.753446952,1.728821591,max_node_reasoning_ms,1.727589444,3,rdfs,5.0
replicated-cumulative-time,1.753446952,1.728821591,max_node_reasoning_ms,1.727589444,3,rdfs,6.0
replicated-cumulative-time,1.753446952,1.728821591,max_node_reasoning_ms,1.727589444,3,rdfs,7.0
replicated-cumulative-time,1.753446952,1.728821591,max_node_reasoning_ms,1.727589444,3,rdfs,8.0
replicated-cumulative-time,1.753446952,1.728821591,max_node_reasoning_ms,1.727589444,3,rdfs,9.0
replicated-cumulative-time,1.753446952,1.728821591,max_node_reasoning_ms,1.727589444,3,rdfs,10.0
replicated-cumulative-time,1.753446952,1.728821591,max_node_reasoning_ms,1.727589444,3,rdfs,11.0
replicated-cumulative-time,1.753446952,1.728821591,max_node_reasoning_ms,1.727589444,3,rdfs,12.0
replicated-cumulative-time,1.753446952,1.728821591,max_node_reasoning_ms,1.727589444,3,rdfs,13.0
replicated-cumulative-time,1.753446952,1.728821591,max_node_reasoning_ms,1.727589444,3,rdfs,14.0
replicated-cumulative-time,1.753446952,1.728821591,max_node_reasoning_ms,1.727589444,3,rdfs,15.0
replicated-cumulative-time,1.753446952,1.728821591,max_node_reasoning_ms,1.727589444,3,rdfs,16.0
replicated-cumulative-time,14.308888933,14.215011565000001,max_node_reasoning_ms,14.175102769999999,3,rdfs_owlrl,1.0
replicated-cumulative-time,14.308888933,14.215011565000001,max_node_reasoning_ms,14.175102769999999,3,rdfs_owlrl,2.0
replicated-cumulative-time,14.308888933,14.215011565000001,max_node_reasoning_ms,14.175102769999999,3,rdfs_owlrl,3.0
replicated-cumulative-time,14.308888933,14.215011565000001,max_node_reasoning_ms,14.175102769999999,3,rdfs_owlrl,4.0
replicated-cumulative-time,14.308888933,14.215011565000001,max_node_reasoning_ms,14.175102769999999,3,rdfs_owlrl,5.0
replicated-cumulative-time,14.308888933,14.215011565000001,max_node_reasoning_ms,14.175102769999999,3,rdfs_owlrl,6.0
replicated-cumulative-time,14.308888933,14.215011565000001,max_node_reasoning_ms,14.175102769999999,3,rdfs_owlrl,7.0
replicated-cumulative-time,14.308888933,14.215011565000001,max_node_reasoning_ms,14.175102769999999,3,rdfs_owlrl,8.0
replicated-cumulative-time,14.308888933,14.215011565000001,max_node_reasoning_ms,14.175102769999999,3,rdfs_owlrl,9.0
replicated-cumulative-time,14.308888933,14.215011565000001,max_node_reasoning_ms,14.175102769999999,3,rdfs_owlrl,10.0
replicated-cumulative-time,14.308888933,14.215011565000001,max_node_reasoning_ms,14.175102769999999,3,rdfs_owlrl,11.0
replicated-cumulative-time,14.308888933,14.215011565000001,max_node_reasoning_ms,14.175102769999999,3,rdfs_owlrl,12.0
replicated-cumulative-time,14.308888933,14.215011565000001,max_node_reasoning_ms,14.175102769999999,3,rdfs_owlrl,13.0
replicated-cumulative-time,14.308888933,14.215011565000001,max_node_reasoning_ms,14.175102769999999,3,rdfs_owlrl,14.0
replicated-cumulative-time,14.308888933,14.215011565000001,max_node_reasoning_ms,14.175102769999999,3,rdfs_owlrl,15.0
replicated-cumulative-time,14.308888933,14.215011565000001,max_node_reasoning_ms,14.175102769999999,3,rdfs_owlrl,16.0
replicated-cumulative-time,0.067829509,0.033296301,query_wall_ms,0.019679349,3,owlrl,1.0
replicated-cumulative-time,0.043704172,0.043020902,query_wall_ms,0.041440582999999996,3,owlrl,2.0
replicated-cumulative-time,0.084700467,0.082693661,query_wall_ms,0.08237527700000001,3,owlrl,3.0
replicated-cumulative-time,0.36382129599999996,0.350730076,query_wall_ms,0.236522062,3,owlrl,4.0
replicated-cumulative-time,0.36058941600000005,0.30300441699999997,query_wall_ms,0.278257111,3,owlrl,5.0
replicated-cumulative-time,0.5120664810000001,0.500526317,query_wall_ms,0.43828138000000005,3,owlrl,6.0
replicated-cumulative-time,0.428595875,0.400282938,query_wall_ms,0.388484601,3,owlrl,7.0
replicated-cumulative-time,0.613581723,0.49830991399999996,query_wall_ms,0.465326879,3,owlrl,8.0
replicated-cumulative-time,0.6901768889999998,0.652659216,query_wall_ms,0.606730836,3,owlrl,9.0
replicated-cumulative-time,0.8988819289999997,0.831473879,query_wall_ms,0.828852904,3,owlrl,10.0
replicated-cumulative-time,1.0114825820000002,0.9148324670000002,query_wall_ms,0.877078567,3,owlrl,11.0
replicated-cumulative-time,1.068909146,1.002996998,query_wall_ms,0.9392792919999999,3,owlrl,12.0
replicated-cumulative-time,1.092630799,1.089609948,query_wall_ms,1.021022364,3,owlrl,13.0
replicated-cumulative-time,1.193757656,1.070093081,query_wall_ms,1.052661991,3,owlrl,14.0
replicated-cumulative-time,1.4024382840000003,1.263904395,query_wall_ms,1.189031239,3,owlrl,15.0
replicated-cumulative-time,1.320460184,1.3103080820000002,query_wall_ms,1.3032753640000003,3,owlrl,16.0
replicated-cumulative-time,0.073484966,0.018784903,query_wall_ms,0.015533388,3,rdfs,1.0
replicated-cumulative-time,0.049552024,0.045833001000000005,query_wall_ms,0.045827888000000004,3,rdfs,2.0
replicated-cumulative-time,0.261139212,0.11516491100000001,query_wall_ms,0.11045101700000001,3,rdfs,3.0
replicated-cumulative-time,0.34238315500000005,0.27294972700000003,query_wall_ms,0.25544686299999997,3,rdfs,4.0
replicated-cumulative-time,0.5936465640000002,0.5494505220000001,query_wall_ms,0.40148907,3,rdfs,5.0
replicated-cumulative-time,0.491730933,0.409738898,query_wall_ms,0.353483066,3,rdfs,6.0
replicated-cumulative-time,0.522364476,0.43001908099999997,query_wall_ms,0.40312348,3,rdfs,7.0
replicated-cumulative-time,0.578950663,0.48559916700000005,query_wall_ms,0.48378478,3,rdfs,8.0
replicated-cumulative-time,0.749401629,0.6105603720000001,query_wall_ms,0.5278020269999998,3,rdfs,9.0
replicated-cumulative-time,0.9977738960000001,0.986258791,query_wall_ms,0.940055525,3,rdfs,10.0
replicated-cumulative-time,1.1320563169999998,1.105770189,query_wall_ms,1.076345533,3,rdfs,11.0
replicated-cumulative-time,1.1132605890000002,1.0792766169999999,query_wall_ms,1.0555555300000001,3,rdfs,12.0
replicated-cumulative-time,1.3519834600000002,1.167751043,query_wall_ms,1.1305454169999998,3,rdfs,13.0
replicated-cumulative-time,1.1577346640000004,1.127062724,query_wall_ms,1.067456779,3,rdfs,14.0
replicated-cumulative-time,1.5810293750000002,1.3650891900000004,query_wall_ms,1.3011240119999998,3,rdfs,15.0
replicated-cumulative-time,1.3752285209999997,1.366582606,query_wall_ms,1.3484650360000003,3,rdfs,16.0
replicated-cumulative-time,0.025271692000000002,0.023775559999999998,query_wall_ms,0.021499371,3,rdfs_owlrl,1.0
replicated-cumulative-time,0.154376227,0.056651933,query_wall_ms,0.036293320000000004,3,rdfs_owlrl,2.0
replicated-cumulative-time,0.2162763,0.206815007,query_wall_ms,0.09554486599999999,3,rdfs_owlrl,3.0
replicated-cumulative-time,0.290658736,0.21002347300000002,query_wall_ms,0.184050686,3,rdfs_owlrl,4.0
replicated-cumulative-time,0.48882848999999995,0.369346525,query_wall_ms,0.35006500500000004,3,rdfs_owlrl,5.0
replicated-cumulative-time,0.341482388,0.321343409,query_wall_ms,0.294044627,3,rdfs_owlrl,6.0
replicated-cumulative-time,0.43819021699999994,0.37998551100000005,query_wall_ms,0.371927952,3,rdfs_owlrl,7.0
replicated-cumulative-time,0.649190029,0.41835236900000006,query_wall_ms,0.410117858,3,rdfs_owlrl,8.0
replicated-cumulative-time,1.1541182210000003,0.579305119,query_wall_ms,0.5628053880000001,3,rdfs_owlrl,9.0
replicated-cumulative-time,1.8894615559999999,1.2854432529999997,query_wall_ms,1.0534082889999998,3,rdfs_owlrl,10.0
replicated-cumulative-time,1.993282519,1.103139923,query_wall_ms,1.066052194,3,rdfs_owlrl,11.0
replicated-cumulative-time,1.1283591739999999,1.0886921319999998,query_wall_ms,1.05320834,3,rdfs_owlrl,12.0
replicated-cumulative-time,1.2468563170000002,1.244146337,query_wall_ms,1.181129042,3,rdfs_owlrl,13.0
replicated-cumulative-time,1.353562368,1.2257455540000002,query_wall_ms,1.1490862820000003,3,rdfs_owlrl,14.0
replicated-cumulative-time,1.476154205,1.4124980050000002,query_wall_ms,1.4104428330000003,3,rdfs_owlrl,15.0
replicated-cumulative-time,2.506073505,1.5134119560000003,query_wall_ms,1.4495859150000001,3,rdfs_owlrl,16.0
replicated-scalability-time,10.500880266,10.04206222,total_wall_ms,10.009945877999998,3,owlrl,10.0
replicated-scalability-time,18.217597368,17.699760044,total_wall_ms,17.656208116000002,3,owlrl,100.0
replicated-scalability-time,65.613128936,65.054441671,total_wall_ms,64.623316059,3,owlrl,500.0
replicated-scalability-time,4.040437305999999,3.9050099769999997,total_wall_ms,3.8495918789999997,3,rdfs,10.0
replicated-scalability-time,6.449582975999999,6.282056580000001,total_wall_ms,6.198948229,3,rdfs,100.0
replicated-scalability-time,30.39738458700001,29.93162833700001,total_wall_ms,29.330275812,3,rdfs,500.0
replicated-scalability-time,66.226129099,64.368847002,total_wall_ms,63.899078922,3,rdfs,1000.0
replicated-scalability-time,17.412316318000002,17.408695184,total_wall_ms,17.341853681,3,rdfs_owlrl,10.0
replicated-scalability-time,29.222687341,28.903431111000003,total_wall_ms,28.817158587999998,3,rdfs_owlrl,100.0
replicated-scalability-time,8.241929456,8.213842069,max_node_reasoning_ms,8.197293049,3,owlrl,10.0
replicated-scalability-time,14.29144854,14.25832774,max_node_reasoning_ms,14.176099229,3,owlrl,100.0
replicated-scalability-time,41.434429393,41.270600253,max_node_reasoning_ms,41.160162365,3,owlrl,500.0
replicated-scalability-time,1.9177901469999998,1.9091759990000001,max_node_reasoning_ms,1.9015351,3,rdfs,10.0
replicated-scalability-time,3.4487884060000003,3.448389794,max_node_reasoning_ms,3.333666466,3,rdfs,100.0
replicated-scalability-time,10.501338216,10.465703476,max_node_reasoning_ms,10.432432918,3,rdfs,500.0
replicated-scalability-time,20.392495822,20.368550265000003,max_node_reasoning_ms,20.295508419999997,3,rdfs,1000.0
replicated-scalability-time,15.568645006999999,15.450584472000001,max_node_reasoning_ms,15.361763861,3,rdfs_owlrl,10.0
replicated-scalability-time,25.772438602999998,25.725429506,max_node_reasoning_ms,25.696132525,3,rdfs_owlrl,100.0
replicated-scalability-time,1.853352502,1.501944003,query_wall_ms,1.446594506,3,owlrl,10.0
replicated-scalability-time,3.173607686000001,2.820180843,query_wall_ms,2.775319329,3,owlrl,100.0
replicated-scalability-time,22.067649966000005,21.777689394000003,query_wall_ms,21.113235310999997,3,owlrl,500.0
replicated-scalability-time,1.616085274,1.6122373829999999,query_wall_ms,1.5960934059999998,3,rdfs,10.0
replicated-scalability-time,2.190596826,2.183008528,query_wall_ms,2.021481663,3,rdfs,100.0
replicated-scalability-time,17.155721144000008,17.061275317000007,query_wall_ms,17.039114044,3,rdfs,500.0
replicated-scalability-time,40.583391471,39.670507275,query_wall_ms,39.428879366000004,3,rdfs,1000.0
replicated-scalability-time,1.555692804,1.555473078,query_wall_ms,1.541282871,3,rdfs_owlrl,10.0
replicated-scalability-time,2.732198592,2.512607394,query_wall_ms,2.4671915,3,rdfs_owlrl,100.0
physical-scale-out,11.919010212839552,11.762079656332665,queries_per_second,11.605149099825777,2,owlrl,1.0
physical-scale-out,12.814335346586315,12.728448929933073,queries_per_second,12.450981213719944,9,rdfs,1.0
physical-scale-out,334.45457679999976,316.13556779999965,query_latency_p95_ms,297.8165587999996,2,owlrl,1.0
physical-scale-out,377.10061119999995,305.11457699999966,query_latency_p95_ms,256.26912119999946,9,rdfs,1.0
hardware-rule_count-rdfs,4.569924116999999,4.472311482,reasoning_ms,4.465086551000001,3,cloud,0.0
hardware-rule_count-rdfs,7.165958711,7.0253214040000005,reasoning_ms,6.869539726,3,cloud,25.0
hardware-rule_count-rdfs,8.105015579,8.040199765,reasoning_ms,7.8690123309999995,3,cloud,50.0
hardware-rule_count-rdfs,9.892349893,9.823061023000001,reasoning_ms,9.531965410000002,3,cloud,100.0
hardware-rule_count-rdfs,21.316345828000003,20.725958892999998,reasoning_ms,20.444862171,3,cloud,250.0
hardware-rule_count-rdfs,24.966899689,24.078345856,reasoning_ms,23.995830892999997,3,edge1,0.0
hardware-rule_count-rdfs,37.061786014999996,36.137635867,reasoning_ms,36.110972866999994,3,edge1,25.0
hardware-rule_count-rdfs,40.113985884,39.964907679999996,reasoning_ms,39.964737975999995,3,edge1,50.0
hardware-rule_count-rdfs,25.237437893,24.25333993,reasoning_ms,23.768478503999997,3,edge2,0.0
hardware-rule_count-rdfs,36.862616885,35.387860182999994,reasoning_ms,35.257592294,3,edge2,25.0
hardware-rule_count-rdfs,40.292427327999995,40.224359365,reasoning_ms,39.715992772,3,edge2,50.0
hardware-rule_count-rdfs,24.670599113,24.292451917999998,reasoning_ms,24.219599716,3,edge3,0.0
hardware-rule_count-rdfs,36.744528824,35.905942257,reasoning_ms,35.443416253,3,edge3,25.0
hardware-rule_count-rdfs,40.100805281,40.079926181000005,reasoning_ms,39.728353074,3,edge3,50.0
hardware-rule_count-rdfs,25.349898207,24.430086153,reasoning_ms,24.376379708,3,fog,0.0
hardware-rule_count-rdfs,36.916915867,36.001137368,reasoning_ms,35.631332052,3,fog,25.0
hardware-rule_count-rdfs,40.270790291,40.164267382999995,reasoning_ms,39.969477680000004,3,fog,50.0
hardware-rule_count-rdfs,5.541558512,5.508043142,process_cpu_ms,5.1809819820000005,3,cloud,0.0
hardware-rule_count-rdfs,8.328740405000001,8.31107659,process_cpu_ms,7.2365355959999995,3,cloud,25.0
hardware-rule_count-rdfs,10.049311932,8.701169652,process_cpu_ms,8.352765196,3,cloud,50.0
hardware-rule_count-rdfs,10.897925075,10.402608782,process_cpu_ms,10.242934176999999,3,cloud,100.0
hardware-rule_count-rdfs,22.295631952,21.953177466,process_cpu_ms,20.912778845000002,3,cloud,250.0
hardware-rule_count-rdfs,27.856077153999998,27.231871078,process_cpu_ms,27.094339189,3,edge1,0.0
hardware-rule_count-rdfs,40.239919048000004,38.978723689,process_cpu_ms,38.913975712,3,edge1,25.0
hardware-rule_count-rdfs,43.371193173,43.107464576,process_cpu_ms,42.973305586,3,edge1,50.0
hardware-rule_count-rdfs,28.625808537,27.737273416,process_cpu_ms,27.143375526,3,edge2,0.0
hardware-rule_count-rdfs,40.372123869,39.086504461,process_cpu_ms,39.008007703000004,3,edge2,25.0
hardware-rule_count-rdfs,43.851931095,43.527656966,process_cpu_ms,43.046884148,3,edge2,50.0
hardware-rule_count-rdfs,27.588690261,27.090701957,process_cpu_ms,27.085852191,3,edge3,0.0
hardware-rule_count-rdfs,39.734158431000004,38.73893029,process_cpu_ms,38.349828951000006,3,edge3,25.0
hardware-rule_count-rdfs,43.236930181000005,42.957802363,process_cpu_ms,42.911530326,3,edge3,50.0
hardware-rule_count-rdfs,28.190550523000002,27.208007304,process_cpu_ms,27.013769014,3,fog,0.0
hardware-rule_count-rdfs,39.903954164000005,38.819655177,process_cpu_ms,38.530994218,3,fog,25.0
hardware-rule_count-rdfs,43.412173807,43.085755703000004,process_cpu_ms,42.901089395,3,fog,50.0
hardware-rule_count-rdfs,1408.4921875,1397.23828125,current_rss_kib,1349.78515625,3,cloud,0.0
hardware-rule_count-rdfs,1203.390625,1203.390625,current_rss_kib,1182.390625,3,cloud,25.0
hardware-rule_count-rdfs,1119.84375,1109.921875,current_rss_kib,1109.921875,3,cloud,50.0
hardware-rule_count-rdfs,1106.921875,1104.9375,current_rss_kib,1103.953125,3,cloud,100.0
hardware-rule_count-rdfs,1102.96875,1098.984375,current_rss_kib,1098.984375,3,cloud,250.0
hardware-rule_count-rdfs,167.9453125,165.1875,current_rss_kib,163.43359375,3,edge1,0.0
hardware-rule_count-rdfs,176.19140625,175.43359375,current_rss_kib,170.93359375,3,edge1,25.0
hardware-rule_count-rdfs,180.69140625,180.44140625,current_rss_kib,178.68359375,3,edge1,50.0
hardware-rule_count-rdfs,160.11328125,156.7578125,current_rss_kib,144.10546875,3,edge2,0.0
hardware-rule_count-rdfs,179.62109375,176.6171875,current_rss_kib,173.62109375,3,edge2,25.0
hardware-rule_count-rdfs,181.8828125,179.12109375,current_rss_kib,167.36328125,3,edge2,50.0
hardware-rule_count-rdfs,171.65234375,157.61328125,current_rss_kib,156.44140625,3,edge3,0.0
hardware-rule_count-rdfs,184.8515625,183.21875,current_rss_kib,181.12890625,3,edge3,25.0
hardware-rule_count-rdfs,184.8515625,184.3515625,current_rss_kib,184.09765625,3,edge3,50.0
hardware-rule_count-rdfs,172.69140625,162.9375,current_rss_kib,162.68359375,3,fog,0.0
hardware-rule_count-rdfs,184.47265625,183.22265625,current_rss_kib,180.96875,3,fog,25.0
hardware-rule_count-rdfs,184.51953125,179.46875,current_rss_kib,179.21875,3,fog,50.0
hardware-target_triples-rdfs,5.208303153,5.098226402,reasoning_ms,4.936982647,3,cloud,25000.0
hardware-target_triples-rdfs,30.926312277,30.88668379,reasoning_ms,30.484354945,3,cloud,50000.0
hardware-target_triples-rdfs,28.947925779000002,28.806526835,reasoning_ms,28.552887835,3,edge1,25000.0
hardware-target_triples-rdfs,29.080001686,28.758687039,reasoning_ms,28.678640686999998,3,edge2,25000.0
hardware-target_triples-rdfs,28.757988947,28.697599242,reasoning_ms,28.684888411,3,edge3,25000.0
hardware-target_triples-rdfs,28.915911335,28.710904667999998,reasoning_ms,28.664385039,3,fog,25000.0
hardware-target_triples-rdfs,5.439446889,5.306650493,process_cpu_ms,5.140603837,3,cloud,25000.0
hardware-target_triples-rdfs,31.872772494,31.823039463,process_cpu_ms,31.507610328,3,cloud,50000.0
hardware-target_triples-rdfs,30.937918729,30.62194411,process_cpu_ms,30.348322397,3,edge1,25000.0
hardware-target_triples-rdfs,31.293758768,30.962549317,process_cpu_ms,30.515033773,3,edge2,25000.0
hardware-target_triples-rdfs,30.753483818,30.464815812,process_cpu_ms,30.145295242,3,edge3,25000.0
hardware-target_triples-rdfs,30.674275398000002,30.477800693000002,process_cpu_ms,30.320568995000002,3,fog,25000.0
hardware-target_triples-rdfs,691.2734375,633.515625,current_rss_kib,568.70703125,3,cloud,25000.0
hardware-target_triples-rdfs,699.796875,699.796875,current_rss_kib,696.84375,3,cloud,50000.0
hardware-target_triples-rdfs,169.43359375,159.4296875,current_rss_kib,153.42578125,3,edge1,25000.0
hardware-target_triples-rdfs,152.36328125,138.86328125,current_rss_kib,136.85546875,3,edge2,25000.0
hardware-target_triples-rdfs,152.3359375,136.08203125,current_rss_kib,135.078125,3,edge3,25000.0
hardware-target_triples-rdfs,187.0625,178.8046875,current_rss_kib,158.8046875,3,fog,25000.0
hardware-users-rdfs,4.810452844,4.288456961,reasoning_ms,4.121020901,3,cloud,500.0
hardware-users-rdfs,8.040772197,8.005136391,reasoning_ms,7.965819624,3,cloud,1000.0
hardware-users-rdfs,25.46282768,21.831458527,reasoning_ms,21.166453999,3,cloud,2500.0
hardware-users-rdfs,21.036941969,19.998467692,reasoning_ms,19.689184581000003,3,edge1,500.0
hardware-users-rdfs,20.859213451,19.895251173000002,reasoning_ms,19.879432117,3,edge2,500.0
hardware-users-rdfs,20.769418438,19.776645011,reasoning_ms,19.480580140999997,3,edge3,500.0
hardware-users-rdfs,20.409882488,19.748374414,reasoning_ms,19.495409989,3,fog,500.0
hardware-users-rdfs,5.853414902000001,4.64340049,process_cpu_ms,4.6360627889999995,3,cloud,500.0
hardware-users-rdfs,10.048667671999999,9.184958885,process_cpu_ms,9.004157414,3,cloud,1000.0
hardware-users-rdfs,29.473238785000003,24.933915994,process_cpu_ms,23.452617702,3,cloud,2500.0
hardware-users-rdfs,23.254812384,22.412564022999998,process_cpu_ms,22.025424222,3,edge1,500.0
hardware-users-rdfs,23.43654282,22.553640946999998,process_cpu_ms,22.299213747000003,3,edge2,500.0
hardware-users-rdfs,22.980625322,22.225040543,process_cpu_ms,21.843953581,3,edge3,500.0
hardware-users-rdfs,23.216258278,22.192210069,process_cpu_ms,22.111857083,3,fog,500.0
hardware-users-rdfs,1097.984375,1097.984375,current_rss_kib,1092.046875,3,cloud,500.0
hardware-users-rdfs,1088.09375,1088.09375,current_rss_kib,1087.109375,3,cloud,1000.0
hardware-users-rdfs,1395.78515625,1091.71484375,current_rss_kib,1043.35546875,3,cloud,2500.0
hardware-users-rdfs,177.43359375,172.67578125,current_rss_kib,171.42578125,3,edge1,500.0
hardware-users-rdfs,181.12890625,173.609375,current_rss_kib,171.62890625,3,edge2,500.0
hardware-users-rdfs,180.09375,176.3359375,current_rss_kib,174.8359375,3,edge3,500.0
hardware-users-rdfs,179.76171875,176.26171875,current_rss_kib,174.00390625,3,fog,500.0
hardware-rule_count-owlrl,14.489901201999999,13.679581779,reasoning_ms,12.501995753,3,cloud,0.0
hardware-rule_count-owlrl,20.461783626,20.259640901999997,reasoning_ms,19.770920448000002,3,cloud,25.0
hardware-rule_count-owlrl,24.663442645,23.781339487,reasoning_ms,23.727911404,3,cloud,50.0
hardware-rule_count-owlrl,29.147706955,28.764343671,reasoning_ms,28.577385218,3,cloud,100.0
hardware-rule_count-owlrl,14.932949643,14.598591222,process_cpu_ms,12.877067155999999,3,cloud,0.0
hardware-rule_count-owlrl,22.161955416,21.946971215,process_cpu_ms,20.418757286,3,cloud,25.0
hardware-rule_count-owlrl,25.938705804,24.796552333,process_cpu_ms,24.146379217,3,cloud,50.0
hardware-rule_count-owlrl,29.991193647,29.613694946,process_cpu_ms,29.376278202,3,cloud,100.0
hardware-rule_count-owlrl,1276.09375,1275.55078125,current_rss_kib,1250.09375,3,cloud,0.0
hardware-rule_count-owlrl,1171.515625,1171.515625,current_rss_kib,1129.78125,3,cloud,25.0
hardware-rule_count-owlrl,1107.921875,1107.921875,current_rss_kib,1107.921875,3,cloud,50.0
hardware-rule_count-owlrl,1102.96875,1102.96875,current_rss_kib,1102.96875,3,cloud,100.0
hardware-target_triples-owlrl,13.452488684,13.282121685,reasoning_ms,13.060204274,3,cloud,25000.0
hardware-target_triples-owlrl,35.227898153000005,35.053955353,reasoning_ms,33.425020454999995,3,cloud,50000.0
hardware-target_triples-owlrl,14.174310278,13.702021248,process_cpu_ms,13.679358714,3,cloud,25000.0
hardware-target_triples-owlrl,36.535170987,35.815283154,process_cpu_ms,33.880750814,3,cloud,50000.0
hardware-target_triples-owlrl,746.0625,746.05078125,current_rss_kib,691.5625,3,cloud,25000.0
hardware-target_triples-owlrl,1039.26953125,961.36328125,current_rss_kib,785.76171875,3,cloud,50000.0
hardware-users-owlrl,14.512400219,14.162032755,reasoning_ms,14.009883903,3,cloud,500.0
hardware-users-owlrl,26.612267906,26.191338206,reasoning_ms,25.880115807,3,cloud,1000.0
hardware-users-owlrl,15.203076547,14.884235589,process_cpu_ms,14.578887245,3,cloud,500.0
hardware-users-owlrl,29.088975815999998,28.053313336,process_cpu_ms,26.435372442,3,cloud,1000.0
hardware-users-owlrl,1092.046875,1091.0625,current_rss_kib,1091.0625,3,cloud,500.0
hardware-users-owlrl,996.5,996.5,current_rss_kib,995.5,3,cloud,1000.0
hardware-rule_count-rdfs_owlrl,24.740684057,24.622954484,reasoning_ms,24.012263828,3,cloud,0.0
hardware-rule_count-rdfs_owlrl,41.727867790999994,40.869817862000005,reasoning_ms,40.323271604,3,cloud,25.0
hardware-rule_count-rdfs_owlrl,26.15111148,25.343989257,process_cpu_ms,24.379697346,3,cloud,0.0
hardware-rule_count-rdfs_owlrl,42.190888060999995,42.186158102,process_cpu_ms,41.437346887,3,cloud,25.0
hardware-rule_count-rdfs_owlrl,1226.09375,1226.09375,current_rss_kib,1215.203125,3,cloud,0.0
hardware-rule_count-rdfs_owlrl,1123.796875,1119.84375,current_rss_kib,1119.84375,3,cloud,25.0
hardware-target_triples-rdfs_owlrl,30.971856392000003,30.578617766,reasoning_ms,30.543098507,3,cloud,25000.0
hardware-target_triples-rdfs_owlrl,31.230207019,31.013202262,process_cpu_ms,30.990697964,3,cloud,25000.0
hardware-target_triples-rdfs_owlrl,730.3125,723.421875,current_rss_kib,705.703125,3,cloud,25000.0
hardware-users-rdfs_owlrl,25.731647659,25.514295345999997,reasoning_ms,24.950280132,3,cloud,500.0
hardware-users-rdfs_owlrl,26.527117037,26.464804382999997,process_cpu_ms,25.22596822,3,cloud,500.0
hardware-users-rdfs_owlrl,1091.0625,1091.0625,current_rss_kib,1090.078125,3,cloud,500.0
distributed-ontology-cost,10.563185249,10.434988415,total_wall_ms,10.432105411,3,owlrl,0.0
distributed-ontology-cost,31.477971149000002,31.166873112,total_wall_ms,31.109107823000002,3,owlrl,500.0
distributed-ontology-cost,57.42290844,57.033524178,total_wall_ms,57.017895104000004,3,owlrl,1000.0
distributed-ontology-cost,6.909102758,5.811772887,total_wall_ms,5.195881569999999,3,rdfs,0.0
distributed-ontology-cost,16.56620728,16.551802116999998,total_wall_ms,16.2319268,3,rdfs,500.0
distributed-ontology-cost,34.026864585999995,33.490144021,total_wall_ms,33.385441526,3,rdfs,1000.0
distributed-ontology-cost,17.099317768000002,17.049222450000002,total_wall_ms,16.797846734,3,rdfs_owlrl,0.0
distributed-ontology-cost,46.286492051,46.079842545,total_wall_ms,45.927037328,3,rdfs_owlrl,500.0
distributed-ontology-cost,2264.61328125,2252.015625,max_sum_node_current_rss_kib,2249.5625,3,owlrl,0.0
distributed-ontology-cost,2142.41796875,2138.953125,max_sum_node_current_rss_kib,2133.67578125,3,owlrl,500.0
distributed-ontology-cost,1892.30859375,1877.57421875,max_sum_node_current_rss_kib,1868.32421875,3,owlrl,1000.0
distributed-ontology-cost,2314.140625,2245.984375,max_sum_node_current_rss_kib,2228.97265625,3,rdfs,0.0
distributed-ontology-cost,2152.390625,2152.15234375,max_sum_node_current_rss_kib,2149.65625,3,rdfs,500.0
distributed-ontology-cost,1954.68359375,1945.01953125,max_sum_node_current_rss_kib,1897.2890625,3,rdfs,1000.0
distributed-ontology-cost,2247.59765625,2244.58984375,max_sum_node_current_rss_kib,2243.84375,3,rdfs_owlrl,0.0
distributed-ontology-cost,2068.41015625,1967.05859375,max_sum_node_current_rss_kib,1967.0546875,3,rdfs_owlrl,500.0
distributed-ontology-cost,37.851370071,36.881923877,total_process_cpu_ms,36.680558125000005,3,owlrl,0.0
distributed-ontology-cost,99.59466484900001,97.78509869300001,total_process_cpu_ms,97.406520378,3,owlrl,500.0
distributed-ontology-cost,173.802967213,173.49691546300002,total_process_cpu_ms,173.11709639,3,owlrl,1000.0
distributed-ontology-cost,18.708117451,17.763722253,total_process_cpu_ms,16.435051143,3,rdfs,0.0
distributed-ontology-cost,50.844369885,49.795966056,total_process_cpu_ms,48.514247774000005,3,rdfs,500.0
distributed-ontology-cost,96.591972082,96.54961715499999,total_process_cpu_ms,96.53888715699999,3,rdfs,1000.0
distributed-ontology-cost,63.26009955,62.454750045,total_process_cpu_ms,61.979555221000005,3,rdfs_owlrl,0.0
distributed-ontology-cost,149.430064495,148.550810447,total_process_cpu_ms,148.417330235,3,rdfs_owlrl,500.0
