category,layout,median,n,p95,query_id,reasoner,role,total
wellbeing,replicated,5.403453,3,6.891477,BASE-Q03,owlrl,cloud,17.778911
identity_consent,replicated,3.476163,3,3.5220089999999997,BASE-Q06,owlrl,cloud,10.301224
observability,replicated,8.279896,3,8.9399812,BASE-Q07,owlrl,cloud,24.903165
wellbeing,replicated,3.207465,3,6.248330999999999,BASE-Q11,owlrl,cloud,12.924714
adaptation,replicated,3.001601,3,3.1037339,BASE-Q12,owlrl,cloud,9.100896
adaptation,replicated,3.767267,3,3.7850564,BASE-Q13,owlrl,cloud,11.24486
federation,replicated,6.970109,3,72.9523688,BASE-Q16,owlrl,cloud,92.850018
context_zones,replicated,3.122685,3,3.2467959,BASE-Q18,owlrl,cloud,8.797544
decision,replicated,7.734743,3,23.8554971,BASE-Q21,owlrl,cloud,40.86988
topology,replicated,5.486809,3,7.7805247,BASE-Q23,owlrl,cloud,18.785461
identity_consent,replicated,2.970718,3,2.9923495,BASE-Q25,owlrl,cloud,8.873251
observability,replicated,1.389109,3,1.5192417999999999,BASE-Q26,owlrl,cloud,4.283361
adaptation,replicated,1.771342,3,1.8859741,BASE-Q27,owlrl,cloud,5.400619
topology,replicated,2.805013,3,3.1752874,BASE-Q29,owlrl,cloud,8.735884
federation,replicated,1.682531,3,1.7591336,BASE-Q30,owlrl,cloud,5.115582
identity_consent,replicated,3.446316,3,3.4558749,BASE-Q31,owlrl,cloud,10.30275
decision,replicated,3.281684,3,16.3178636,BASE-Q32,owlrl,cloud,24.316159000000003
semantic_schema,replicated,17.048593,3,17.232067,EXT-Q05,owlrl,cloud,50.980777
semantic_schema,replicated,3.485634,3,3.9871058999999995,EXT-Q06,owlrl,cloud,10.976649
policy_governance,replicated,55.987192,3,102.4346035,EXT-Q08,owlrl,cloud,218.788677
policy_governance,replicated,14.371286,3,14.4354848,EXT-Q09,owlrl,cloud,43.094522999999995
identity_consent,replicated,15.915958,3,29.2820911,EXT-Q11,owlrl,cloud,54.846008
identity_consent,replicated,7.153493,3,7.3666049000000005,EXT-Q13,owlrl,cloud,21.378432
identity_consent,replicated,16.767631,3,22.0668571,EXT-Q15,owlrl,cloud,51.044555
identity_consent,replicated,9.049999,3,9.5571202,EXT-Q18,owlrl,cloud,27.291882
identity_consent,replicated,8.681546,3,8.830676,EXT-Q19,owlrl,cloud,26.12618
identity_consent,replicated,5.532276,3,9.3809415,EXT-Q21,owlrl,cloud,20.740828
security_identity,replicated,45.054153,3,46.6525233,EXT-Q22,owlrl,cloud,115.945098
data_lifecycle,replicated,7.073212,3,7.443004,EXT-Q24,owlrl,cloud,21.470272
data_lifecycle,replicated,10.547711,3,10.8568925,EXT-Q25,owlrl,cloud,31.89513
security_identity,replicated,6.207729,3,6.2199987,EXT-Q26,owlrl,cloud,18.59082
security_identity,replicated,3.939052,3,4.1993671,EXT-Q29,owlrl,cloud,11.712032
security_identity,replicated,4.808405,3,16.580436499999998,EXT-Q30,owlrl,cloud,25.948396
data_lifecycle,replicated,4.315609,3,4.4306488,EXT-Q33,owlrl,cloud,13.054239
data_lifecycle,replicated,18.042045,3,26.025347399999998,EXT-Q35,owlrl,cloud,48.826302
context_zones,replicated,11.064165,3,18.114198000000002,EXT-Q37,owlrl,cloud,40.461476000000005
context_zones,replicated,6.371482,3,6.7993573,EXT-Q38,owlrl,cloud,19.556699000000002
trust,replicated,7.08539,3,14.6506622,EXT-Q41,owlrl,cloud,28.200212
trust,replicated,6.991466,3,7.3893379999999995,EXT-Q44,owlrl,cloud,20.13472
trust,replicated,9.802878,3,9.8567529,EXT-Q45,owlrl,cloud,29.266181
decision,replicated,8.127116,3,11.4629516,EXT-Q48,owlrl,cloud,26.221652
decision,replicated,8.033562,3,8.1834768,EXT-Q50,owlrl,cloud,22.382203
decision,replicated,10.17242,3,32.7111029,EXT-Q51,owlrl,cloud,53.745465
decision,replicated,4.714673,3,4.7286032,EXT-Q55,owlrl,cloud,13.925785000000001
decision,replicated,8.813803,3,67.0772902,EXT-Q56,owlrl,cloud,90.760899
decision,replicated,5.911084,3,6.090463000000001,EXT-Q58,owlrl,cloud,17.775503
adaptation,replicated,1.855887,3,2.4796725,EXT-Q61,owlrl,cloud,6.211005
delegation,replicated,5.070874,3,5.346387399999999,EXT-Q63,owlrl,cloud,15.313884999999999
delegation,replicated,4.078154,3,4.342988,EXT-Q64,owlrl,cloud,12.527249
federation,replicated,7.269832,3,9.0618094,EXT-Q67,owlrl,cloud,23.706094
federation,replicated,6.100128,3,11.922513299999999,EXT-Q69,owlrl,cloud,24.277348
audit_temporal,replicated,7.946336,3,8.0540822,EXT-Q72,owlrl,cloud,23.008912
audit_temporal,replicated,49.150458,3,49.938127200000004,EXT-Q73,owlrl,cloud,145.792655
policy_governance,replicated,12.275056,3,12.6838117,EXT-Q78,owlrl,cloud,37.177918
validation,replicated,32.728802,3,46.606766900000004,EXT-Q80,owlrl,cloud,113.329192
wellbeing,replicated,20.179407,3,20.2484748,BASE-Q05,owlrl,edge1,60.212797
observability,replicated,35.381778,3,35.4170949,BASE-Q10,owlrl,edge1,106.168204
identity_consent,replicated,30.517222,3,30.534122200000002,BASE-Q20,owlrl,edge1,91.435611
adaptation,replicated,24.140259,3,24.245793,BASE-Q22,owlrl,edge1,72.028278
topology,replicated,10.973296,3,10.9764631,BASE-Q34,owlrl,edge1,32.888537
semantic_schema,replicated,20.577333,3,20.6814495,EXT-Q02,owlrl,edge1,61.833295
policy_governance,replicated,34.609019,3,34.6276355,EXT-Q07,owlrl,edge1,103.828464
identity_consent,replicated,17.979055,3,18.0180889,EXT-Q16,owlrl,edge1,53.974648
data_lifecycle,replicated,11.180777,3,11.4218105,EXT-Q32,owlrl,edge1,33.668758
context_zones,replicated,15.241908,3,15.4990074,EXT-Q39,owlrl,edge1,45.969519
trust,replicated,20.664704,3,20.7017867,EXT-Q42,owlrl,edge1,61.679221999999996
decision,replicated,41.082574,3,141.31210719999999,EXT-Q47,owlrl,edge1,234.61094400000002
decision,replicated,51.643166,3,51.7836326,EXT-Q53,owlrl,edge1,154.96479499999998
audit_temporal,replicated,44.966685,3,45.856002000000004,EXT-Q71,owlrl,edge1,135.880167
validation,replicated,48.95937,3,49.2633369,EXT-Q77,owlrl,edge1,147.164481
identity_consent,replicated,31.785148,3,31.8812311,BASE-Q01,owlrl,edge2,95.312185
wellbeing,replicated,28.559537,3,28.861621099999997,BASE-Q09,owlrl,edge2,85.941538
identity_consent,replicated,11.652445,3,11.6679943,BASE-Q15,owlrl,edge2,34.868056
federation,replicated,28.851444,3,29.1762108,BASE-Q24,owlrl,edge2,86.337703
observability,replicated,24.300481,3,24.766248100000002,BASE-Q33,owlrl,edge2,72.93961
delegation,replicated,62.142463,3,62.5705633,BASE-Q35,owlrl,edge2,186.80513
policy_governance,replicated,53.335815,3,181.8232314,EXT-Q03,owlrl,edge2,302.501926
identity_consent,replicated,29.924741,3,29.9490572,EXT-Q14,owlrl,edge2,89.315666
security_identity,replicated,19.677556,3,20.6072398,EXT-Q28,owlrl,edge2,60.033519999999996
data_lifecycle,replicated,18.362222,3,18.4250888,EXT-Q31,owlrl,edge2,54.670851
trust,replicated,28.104092,3,156.1546925,EXT-Q40,owlrl,edge2,226.572314
adaptation,replicated,26.464889,3,26.586955999999997,EXT-Q60,owlrl,edge2,79.258316
validation,replicated,66.878611,3,67.0959781,EXT-Q75,owlrl,edge2,200.769
policy_governance,replicated,46.915611,3,47.2641279,EXT-Q79,owlrl,edge2,141.040612
topology,replicated,21.984527,3,22.1194946,BASE-Q02,owlrl,edge3,66.036786
observability,replicated,36.857861,3,36.908844200000004,BASE-Q08,owlrl,edge3,110.60456400000001
semantic_schema,replicated,29.25724,3,29.3313397,EXT-Q01,owlrl,edge3,87.685961
policy_governance,replicated,55.58107,3,56.181253899999994,EXT-Q04,owlrl,edge3,167.219543
identity_consent,replicated,35.254174,3,35.311257399999995,EXT-Q12,owlrl,edge3,105.732448
identity_consent,replicated,13.198443,3,13.8048765,EXT-Q20,owlrl,edge3,39.91018
data_lifecycle,replicated,25.862366,3,27.5916008,EXT-Q23,owlrl,edge3,79.433414
context_zones,replicated,20.508229,3,21.021497200000002,EXT-Q36,owlrl,edge3,62.024281
decision,replicated,34.190636,3,144.3885899,EXT-Q46,owlrl,edge3,224.76404100000002
decision,replicated,32.676578,3,33.0318953,EXT-Q52,owlrl,edge3,98.29182700000001
decision,replicated,18.545597,3,18.606197599999998,EXT-Q57,owlrl,edge3,55.632348
adaptation,replicated,22.010249,3,22.3417667,EXT-Q62,owlrl,edge3,66.38797100000001
delegation,replicated,12.57996,3,12.8365437,EXT-Q65,owlrl,edge3,37.967659
federation,replicated,24.637734,3,24.7841019,EXT-Q68,owlrl,edge3,73.968796
audit_temporal,replicated,122.006153,3,122.1535028,EXT-Q70,owlrl,edge3,366.10005
validation,replicated,24.888197,3,27.8364512,EXT-Q76,owlrl,edge3,77.744337
decision,replicated,21.588686,3,21.7672847,BASE-Q04,owlrl,fog,64.780796
delegation,replicated,16.305167,3,16.6392335,BASE-Q14,owlrl,fog,49.269741
context_zones,replicated,17.210518,3,17.643318999999998,BASE-Q17,owlrl,fog,52.054259
decision,replicated,35.277204,3,131.7316701,BASE-Q19,owlrl,fog,212.262686
identity_consent,replicated,61.596389,3,61.807421899999994,BASE-Q28,owlrl,fog,184.46537
policy_governance,replicated,138.967371,3,139.2627537,EXT-Q10,owlrl,fog,416.529519
identity_consent,replicated,28.684722,3,28.7890383,EXT-Q17,owlrl,fog,85.861221
security_identity,replicated,47.372093,3,47.564225900000004,EXT-Q27,owlrl,fog,141.511389
data_lifecycle,replicated,18.284055,3,18.562389,EXT-Q34,owlrl,fog,54.956666
trust,replicated,31.697982,3,31.726731599999997,EXT-Q43,owlrl,fog,94.696612
decision,replicated,28.244667,3,28.4766834,EXT-Q49,owlrl,fog,84.836667
decision,replicated,31.236185,3,31.4080013,EXT-Q54,owlrl,fog,93.544221
adaptation,replicated,72.923167,3,73.0157338,EXT-Q59,owlrl,fog,218.058186
federation,replicated,25.547722,3,25.6687225,EXT-Q66,owlrl,fog,76.359611
audit_temporal,replicated,213.430814,3,308.4310979,EXT-Q74,owlrl,fog,745.33848
topology,replicated,5.65731,3,52.79963219999999,BASE-Q02,rdfs,cloud,69.28163099999999
wellbeing,replicated,4.068821,3,4.6711037,BASE-Q05,rdfs,cloud,12.719882
identity_consent,replicated,3.658334,3,4.9754363,BASE-Q06,rdfs,cloud,12.30848
observability,replicated,8.581694,3,9.4003394,BASE-Q07,rdfs,cloud,26.031536000000003
wellbeing,replicated,6.926513,3,6.9833894,BASE-Q09,rdfs,cloud,20.380304000000002
observability,replicated,8.832012,3,17.6948763,BASE-Q10,rdfs,cloud,35.967598
delegation,replicated,4.019953,3,4.130221,BASE-Q14,rdfs,cloud,12.018403
federation,replicated,5.639164,3,5.728590700000001,BASE-Q16,rdfs,cloud,16.676683
context_zones,replicated,4.444488,3,4.8698298,BASE-Q17,rdfs,cloud,13.307231
context_zones,replicated,2.962445,3,2.9701787,BASE-Q18,rdfs,cloud,8.824403
decision,replicated,6.667177,3,14.624530599999998,BASE-Q19,rdfs,cloud,28.825713
decision,replicated,7.483431,3,9.7356387,BASE-Q21,rdfs,cloud,24.815543
adaptation,replicated,4.580133,3,4.871508899999999,BASE-Q22,rdfs,cloud,14.039670999999998
topology,replicated,5.731085,3,6.9459617,BASE-Q23,rdfs,cloud,18.52655
adaptation,replicated,1.865495,3,1.9153388,BASE-Q27,rdfs,cloud,5.549749
identity_consent,replicated,11.214971,3,19.8571553,BASE-Q28,rdfs,cloud,43.033974
identity_consent,replicated,4.167684,3,6.3540045,BASE-Q31,rdfs,cloud,14.101775
delegation,replicated,26.179471,3,54.7464799,BASE-Q35,rdfs,cloud,99.341364
semantic_schema,replicated,4.340008,3,4.7446264,EXT-Q02,rdfs,cloud,13.246237
policy_governance,replicated,15.107243,3,16.3286546,EXT-Q03,rdfs,cloud,46.517872
policy_governance,replicated,14.106015,3,14.1788358,EXT-Q04,rdfs,cloud,42.179474
semantic_schema,replicated,17.015562,3,61.2817191,EXT-Q05,rdfs,cloud,100.121855
semantic_schema,replicated,3.810576,3,3.8147952,EXT-Q06,rdfs,cloud,11.279279
policy_governance,replicated,40.730322,3,46.539339600000005,EXT-Q10,rdfs,cloud,126.977883
identity_consent,replicated,11.008509,3,24.4401936,EXT-Q11,rdfs,cloud,47.168569
identity_consent,replicated,8.723369,3,8.8525676,EXT-Q13,rdfs,cloud,26.285898
identity_consent,replicated,5.323259,3,6.2447501,EXT-Q16,rdfs,cloud,16.09741
identity_consent,replicated,9.323068,3,10.780365999999999,EXT-Q18,rdfs,cloud,29.364390999999998
identity_consent,replicated,9.259703,3,9.3247883,EXT-Q19,rdfs,cloud,27.810265
identity_consent,replicated,2.965596,3,3.2072613,EXT-Q20,rdfs,cloud,9.124273
security_identity,replicated,43.031916,3,58.9725351,EXT-Q22,rdfs,cloud,136.60557
data_lifecycle,replicated,6.448705,3,16.6764454,EXT-Q23,rdfs,cloud,29.821318
security_identity,replicated,6.289013,3,6.454663399999999,EXT-Q26,rdfs,cloud,18.962063999999998
security_identity,replicated,9.17645,3,19.6556414,EXT-Q27,rdfs,cloud,39.169844
security_identity,replicated,3.979014,3,4.7381253,EXT-Q28,rdfs,cloud,12.688302
security_identity,replicated,4.206632,3,5.3840669,EXT-Q29,rdfs,cloud,13.834112000000001
data_lifecycle,replicated,2.513785,3,2.6293243,EXT-Q32,rdfs,cloud,7.635839
data_lifecycle,replicated,3.469034,3,3.6861167,EXT-Q34,rdfs,cloud,10.584579
data_lifecycle,replicated,4.182603,3,4.3391769,EXT-Q35,rdfs,cloud,12.439425
context_zones,replicated,4.133557,3,9.444329199999999,EXT-Q39,rdfs,cloud,17.655347
trust,replicated,4.445023,3,9.1227442,EXT-Q42,rdfs,cloud,18.396894
trust,replicated,9.169154,3,9.814334299999999,EXT-Q44,rdfs,cloud,27.788538000000003
trust,replicated,10.154524,3,12.2748232,EXT-Q45,rdfs,cloud,32.176773
decision,replicated,11.542388,3,19.929879500000002,EXT-Q46,rdfs,cloud,43.519595
decision,replicated,10.019043,3,20.6389449,EXT-Q47,rdfs,cloud,41.25924
decision,replicated,10.79626,3,15.814898499999998,EXT-Q48,rdfs,cloud,33.883368
decision,replicated,8.153722,3,8.6385007,EXT-Q52,rdfs,cloud,24.412408
decision,replicated,6.973753,3,27.679026099999998,EXT-Q54,rdfs,cloud,43.708757
decision,replicated,4.406347,3,4.521475,EXT-Q55,rdfs,cloud,13.231895999999999
decision,replicated,8.550592,3,12.5975986,EXT-Q56,rdfs,cloud,29.958320999999998
adaptation,replicated,18.079307,3,18.1292192,EXT-Q59,rdfs,cloud,53.875780000000006
adaptation,replicated,2.02892,3,3.3821320999999998,EXT-Q61,rdfs,cloud,7.587028
delegation,replicated,3.993176,3,4.2254381,EXT-Q64,rdfs,cloud,12.137481000000001
federation,replicated,7.624529,3,8.9266751,EXT-Q67,rdfs,cloud,23.702542
federation,replicated,6.479694,3,6.810183899999999,EXT-Q68,rdfs,cloud,19.652608999999998
validation,replicated,6.497055,3,6.8449275,EXT-Q76,rdfs,cloud,19.57725
validation,replicated,10.15452,3,12.172977,EXT-Q77,rdfs,cloud,32.553016
policy_governance,replicated,10.354363,3,13.5283534,EXT-Q79,rdfs,cloud,34.291444999999996
wellbeing,replicated,14.168277,3,14.5172943,BASE-Q11,rdfs,edge1,42.85987
identity_consent,replicated,13.354185,3,13.9335348,BASE-Q25,rdfs,edge1,40.702462
decision,replicated,16.414963,3,17.159179299999998,BASE-Q32,rdfs,edge1,50.041593
semantic_schema,replicated,29.005648,3,29.3141149,EXT-Q01,rdfs,edge1,87.185
identity_consent,replicated,29.232259,3,30.0527089,EXT-Q17,rdfs,edge1,87.996888
data_lifecycle,replicated,21.756111,3,22.0311114,EXT-Q33,rdfs,edge1,65.495556
trust,replicated,32.465666,3,33.2697503,EXT-Q43,rdfs,edge1,97.909685
decision,replicated,51.443481,3,54.0027642,EXT-Q53,rdfs,edge1,156.691684
adaptation,replicated,27.034074,3,27.863757,EXT-Q60,rdfs,edge1,81.906444
delegation,replicated,25.013204,3,25.152469999999997,EXT-Q63,rdfs,edge1,74.872907
federation,replicated,28.401926,3,28.499976500000002,EXT-Q69,rdfs,edge1,84.872964
audit_temporal,replicated,31.244685,3,31.4673018,EXT-Q72,rdfs,edge1,93.04364699999999
validation,replicated,66.547352,3,66.7575848,EXT-Q75,rdfs,edge1,199.46133300000002
policy_governance,replicated,57.595463,3,58.3427969,EXT-Q78,rdfs,edge1,173.581056
validation,replicated,282.665259,3,296.505693,EXT-Q80,rdfs,edge1,862.553463
wellbeing,replicated,21.567685,3,21.718585299999997,BASE-Q03,rdfs,edge2,64.422722
decision,replicated,21.471963,3,21.4755297,BASE-Q04,rdfs,edge2,64.399871
adaptation,replicated,17.957444,3,17.9766617,BASE-Q13,rdfs,edge2,53.860482
identity_consent,replicated,30.671389,3,34.9614055,BASE-Q20,rdfs,edge2,96.388037
observability,replicated,23.340574,3,23.6417905,BASE-Q33,rdfs,edge2,70.23949999999999
policy_governance,replicated,49.834093,3,49.8639595,EXT-Q09,rdfs,edge2,148.930889
identity_consent,replicated,58.941111,3,58.9865943,EXT-Q15,rdfs,edge2,176.821666
data_lifecycle,replicated,18.049389,3,18.296806200000002,EXT-Q31,rdfs,edge2,54.140742
context_zones,replicated,34.844371,3,42.6059872,EXT-Q38,rdfs,edge2,112.945278
trust,replicated,25.045833,3,25.6310328,EXT-Q41,rdfs,edge2,75.755814
decision,replicated,32.470463,3,32.5069301,EXT-Q50,rdfs,edge2,97.08339000000001
federation,replicated,25.602278,3,31.3829114,EXT-Q66,rdfs,edge2,82.918871
audit_temporal,replicated,45.308704,3,46.090804,EXT-Q71,rdfs,edge2,136.297501
audit_temporal,replicated,289.223389,3,289.398439,EXT-Q74,rdfs,edge2,741.516537
identity_consent,replicated,11.584237,3,12.274888,BASE-Q15,rdfs,edge3,35.451508000000004
federation,replicated,28.524721,3,118.23908259999999,BASE-Q24,rdfs,edge3,184.879453
observability,replicated,6.029044,3,6.176844699999999,BASE-Q26,rdfs,edge3,18.155504
topology,replicated,14.424111,3,14.4998604,BASE-Q29,rdfs,edge3,43.356109000000004
policy_governance,replicated,220.589184,3,223.2336873,EXT-Q08,rdfs,edge3,664.558054
identity_consent,replicated,29.560037,3,30.133121,EXT-Q14,rdfs,edge3,89.008741
data_lifecycle,replicated,31.344632,3,32.1140159,EXT-Q24,rdfs,edge3,94.560489
context_zones,replicated,20.793211,3,20.8205278,EXT-Q36,rdfs,edge3,62.192837
trust,replicated,28.396554,3,29.9002893,EXT-Q40,rdfs,edge3,86.732424
decision,replicated,28.759055,3,29.0283053,EXT-Q49,rdfs,edge3,85.717849
decision,replicated,18.557838,3,19.1669724,EXT-Q57,rdfs,edge3,56.342589000000004
delegation,replicated,12.540515,3,12.7889663,EXT-Q65,rdfs,edge3,37.859899
audit_temporal,replicated,122.095709,3,122.19405830000001,EXT-Q70,rdfs,edge3,366.016588
audit_temporal,replicated,113.375105,3,202.3513829,EXT-Q73,rdfs,edge3,438.945439
identity_consent,replicated,31.889537,3,43.318920500000004,BASE-Q01,rdfs,fog,108.284685
observability,replicated,37.161944,3,37.294694,BASE-Q08,rdfs,fog,111.433759
adaptation,replicated,13.937593,3,15.1666087,BASE-Q12,rdfs,fog,43.170499
federation,replicated,6.560352,3,9.223918199999998,BASE-Q30,rdfs,fog,22.502389
topology,replicated,10.768408,3,11.6585404,BASE-Q34,rdfs,fog,33.290371
policy_governance,replicated,34.472703,3,34.4747208,EXT-Q07,rdfs,fog,103.24203700000001
identity_consent,replicated,35.154908,3,35.6956073,EXT-Q12,rdfs,fog,105.94750099999999
identity_consent,replicated,23.598445,3,23.6925616,EXT-Q21,rdfs,fog,70.286112
data_lifecycle,replicated,48.686482,3,135.9885142,EXT-Q25,rdfs,fog,242.847463
security_identity,replicated,12.949018,3,13.6784014,EXT-Q30,rdfs,fog,39.412758
context_zones,replicated,61.610351,3,79.6676351,EXT-Q37,rdfs,fog,204.71877700000002
decision,replicated,34.293796,3,34.597546,EXT-Q51,rdfs,fog,103.191277
decision,replicated,29.296667,3,29.4857336,EXT-Q58,rdfs,fog,88.033001
adaptation,replicated,22.69613,3,109.7525963,EXT-Q62,rdfs,fog,164.664796
decision,replicated,6.328519,3,6.3824362,BASE-Q04,rdfs_owlrl,cloud,18.96287
wellbeing,replicated,6.752805,3,6.7623585,BASE-Q09,rdfs_owlrl,cloud,20.197225
adaptation,replicated,3.215928,3,3.2742156000000002,BASE-Q12,rdfs_owlrl,cloud,9.70064
adaptation,replicated,3.810449,3,24.067089199999998,BASE-Q13,rdfs_owlrl,cloud,33.922615
delegation,replicated,4.940371,3,46.300849299999996,BASE-Q14,rdfs_owlrl,cloud,60.488423000000004
decision,replicated,7.715571,3,8.185047899999999,BASE-Q19,rdfs_owlrl,cloud,22.48085
identity_consent,replicated,7.224113,3,7.6904615,BASE-Q20,rdfs_owlrl,cloud,21.812779
decision,replicated,7.304232,3,7.6424088,BASE-Q21,rdfs_owlrl,cloud,22.092311
adaptation,replicated,4.681375,3,4.9163425,BASE-Q22,rdfs_owlrl,cloud,14.019856
topology,replicated,6.83783,3,6.9607241,BASE-Q23,rdfs_owlrl,cloud,19.884327
observability,replicated,1.697209,3,1.7054521,BASE-Q26,rdfs_owlrl,cloud,5.066606
identity_consent,replicated,14.57886,3,15.956017499999998,BASE-Q28,rdfs_owlrl,cloud,44.794808
identity_consent,replicated,4.139883,3,4.1841162,BASE-Q31,rdfs_owlrl,cloud,11.669941
observability,replicated,4.993284,3,5.0901258,BASE-Q33,rdfs_owlrl,cloud,15.056187000000001
semantic_schema,replicated,4.200979,3,4.274371299999999,EXT-Q02,rdfs_owlrl,cloud,12.586217000000001
policy_governance,replicated,60.154936,3,71.1589795,EXT-Q08,rdfs_owlrl,cloud,188.82314100000002
policy_governance,replicated,14.750047,3,14.9066974,EXT-Q09,rdfs_owlrl,cloud,44.027634
policy_governance,replicated,39.866682,3,53.357344499999996,EXT-Q10,rdfs_owlrl,cloud,134.301877
identity_consent,replicated,10.168527,3,10.1706591,EXT-Q11,rdfs_owlrl,cloud,30.491054
identity_consent,replicated,10.966926,3,11.0879328,EXT-Q12,rdfs_owlrl,cloud,30.404746000000003
identity_consent,replicated,6.764821,3,7.0671139,EXT-Q17,rdfs_owlrl,cloud,20.293559000000002
identity_consent,replicated,8.846217,3,9.179675099999999,EXT-Q18,rdfs_owlrl,cloud,26.781557
identity_consent,replicated,13.008019,3,21.6594805,EXT-Q19,rdfs_owlrl,cloud,44.511722000000006
identity_consent,replicated,3.240132,3,21.0846417,EXT-Q20,rdfs_owlrl,cloud,29.376468
security_identity,replicated,51.313663,3,89.9757937,EXT-Q22,rdfs_owlrl,cloud,196.459215
data_lifecycle,replicated,5.651503,3,5.6656879,EXT-Q23,rdfs_owlrl,cloud,16.912738
data_lifecycle,replicated,7.42735,3,8.1039529,EXT-Q24,rdfs_owlrl,cloud,22.773533999999998
data_lifecycle,replicated,11.214797,3,22.8256052,EXT-Q25,rdfs_owlrl,cloud,46.17883
security_identity,replicated,6.185087,3,6.2115416,EXT-Q26,rdfs_owlrl,cloud,18.526847
security_identity,replicated,11.273678,3,17.8122743,EXT-Q27,rdfs_owlrl,cloud,40.480799000000005
security_identity,replicated,3.984751,3,5.937081399999999,EXT-Q28,rdfs_owlrl,cloud,13.985593
data_lifecycle,replicated,5.470997,3,5.5979807,EXT-Q33,rdfs_owlrl,cloud,15.637654
context_zones,replicated,4.261466,3,4.7242046,EXT-Q36,rdfs_owlrl,cloud,13.062080000000002
context_zones,replicated,10.832988,3,11.134291800000002,EXT-Q37,rdfs_owlrl,cloud,32.709673
context_zones,replicated,8.217325,3,8.2660906,EXT-Q38,rdfs_owlrl,cloud,23.133029
trust,replicated,5.346673,3,5.3585709999999995,EXT-Q42,rdfs_owlrl,cloud,16.029437
decision,replicated,7.683879,3,8.1405093,EXT-Q46,rdfs_owlrl,cloud,23.484251
decision,replicated,6.177496,3,49.597795299999994,EXT-Q49,rdfs_owlrl,cloud,66.231417
decision,replicated,6.143125,3,6.2628988,EXT-Q50,rdfs_owlrl,cloud,18.557823
decision,replicated,8.112579,3,12.2448588,EXT-Q52,rdfs_owlrl,cloud,28.620453
decision,replicated,12.731852,3,22.4610104,EXT-Q53,rdfs_owlrl,cloud,45.284814999999995
decision,replicated,8.811783,3,37.289069999999995,EXT-Q56,rdfs_owlrl,cloud,58.074799999999996
decision,replicated,3.916961,3,4.0644107,EXT-Q57,rdfs_owlrl,cloud,11.910922
adaptation,replicated,5.470583,3,5.7740243,EXT-Q60,rdfs_owlrl,cloud,16.590631000000002
delegation,replicated,2.572994,3,2.6245883,EXT-Q65,rdfs_owlrl,cloud,7.774653
federation,replicated,5.536021,3,5.6010568,EXT-Q66,rdfs_owlrl,cloud,16.529993
federation,replicated,6.991925,3,10.046718499999999,EXT-Q67,rdfs_owlrl,cloud,24.366702
federation,replicated,5.345834,3,5.9061262999999995,EXT-Q68,rdfs_owlrl,cloud,16.6045
audit_temporal,replicated,8.007313,3,8.068137700000001,EXT-Q72,rdfs_owlrl,cloud,23.003614
validation,replicated,18.307843,3,67.6938949,EXT-Q75,rdfs_owlrl,cloud,109.2465
validation,replicated,5.363891,3,5.4749285,EXT-Q76,rdfs_owlrl,cloud,16.125382000000002
validation,replicated,9.290483,3,9.357479,EXT-Q77,rdfs_owlrl,cloud,27.754745
policy_governance,replicated,10.875774,3,11.0104941,EXT-Q79,rdfs_owlrl,cloud,32.331303
context_zones,replicated,10.686982,3,10.8449986,BASE-Q18,rdfs_owlrl,edge1,31.831834
identity_consent,replicated,13.456815,3,13.7950818,BASE-Q25,rdfs_owlrl,edge1,40.712815
federation,replicated,6.703333,3,6.8256664,BASE-Q30,rdfs_owlrl,edge1,20.238703
policy_governance,replicated,53.152685,3,53.7274358,EXT-Q03,rdfs_owlrl,edge1,159.917001
semantic_schema,replicated,66.214407,3,187.297158,EXT-Q05,rdfs_owlrl,edge1,330.777649
identity_consent,replicated,17.89874,3,17.971991,EXT-Q16,rdfs_owlrl,edge1,53.728573999999995
data_lifecycle,replicated,19.01226,3,19.3109934,EXT-Q34,rdfs_owlrl,edge1,56.836612
trust,replicated,46.810092,3,46.8313752,EXT-Q45,rdfs_owlrl,edge1,140.364073
decision,replicated,41.414426,3,41.705142200000004,EXT-Q47,rdfs_owlrl,edge1,124.488574
decision,replicated,31.724741,3,31.8095741,EXT-Q54,rdfs_owlrl,edge1,94.543926
adaptation,replicated,8.051982,3,8.2143141,EXT-Q61,rdfs_owlrl,edge1,24.321851000000002
delegation,replicated,21.813018,3,22.618501799999997,EXT-Q64,rdfs_owlrl,edge1,65.624907
audit_temporal,replicated,123.199963,3,233.1242296,EXT-Q70,rdfs_owlrl,edge1,491.565463
audit_temporal,replicated,147.143926,3,147.5454421,EXT-Q73,rdfs_owlrl,edge1,440.36248
policy_governance,replicated,57.293463,3,57.8143965,EXT-Q78,rdfs_owlrl,edge1,172.411574
identity_consent,replicated,33.12,3,33.1341831,BASE-Q01,rdfs_owlrl,edge2,98.527981
observability,replicated,37.588351,3,179.3062678,BASE-Q08,rdfs_owlrl,edge2,269.645573
context_zones,replicated,17.567926,3,17.6048089,BASE-Q17,rdfs_owlrl,edge2,52.32637
topology,replicated,14.720352,3,15.022035599999999,BASE-Q29,rdfs_owlrl,edge2,44.494907999999995
policy_governance,replicated,55.461741,3,57.2317404,EXT-Q04,rdfs_owlrl,edge2,167.425796
semantic_schema,replicated,15.070056,3,15.4869891,EXT-Q06,rdfs_owlrl,edge2,45.664834
identity_consent,replicated,29.751056,3,29.9325887,EXT-Q13,rdfs_owlrl,edge2,89.230778
identity_consent,replicated,26.455352,3,26.8545344,EXT-Q21,rdfs_owlrl,edge2,79.419944
security_identity,replicated,15.843593,3,16.3358255,EXT-Q29,rdfs_owlrl,edge2,47.431204
data_lifecycle,replicated,17.178259,3,17.664709,EXT-Q35,rdfs_owlrl,edge2,52.039165999999994
trust,replicated,28.424352,3,167.22000119999998,EXT-Q40,rdfs_owlrl,edge2,239.479407
trust,replicated,31.865408,3,32.109890299999996,EXT-Q43,rdfs_owlrl,edge2,95.67375999999999
decision,replicated,32.85163,3,33.4272799,EXT-Q48,rdfs_owlrl,edge2,99.125316
decision,replicated,21.493445,3,22.100994500000002,EXT-Q55,rdfs_owlrl,edge2,64.476871
adaptation,replicated,22.792741,3,22.8474574,EXT-Q62,rdfs_owlrl,edge2,68.404871
delegation,replicated,24.711074,3,24.843324499999998,EXT-Q63,rdfs_owlrl,edge2,73.644593
topology,replicated,22.021694,3,22.094910799999997,BASE-Q02,rdfs_owlrl,edge3,65.993637
identity_consent,replicated,15.819168,3,15.9524679,BASE-Q06,rdfs_owlrl,edge3,47.494892
observability,replicated,33.697061,3,34.2947114,BASE-Q07,rdfs_owlrl,edge3,101.39244199999999
federation,replicated,29.108888,3,29.1802886,BASE-Q24,rdfs_owlrl,edge3,86.614941
adaptation,replicated,8.472844,3,8.5405942,BASE-Q27,rdfs_owlrl,edge3,25.064402
decision,replicated,16.450243,3,16.7314768,BASE-Q32,rdfs_owlrl,edge3,49.327580999999995
semantic_schema,replicated,29.242129,3,142.2865543,EXT-Q01,rdfs_owlrl,edge3,212.362099
identity_consent,replicated,59.318223,3,59.330606100000004,EXT-Q15,rdfs_owlrl,edge3,177.83152
data_lifecycle,replicated,10.907477,3,11.0640266,EXT-Q32,rdfs_owlrl,edge3,32.821023
context_zones,replicated,15.201204,3,15.3559041,EXT-Q39,rdfs_owlrl,edge3,45.559668
decision,replicated,34.489839,3,34.5289557,EXT-Q51,rdfs_owlrl,edge3,103.125184
decision,replicated,29.254,3,30.5737852,EXT-Q58,rdfs_owlrl,edge3,88.77302
audit_temporal,replicated,47.29654,3,156.30982659999998,EXT-Q71,rdfs_owlrl,edge3,260.962251
audit_temporal,replicated,213.686545,3,213.7131787,EXT-Q74,rdfs_owlrl,edge3,639.0717070000001
validation,replicated,178.683853,3,179.0346874,EXT-Q80,rdfs_owlrl,edge3,535.7628179999999
wellbeing,replicated,23.08887,3,23.66397,BASE-Q03,rdfs_owlrl,fog,69.720833
wellbeing,replicated,19.541334,3,19.5871998,BASE-Q05,rdfs_owlrl,fog,58.638686
observability,replicated,34.751537,3,35.1050543,BASE-Q10,rdfs_owlrl,fog,104.488538
wellbeing,replicated,14.417352,3,14.4325521,BASE-Q11,rdfs_owlrl,fog,42.989112
identity_consent,replicated,11.437463,3,12.046780100000001,BASE-Q15,rdfs_owlrl,fog,34.880908
federation,replicated,25.797389,3,26.1626387,BASE-Q16,rdfs_owlrl,fog,77.753333
topology,replicated,11.414519,3,11.8525013,BASE-Q34,rdfs_owlrl,fog,34.456796
delegation,replicated,68.706426,3,70.3521588,BASE-Q35,rdfs_owlrl,fog,207.773499
policy_governance,replicated,35.004426,3,35.0119095,EXT-Q07,rdfs_owlrl,fog,104.351186
identity_consent,replicated,29.973371,3,29.9854373,EXT-Q14,rdfs_owlrl,fog,89.033297
security_identity,replicated,13.124018,3,14.2488353,EXT-Q30,rdfs_owlrl,fog,40.461463
data_lifecycle,replicated,18.984259,3,128.0415421,EXT-Q31,rdfs_owlrl,fog,176.786499
trust,replicated,25.925111,3,25.9413443,EXT-Q41,rdfs_owlrl,fog,77.101555
trust,replicated,24.855648,3,27.674831400000002,EXT-Q44,rdfs_owlrl,fog,77.231629
adaptation,replicated,80.870518,3,82.5757183,EXT-Q59,rdfs_owlrl,fog,244.09862900000002
federation,replicated,28.027241,3,28.125440899999997,EXT-Q69,rdfs_owlrl,fog,84.103816
identity_consent,sharded,3.947127,3,3.9865317,BASE-Q06,owlrl,cloud,11.881829
identity_consent,sharded,3.910011,3,3.9505353,BASE-Q31,owlrl,cloud,11.565593
semantic_schema,sharded,6.535154,3,8.0909525,EXT-Q01,owlrl,cloud,21.31476
semantic_schema,sharded,4.76239,3,5.7095275,EXT-Q02,owlrl,cloud,15.30737
policy_governance,sharded,15.405217,3,15.5791483,EXT-Q03,owlrl,cloud,46.342978
policy_governance,sharded,14.339119,3,14.430319599999999,EXT-Q04,owlrl,cloud,42.896677
semantic_schema,sharded,17.216017,3,19.6036675,EXT-Q05,owlrl,cloud,54.014061
semantic_schema,sharded,3.838626,3,4.48902,EXT-Q06,owlrl,cloud,11.749880000000001
policy_governance,sharded,9.462275,3,11.4810515,EXT-Q07,owlrl,cloud,30.125305
policy_governance,sharded,55.321078,3,56.282728,EXT-Q08,owlrl,cloud,166.77181000000002
policy_governance,sharded,14.736646,3,14.7491047,EXT-Q09,owlrl,cloud,43.990629999999996
policy_governance,sharded,39.13777,3,51.1977475,EXT-Q10,owlrl,cloud,130.706152
security_identity,sharded,3.233195,3,3.9555952999999997,EXT-Q29,owlrl,cloud,10.307436
security_identity,sharded,2.592651,3,3.2802626999999998,EXT-Q30,owlrl,cloud,8.357266
validation,sharded,17.602026,3,17.7437544,EXT-Q75,owlrl,cloud,52.856981000000005
validation,sharded,5.259248,3,8.2831715,EXT-Q76,owlrl,cloud,18.750488
validation,sharded,9.25358,3,9.399092,EXT-Q77,owlrl,cloud,27.522712
policy_governance,sharded,12.737448,3,14.9172939,EXT-Q78,owlrl,cloud,40.369457
policy_governance,sharded,10.105021,3,12.1064365,EXT-Q79,owlrl,cloud,32.396927
validation,sharded,33.126854,3,76.97361199999999,EXT-Q80,owlrl,cloud,147.42344
identity_consent,sharded,28.894037,3,29.8726196,BASE-Q01,owlrl,edge1,87.730295
wellbeing,sharded,20.222833,3,20.6225338,BASE-Q03,owlrl,edge1,61.086518999999996
wellbeing,sharded,20.205389,3,20.783688499999997,BASE-Q05,owlrl,edge1,61.21435099999999
wellbeing,sharded,25.521352,3,25.5454522,BASE-Q09,owlrl,edge1,76.204631
observability,sharded,29.697722,3,29.7524393,BASE-Q10,owlrl,edge1,88.816111
wellbeing,sharded,14.457148,3,14.8029307,BASE-Q11,owlrl,edge1,43.666573
adaptation,sharded,14.027315,3,14.3971988,BASE-Q12,owlrl,edge1,42.392446
adaptation,sharded,18.708352,3,18.7662184,BASE-Q13,owlrl,edge1,55.914315
delegation,sharded,17.2365,3,17.2671828,BASE-Q14,owlrl,edge1,51.260425
identity_consent,sharded,11.349297,3,11.5768962,BASE-Q15,owlrl,edge1,34.264667
federation,sharded,26.663815,3,27.4239145,BASE-Q16,owlrl,edge1,80.551759
context_zones,sharded,16.575667,3,16.8874,BASE-Q17,owlrl,edge1,49.981426
context_zones,sharded,10.470018,3,10.6293189,BASE-Q18,owlrl,edge1,31.466110999999998
identity_consent,sharded,26.365944,3,26.4426105,BASE-Q20,owlrl,edge1,78.658128
decision,sharded,32.153241,3,32.792523599999996,BASE-Q21,owlrl,edge1,96.236333
adaptation,sharded,24.409074,3,24.9646737,BASE-Q22,owlrl,edge1,73.609537
topology,sharded,22.206833,3,22.2815501,BASE-Q23,owlrl,edge1,66.403666
federation,sharded,29.690278,3,29.7991771,BASE-Q24,owlrl,edge1,88.71933200000001
identity_consent,sharded,13.584,3,13.5961671,BASE-Q25,owlrl,edge1,40.473371
adaptation,sharded,8.814019,3,9.2257852,BASE-Q27,owlrl,edge1,26.646425999999998
identity_consent,sharded,61.498018,3,63.927085600000005,BASE-Q28,owlrl,edge1,187.076277
federation,sharded,6.643241,3,7.3138076000000005,BASE-Q30,owlrl,edge1,20.62687
delegation,sharded,57.038037,3,57.0591537,BASE-Q35,owlrl,edge1,170.672703
identity_consent,sharded,28.833166,3,29.0847997,EXT-Q11,owlrl,edge1,86.436444
identity_consent,sharded,29.21963,3,29.5622294,EXT-Q12,owlrl,edge1,88.029797
identity_consent,sharded,24.028907,3,24.502124300000002,EXT-Q13,owlrl,edge1,72.59131500000001
identity_consent,sharded,24.083815,3,24.4818319,EXT-Q14,owlrl,edge1,72.620001
identity_consent,sharded,48.310592,3,48.376526,EXT-Q15,owlrl,edge1,144.906907
identity_consent,sharded,15.327741,3,138.1961901,EXT-Q16,owlrl,edge1,182.465166
identity_consent,sharded,26.678722,3,26.7211561,EXT-Q17,owlrl,edge1,79.608686
identity_consent,sharded,29.438277,3,30.0714774,EXT-Q18,owlrl,edge1,88.484999
identity_consent,sharded,39.212278,3,40.1515117,EXT-Q19,owlrl,edge1,118.602112
identity_consent,sharded,13.061907,3,13.538124,EXT-Q20,owlrl,edge1,39.697888
identity_consent,sharded,24.85774,3,25.4105578,EXT-Q21,owlrl,edge1,75.157185
security_identity,sharded,89.693222,3,89.8618055,EXT-Q22,owlrl,edge1,267.946203
data_lifecycle,sharded,26.118463,3,26.9853457,EXT-Q23,owlrl,edge1,79.07587
data_lifecycle,sharded,27.3905,3,27.6161165,EXT-Q24,owlrl,edge1,81.901592
data_lifecycle,sharded,43.363814,3,43.5674984,EXT-Q25,owlrl,edge1,130.072129
security_identity,sharded,19.860722,3,20.2343057,EXT-Q26,owlrl,edge1,59.917574
security_identity,sharded,46.638055,3,47.6566219,EXT-Q27,owlrl,edge1,140.368129
security_identity,sharded,19.284815,3,19.590414499999998,EXT-Q28,owlrl,edge1,57.711129
data_lifecycle,sharded,18.754204,3,18.755970700000002,EXT-Q31,owlrl,edge1,55.743242
data_lifecycle,sharded,11.181463,3,11.5227466,EXT-Q32,owlrl,edge1,33.546853
data_lifecycle,sharded,21.876148,3,22.4046649,EXT-Q33,owlrl,edge1,66.18124
data_lifecycle,sharded,18.572426,3,18.9127592,EXT-Q34,owlrl,edge1,56.00887
data_lifecycle,sharded,15.894537,3,16.2913371,EXT-Q35,owlrl,edge1,48.115074
context_zones,sharded,20.876574,3,21.2022075,EXT-Q36,owlrl,edge1,62.944370000000006
context_zones,sharded,61.278981,3,61.7043318,EXT-Q37,owlrl,edge1,184.159518
context_zones,sharded,34.949537,3,34.9698365,EXT-Q38,owlrl,edge1,104.659796
context_zones,sharded,15.558056,3,15.6114053,EXT-Q39,owlrl,edge1,46.541778
trust,sharded,23.569444,3,24.346444599999998,EXT-Q44,owlrl,edge1,71.21766600000001
trust,sharded,46.277185,3,47.7514354,EXT-Q45,owlrl,edge1,140.37262900000002
decision,sharded,32.801833,3,34.5419164,EXT-Q46,owlrl,edge1,99.860703
decision,sharded,37.753389,3,38.050838999999996,EXT-Q47,owlrl,edge1,113.24888899999999
decision,sharded,33.203963,3,33.3417296,EXT-Q48,owlrl,edge1,99.410297
decision,sharded,27.996519,3,29.1772191,EXT-Q49,owlrl,edge1,85.167242
decision,sharded,33.405685,3,33.9312184,EXT-Q50,owlrl,edge1,99.89422199999998
decision,sharded,31.550149,3,33.797781099999995,EXT-Q51,owlrl,edge1,96.940019
decision,sharded,29.927945,3,30.024311599999997,EXT-Q52,owlrl,edge1,89.46185299999999
decision,sharded,50.614963,3,50.680179700000004,EXT-Q53,owlrl,edge1,151.861611
decision,sharded,29.149,3,29.213850400000002,EXT-Q54,owlrl,edge1,86.884056
decision,sharded,20.61574,3,21.090291099999998,EXT-Q55,owlrl,edge1,62.320702999999995
decision,sharded,49.286796,3,49.499097,EXT-Q56,owlrl,edge1,147.862149
decision,sharded,18.750963,3,19.0648299,EXT-Q57,owlrl,edge1,56.352351999999996
decision,sharded,29.788518,3,29.8441515,EXT-Q58,owlrl,edge1,89.121962
adaptation,sharded,67.187703,3,67.2468033,EXT-Q59,owlrl,edge1,201.198665
adaptation,sharded,26.983907,3,27.0264743,EXT-Q60,owlrl,edge1,80.631796
adaptation,sharded,7.965778,3,8.3788438,EXT-Q61,owlrl,edge1,24.337258
adaptation,sharded,22.672241,3,23.1278741,EXT-Q62,owlrl,edge1,68.504019
delegation,sharded,24.915,3,25.023483300000002,EXT-Q63,owlrl,edge1,74.517962
delegation,sharded,21.213945,3,22.8927105,EXT-Q64,owlrl,edge1,65.501629
delegation,sharded,13.167092,3,13.4117921,EXT-Q65,owlrl,edge1,39.400462000000005
federation,sharded,25.928759,3,26.1499259,EXT-Q66,owlrl,edge1,77.595074
federation,sharded,39.586537,3,39.6927874,EXT-Q67,owlrl,edge1,118.830019
federation,sharded,25.14063,3,25.216797,EXT-Q68,owlrl,edge1,75.44153800000001
federation,sharded,28.575963,3,28.8576801,EXT-Q69,owlrl,edge1,85.586963
audit_temporal,sharded,110.468111,3,111.7425281,EXT-Q70,owlrl,edge1,332.120038
audit_temporal,sharded,42.192908,3,43.7402573,EXT-Q71,owlrl,edge1,128.195705
audit_temporal,sharded,29.517203,3,30.465769700000003,EXT-Q72,owlrl,edge1,89.120591
audit_temporal,sharded,97.75724,3,97.9938077,EXT-Q73,owlrl,edge1,293.463722
audit_temporal,sharded,147.667334,3,266.9870003,EXT-Q74,owlrl,edge1,574.878834
identity_consent,sharded,27.6215,3,28.6138166,BASE-Q01,owlrl,edge2,83.912722
topology,sharded,22.835333,3,22.9310498,BASE-Q02,owlrl,edge2,68.096055
wellbeing,sharded,19.354333,3,19.7556997,BASE-Q03,owlrl,edge2,58.405221
decision,sharded,21.673518,3,21.7913019,BASE-Q04,owlrl,edge2,64.819777
wellbeing,sharded,18.077648,3,18.504214700000002,BASE-Q05,owlrl,edge2,54.662259000000006
wellbeing,sharded,22.947037,3,22.958987200000003,BASE-Q09,owlrl,edge2,68.520778
observability,sharded,28.0275,3,28.3066332,BASE-Q10,owlrl,edge2,83.873944
adaptation,sharded,13.914408,3,14.1680235,BASE-Q12,owlrl,edge2,41.994203
adaptation,sharded,17.846759,3,17.9524595,BASE-Q13,owlrl,edge2,53.134147999999996
identity_consent,sharded,11.932555,3,12.238573,BASE-Q15,owlrl,edge2,36.12576
federation,sharded,24.045889,3,24.491739099999997,BASE-Q16,owlrl,edge2,72.532667
context_zones,sharded,16.09113,3,16.1844465,BASE-Q17,owlrl,edge2,48.306816
context_zones,sharded,9.90937,3,9.9479377,BASE-Q18,owlrl,edge2,29.747463
identity_consent,sharded,24.795778,3,25.8003778,BASE-Q20,owlrl,edge2,75.227055
decision,sharded,26.922796,3,27.543212800000003,BASE-Q21,owlrl,edge2,81.137778
adaptation,sharded,23.539889,3,23.793505399999997,BASE-Q22,owlrl,edge2,70.818685
topology,sharded,21.285425,3,21.4279931,BASE-Q23,owlrl,edge2,63.403684999999996
federation,sharded,25.73037,3,27.9050868,BASE-Q24,owlrl,edge2,79.460537
identity_consent,sharded,13.452296,3,16.6254962,BASE-Q25,owlrl,edge2,43.873239999999996
adaptation,sharded,8.409371,3,9.283520300000001,BASE-Q27,owlrl,edge2,26.151667000000003
identity_consent,sharded,42.834741,3,43.035773999999996,BASE-Q28,owlrl,edge2,128.193129
federation,sharded,6.342204,3,6.4006041,BASE-Q30,owlrl,edge2,19.087851999999998
observability,sharded,23.573778,3,24.0283113,BASE-Q33,owlrl,edge2,71.14863
delegation,sharded,29.324111,3,29.710727600000002,BASE-Q35,owlrl,edge2,88.376167
identity_consent,sharded,24.254111,3,24.5883107,EXT-Q11,owlrl,edge2,73.105481
identity_consent,sharded,24.664389,3,24.729556199999998,EXT-Q12,owlrl,edge2,73.75739
identity_consent,sharded,22.314889,3,22.5091225,EXT-Q13,owlrl,edge2,67.113038
identity_consent,sharded,22.300926,3,22.6332096,EXT-Q14,owlrl,edge2,67.201167
identity_consent,sharded,44.226389,3,44.251355,EXT-Q15,owlrl,edge2,132.351926
identity_consent,sharded,14.532463,3,14.9815297,EXT-Q16,owlrl,edge2,44.077723
identity_consent,sharded,22.136278,3,22.1401444,EXT-Q17,owlrl,edge2,66.09387100000001
identity_consent,sharded,24.030148,3,24.1165813,EXT-Q18,owlrl,edge2,71.704962
identity_consent,sharded,35.892833,3,35.950483399999996,EXT-Q19,owlrl,edge2,107.62611100000001
identity_consent,sharded,12.379204,3,13.2011371,EXT-Q20,owlrl,edge2,37.921204
identity_consent,sharded,22.524129,3,23.4336627,EXT-Q21,owlrl,edge2,68.402369
security_identity,sharded,83.39013,3,230.51518019999997,EXT-Q22,owlrl,edge2,411.36114899999995
data_lifecycle,sharded,23.02687,3,23.5690534,EXT-Q23,owlrl,edge2,69.56548
data_lifecycle,sharded,25.025722,3,26.3760226,EXT-Q24,owlrl,edge2,76.037297
data_lifecycle,sharded,41.982315,3,51.1349478,EXT-Q25,owlrl,edge2,133.97261
security_identity,sharded,18.90576,3,19.3284423,EXT-Q26,owlrl,edge2,56.995166999999995
security_identity,sharded,35.574537,3,35.579453699999995,EXT-Q27,owlrl,edge2,106.619074
security_identity,sharded,18.551371,3,19.1569369,EXT-Q28,owlrl,edge2,56.184815
data_lifecycle,sharded,17.82313,3,18.26053,EXT-Q31,owlrl,edge2,53.924853
data_lifecycle,sharded,10.990167,3,11.2830162,EXT-Q32,owlrl,edge2,33.224277
data_lifecycle,sharded,21.722148,3,21.8630646,EXT-Q33,owlrl,edge2,64.947129
data_lifecycle,sharded,18.5665,3,18.5762164,EXT-Q34,owlrl,edge2,55.382221
data_lifecycle,sharded,14.591649,3,14.752514999999999,EXT-Q35,owlrl,edge2,43.752464
context_zones,sharded,58.968833,3,59.25240049999999,EXT-Q37,owlrl,edge2,177.19174099999998
context_zones,sharded,34.473186,3,34.477335,EXT-Q38,owlrl,edge2,103.11276
trust,sharded,19.171592,3,19.3994756,EXT-Q44,owlrl,edge2,57.65511
trust,sharded,45.538148,3,184.5769817,EXT-Q45,owlrl,edge2,291.034111
decision,sharded,26.481685,3,26.8039012,EXT-Q46,owlrl,edge2,79.621388
decision,sharded,28.797555,3,28.9469217,EXT-Q47,owlrl,edge2,86.185018
decision,sharded,31.284444,3,32.0679606,EXT-Q48,owlrl,edge2,94.503147
decision,sharded,25.452759,3,26.3725419,EXT-Q49,owlrl,edge2,77.369203
decision,sharded,32.805148,3,32.942065,EXT-Q50,owlrl,edge2,98.48763
decision,sharded,23.108778,3,23.3490114,EXT-Q51,owlrl,edge2,69.129352
decision,sharded,22.025574,3,22.7853072,EXT-Q52,owlrl,edge2,66.377982
decision,sharded,47.566019,3,49.5245855,EXT-Q53,owlrl,edge2,144.77452
decision,sharded,26.054722,3,26.771572,EXT-Q54,owlrl,edge2,78.916796
decision,sharded,18.785482,3,18.833748099999998,EXT-Q55,owlrl,edge2,56.390316
decision,sharded,48.035537,3,48.0417533,EXT-Q56,owlrl,edge2,144.077277
decision,sharded,18.660315,3,18.941914200000003,EXT-Q57,owlrl,edge2,56.19224
decision,sharded,29.347426,3,29.4048757,EXT-Q58,owlrl,edge2,87.724592
adaptation,sharded,37.851871,3,38.0282701,EXT-Q59,owlrl,edge2,113.58005500000002
adaptation,sharded,25.163333,3,25.4254337,EXT-Q60,owlrl,edge2,75.578982
adaptation,sharded,7.868111,3,8.252843899999998,EXT-Q61,owlrl,edge2,23.972666
adaptation,sharded,21.590426,3,21.813859100000002,EXT-Q62,owlrl,edge2,64.913426
delegation,sharded,23.654703,3,23.6576037,EXT-Q63,owlrl,edge2,70.666092
delegation,sharded,20.466834,3,20.489866799999998,EXT-Q64,owlrl,edge2,61.124223
delegation,sharded,12.702778,3,12.999994899999999,EXT-Q65,owlrl,edge2,38.347297
federation,sharded,23.544519,3,23.8226685,EXT-Q66,owlrl,edge2,70.65879699999999
federation,sharded,38.175389,3,38.280905,EXT-Q67,owlrl,edge2,114.241481
federation,sharded,24.174277,3,25.516160799999998,EXT-Q68,owlrl,edge2,73.796425
federation,sharded,26.842315,3,30.2955979,EXT-Q69,owlrl,edge2,83.767815
audit_temporal,sharded,35.942852,3,36.2304677,EXT-Q70,owlrl,edge2,108.02024
audit_temporal,sharded,34.428074,3,34.5821414,EXT-Q71,owlrl,edge2,103.118742
audit_temporal,sharded,25.92613,3,27.999712900000002,EXT-Q72,owlrl,edge2,79.962463
audit_temporal,sharded,64.003167,3,65.572767,EXT-Q73,owlrl,edge2,193.361556
audit_temporal,sharded,100.237611,3,100.5524778,EXT-Q74,owlrl,edge2,300.834389
identity_consent,sharded,27.615368,3,28.1921519,BASE-Q01,owlrl,edge3,83.259122
wellbeing,sharded,19.187506,3,19.2665728,BASE-Q03,owlrl,edge3,57.57137
wellbeing,sharded,17.773022,3,17.7833387,BASE-Q05,owlrl,edge3,53.326992000000004
wellbeing,sharded,22.530695,3,23.3408129,BASE-Q09,owlrl,edge3,68.283234
observability,sharded,27.95172,3,28.5808047,BASE-Q10,owlrl,edge3,84.012772
adaptation,sharded,13.948813,3,14.3628643,BASE-Q12,owlrl,edge3,42.094737
adaptation,sharded,17.727263,3,17.7981956,BASE-Q13,owlrl,edge3,52.79414
identity_consent,sharded,11.310903,3,11.567537100000001,BASE-Q15,owlrl,edge3,34.034506
federation,sharded,24.30892,3,24.3847189,BASE-Q16,owlrl,edge3,72.675462
context_zones,sharded,17.479781,3,17.5090976,BASE-Q17,owlrl,edge3,52.135028
context_zones,sharded,9.921809,3,10.0395425,BASE-Q18,owlrl,edge3,29.826593
identity_consent,sharded,24.304215,3,25.3821999,BASE-Q20,owlrl,edge3,73.866258
decision,sharded,26.184607,3,27.029658400000002,BASE-Q21,owlrl,edge3,79.228951
adaptation,sharded,23.608863,3,23.8611465,BASE-Q22,owlrl,edge3,71.016811
topology,sharded,20.422785,3,21.1625184,BASE-Q23,owlrl,edge3,62.082003
federation,sharded,25.081884,3,25.5362832,BASE-Q24,owlrl,edge3,75.60892799999999
identity_consent,sharded,12.872627,3,13.553010800000001,BASE-Q25,owlrl,edge3,39.294752
adaptation,sharded,8.372807,3,8.633357,BASE-Q27,owlrl,edge3,25.339643000000002
identity_consent,sharded,42.605257,3,42.94984,BASE-Q28,owlrl,edge3,128.07369599999998
federation,sharded,6.655063,3,6.6648631,BASE-Q30,owlrl,edge3,19.864968
delegation,sharded,28.860184,3,29.4693184,BASE-Q35,owlrl,edge3,86.834368
identity_consent,sharded,26.081311,3,26.1337774,EXT-Q11,owlrl,edge3,77.998321
identity_consent,sharded,26.008866,3,26.0230491,EXT-Q12,owlrl,edge3,77.649949
identity_consent,sharded,22.547491,3,23.4879928,EXT-Q13,owlrl,edge3,68.441938
identity_consent,sharded,22.554695,3,22.8509453,EXT-Q14,owlrl,edge3,67.570825
identity_consent,sharded,45.276001,3,46.5581194,EXT-Q15,owlrl,edge3,137.181412
identity_consent,sharded,14.55137,3,14.5763702,EXT-Q16,owlrl,edge3,43.56611
identity_consent,sharded,22.216769,3,22.3613018,EXT-Q17,owlrl,edge3,66.681158
identity_consent,sharded,23.726789,3,23.9471396,EXT-Q18,owlrl,edge3,71.242127
identity_consent,sharded,35.721359,3,35.764026199999996,EXT-Q19,owlrl,edge3,106.915708
identity_consent,sharded,12.621145,3,12.7973623,EXT-Q20,owlrl,edge3,37.649917
identity_consent,sharded,22.672639,3,23.11534,EXT-Q21,owlrl,edge3,68.011233
security_identity,sharded,85.405255,3,203.2285192,EXT-Q22,owlrl,edge3,382.062996
data_lifecycle,sharded,22.926769,3,23.167835800000002,EXT-Q23,owlrl,edge3,68.820029
data_lifecycle,sharded,24.638698,3,24.7237804,EXT-Q24,owlrl,edge3,73.85759300000001
data_lifecycle,sharded,39.687013,3,39.7067788,EXT-Q25,owlrl,edge3,118.769759
security_identity,sharded,18.54419,3,18.5709227,EXT-Q26,owlrl,edge3,55.614588
security_identity,sharded,35.185711,3,35.3487784,EXT-Q27,owlrl,edge3,105.686486
security_identity,sharded,18.935764,3,18.951964,EXT-Q28,owlrl,edge3,56.366310999999996
data_lifecycle,sharded,17.706244,3,17.814478,EXT-Q31,owlrl,edge3,53.237122
data_lifecycle,sharded,10.859773,3,10.8722731,EXT-Q32,owlrl,edge3,32.550319
data_lifecycle,sharded,21.295768,3,21.738750699999997,EXT-Q33,owlrl,edge3,64.351136
data_lifecycle,sharded,18.198893,3,18.458226200000002,EXT-Q34,owlrl,edge3,54.86392000000001
data_lifecycle,sharded,14.698685,3,15.004919,EXT-Q35,owlrl,edge3,44.025334
context_zones,sharded,59.202112,3,61.0492801,EXT-Q37,owlrl,edge3,179.29878
context_zones,sharded,35.108489,3,36.6197735,EXT-Q38,owlrl,edge3,106.790042
trust,sharded,19.571969,3,19.5762683,EXT-Q44,owlrl,edge3,58.428090999999995
trust,sharded,45.550353,3,45.754836600000004,EXT-Q45,owlrl,edge3,136.737393
decision,sharded,26.595348,3,26.6574984,EXT-Q46,owlrl,edge3,79.55747
decision,sharded,28.312313,3,28.6499804,EXT-Q47,owlrl,edge3,85.304866
decision,sharded,30.501057,3,30.9181071,EXT-Q48,owlrl,edge3,91.89644899999999
decision,sharded,25.202939,3,144.0033044,EXT-Q49,owlrl,edge3,207.281463
decision,sharded,32.496337,3,32.5460197,EXT-Q50,owlrl,edge3,97.538344
decision,sharded,22.92538,3,23.120197599999997,EXT-Q51,owlrl,edge3,68.592567
decision,sharded,21.30223,3,21.5908141,EXT-Q52,owlrl,edge3,64.136154
decision,sharded,47.306411,3,47.416778,EXT-Q53,owlrl,edge3,141.893789
decision,sharded,26.400977,3,26.5856435,EXT-Q54,owlrl,edge3,79.255246
decision,sharded,19.488932,3,19.498548500000002,EXT-Q55,owlrl,edge3,58.216832
decision,sharded,48.006893,3,48.0312101,EXT-Q56,owlrl,edge3,144.03249399999999
decision,sharded,18.913098,3,18.9623478,EXT-Q57,owlrl,edge3,56.733979000000005
decision,sharded,29.2175,3,29.221233199999997,EXT-Q58,owlrl,edge3,87.606721
adaptation,sharded,37.84738,3,37.8607972,EXT-Q59,owlrl,edge3,113.530326
adaptation,sharded,25.260458,3,25.339658,EXT-Q60,owlrl,edge3,75.855632
adaptation,sharded,7.772436,3,8.083485900000001,EXT-Q61,owlrl,edge3,23.569844
adaptation,sharded,21.924139,3,22.5452065,EXT-Q62,owlrl,edge3,65.934102
delegation,sharded,23.720363,3,24.4174643,EXT-Q63,owlrl,edge3,71.447867
delegation,sharded,20.13071,3,20.52311,EXT-Q64,owlrl,edge3,60.612
delegation,sharded,12.583275,3,12.6471912,EXT-Q65,owlrl,edge3,37.814583999999996
federation,sharded,23.498289,3,23.704805699999998,EXT-Q66,owlrl,edge3,70.59933
federation,sharded,38.284993,3,38.2976425,EXT-Q67,owlrl,edge3,114.819756
federation,sharded,24.28829,3,25.1850581,EXT-Q68,owlrl,edge3,73.791926
federation,sharded,26.744737,3,26.884654599999998,EXT-Q69,owlrl,edge3,80.20297099999999
audit_temporal,sharded,34.540339,3,35.4545077,EXT-Q70,owlrl,edge3,104.492853
audit_temporal,sharded,34.122894,3,34.627745399999995,EXT-Q71,owlrl,edge3,102.86874
audit_temporal,sharded,26.049607,3,26.186857,EXT-Q72,owlrl,edge3,78.23145
audit_temporal,sharded,63.446727,3,63.5996604,EXT-Q73,owlrl,edge3,190.108181
audit_temporal,sharded,100.118532,3,100.3569168,EXT-Q74,owlrl,edge3,300.211764
observability,sharded,36.056518,3,155.19581799999997,BASE-Q07,owlrl,fog,238.324628
observability,sharded,37.752685,3,154.7766844,BASE-Q08,owlrl,fog,242.67744299999998
decision,sharded,34.124,3,34.6214336,BASE-Q19,owlrl,fog,102.907278
observability,sharded,5.750982,3,6.1739307000000005,BASE-Q26,owlrl,fog,17.702666999999998
topology,sharded,14.634704,3,16.1097203,BASE-Q29,owlrl,fog,45.234685
decision,sharded,16.611796,3,16.7170636,BASE-Q32,owlrl,fog,49.514111
topology,sharded,11.118185,3,11.165552,BASE-Q34,owlrl,fog,32.9815
trust,sharded,28.0335,3,28.9734672,EXT-Q40,owlrl,fog,84.983334
trust,sharded,24.715926,3,24.8119929,EXT-Q41,owlrl,fog,74.19838899999999
trust,sharded,20.229537,3,21.053037,EXT-Q42,owlrl,fog,61.035222000000005
trust,sharded,31.760759,3,31.8628262,EXT-Q43,owlrl,fog,95.385963
identity_consent,sharded,3.886592,3,3.9321626,BASE-Q06,rdfs,cloud,11.676452999999999
identity_consent,sharded,3.85851,3,3.9048203999999997,BASE-Q31,rdfs,cloud,11.510797
semantic_schema,sharded,6.486996,3,7.7530899,EXT-Q01,rdfs,cloud,20.832913
semantic_schema,sharded,4.851631,3,4.888730799999999,EXT-Q02,rdfs,cloud,14.534302
policy_governance,sharded,15.802934,3,60.755897299999994,EXT-Q03,rdfs,cloud,96.994648
policy_governance,sharded,13.852378,3,13.9762036,EXT-Q04,rdfs,cloud,41.532053
semantic_schema,sharded,17.109082,3,17.3194561,EXT-Q05,rdfs,cloud,51.263668
semantic_schema,sharded,3.476982,3,35.6293083,EXT-Q06,rdfs,cloud,46.107973
policy_governance,sharded,9.018772,3,9.1416553,EXT-Q07,rdfs,cloud,27.159471000000003
policy_governance,sharded,55.440589,3,55.686330399999996,EXT-Q08,rdfs,cloud,165.833925
policy_governance,sharded,14.022666,3,14.0954409,EXT-Q09,rdfs,cloud,42.00112
policy_governance,sharded,38.854922,3,39.4188818,EXT-Q10,rdfs,cloud,116.864922
security_identity,sharded,3.241536,3,3.7713362999999998,EXT-Q29,rdfs,cloud,10.135135
security_identity,sharded,2.598272,3,2.6766943999999997,EXT-Q30,rdfs,cloud,7.808317
validation,sharded,17.605248,3,17.7879705,EXT-Q75,rdfs,cloud,52.557201
validation,sharded,4.802562,3,4.8966840000000005,EXT-Q76,rdfs,cloud,14.428342
validation,sharded,8.878615,3,8.909432800000001,EXT-Q77,rdfs,cloud,26.580568
policy_governance,sharded,13.411539,3,61.53452189999999,EXT-Q78,rdfs,cloud,93.169501
policy_governance,sharded,10.149124,3,10.2437509,EXT-Q79,rdfs,cloud,30.44104
validation,sharded,46.88952,3,52.1012787,EXT-Q80,rdfs,cloud,145.04938099999998
identity_consent,sharded,29.680463,3,30.3422627,BASE-Q01,rdfs,edge1,89.738129
wellbeing,sharded,19.706445,3,20.062943999999998,BASE-Q03,rdfs,edge1,59.379982
wellbeing,sharded,19.599278,3,19.6254608,BASE-Q05,rdfs,edge1,58.791815
wellbeing,sharded,25.161407,3,25.409591,BASE-Q09,rdfs,edge1,75.230685
observability,sharded,29.320019,3,29.8166183,BASE-Q10,rdfs,edge1,88.47807399999999
wellbeing,sharded,14.732352,3,14.9835348,BASE-Q11,rdfs,edge1,44.285482
adaptation,sharded,14.104574,3,14.678324,BASE-Q12,rdfs,edge1,42.890555
adaptation,sharded,18.427926,3,18.869359799999998,BASE-Q13,rdfs,edge1,55.71352
delegation,sharded,16.86163,3,17.2041133,BASE-Q14,rdfs,edge1,50.850352
identity_consent,sharded,11.379333,3,11.8415001,BASE-Q15,rdfs,edge1,34.48724
federation,sharded,26.560537,3,26.7820198,BASE-Q16,rdfs,edge1,79.67774
context_zones,sharded,16.455926,3,16.4851094,BASE-Q17,rdfs,edge1,49.394037
context_zones,sharded,10.425445,3,10.6711117,BASE-Q18,rdfs,edge1,31.379853
identity_consent,sharded,26.265463,3,26.356813,BASE-Q20,rdfs,edge1,78.505037
decision,sharded,31.315426,3,32.726708800000004,BASE-Q21,rdfs,edge1,95.51396199999999
adaptation,sharded,24.42737,3,24.4650539,BASE-Q22,rdfs,edge1,72.889556
topology,sharded,21.736241,3,22.2061742,BASE-Q23,rdfs,edge1,65.626427
federation,sharded,29.053592,3,30.0728762,BASE-Q24,rdfs,edge1,88.201037
identity_consent,sharded,13.53187,3,13.9246201,BASE-Q25,rdfs,edge1,40.930332
adaptation,sharded,8.417481,3,8.686498199999999,BASE-Q27,rdfs,edge1,25.431221999999998
identity_consent,sharded,54.52437,3,172.7996034,BASE-Q28,rdfs,edge1,294.58079599999996
federation,sharded,6.752926,3,7.091209,BASE-Q30,rdfs,edge1,20.363167
delegation,sharded,57.203814,3,57.4700151,BASE-Q35,rdfs,edge1,171.781407
identity_consent,sharded,28.819092,3,28.978293,EXT-Q11,rdfs,edge1,86.282351
identity_consent,sharded,29.377666,3,29.664250300000003,EXT-Q12,rdfs,edge1,88.274074
identity_consent,sharded,24.333629,3,24.4800626,EXT-Q13,rdfs,edge1,72.801036
identity_consent,sharded,24.019704,3,24.1025706,EXT-Q14,rdfs,edge1,72.06439
identity_consent,sharded,48.171,3,48.2301498,EXT-Q15,rdfs,edge1,144.452574
identity_consent,sharded,15.309093,3,15.3286266,EXT-Q16,rdfs,edge1,45.928631
identity_consent,sharded,26.683685,3,26.8002512,EXT-Q17,rdfs,edge1,79.57648
identity_consent,sharded,29.423222,3,29.4265385,EXT-Q18,rdfs,edge1,87.55642499999999
identity_consent,sharded,39.017815,3,39.052564,EXT-Q19,rdfs,edge1,116.83751799999999
identity_consent,sharded,13.021612,3,13.6902949,EXT-Q20,rdfs,edge1,39.756409
identity_consent,sharded,23.143166,3,23.3210996,EXT-Q21,rdfs,edge1,69.565814
security_identity,sharded,120.036111,3,190.0433616,EXT-Q22,rdfs,edge1,436.68600000000004
data_lifecycle,sharded,26.345222,3,27.3712886,EXT-Q23,rdfs,edge1,79.859685
data_lifecycle,sharded,27.244648,3,27.2955988,EXT-Q24,rdfs,edge1,81.516222
data_lifecycle,sharded,43.653481,3,175.12971459999997,EXT-Q25,rdfs,edge1,276.719481
security_identity,sharded,20.323926,3,20.4047919,EXT-Q26,rdfs,edge1,60.749646999999996
security_identity,sharded,43.970649,3,44.9946321,EXT-Q27,rdfs,edge1,132.512816
security_identity,sharded,19.598111,3,20.061827899999997,EXT-Q28,rdfs,edge1,58.812518999999995
data_lifecycle,sharded,18.200852,3,18.3549851,EXT-Q31,rdfs,edge1,54.645111
data_lifecycle,sharded,10.980963,3,12.1824963,EXT-Q32,rdfs,edge1,34.253111000000004
data_lifecycle,sharded,21.975685,3,21.9923179,EXT-Q33,rdfs,edge1,65.724203
data_lifecycle,sharded,18.560167,3,145.26186639999997,EXT-Q34,rdfs,edge1,196.433241
data_lifecycle,sharded,15.999907,3,16.1356909,EXT-Q35,rdfs,edge1,48.113685
context_zones,sharded,20.670963,3,20.8628295,EXT-Q36,rdfs,edge1,62.182795999999996
context_zones,sharded,61.367241,3,61.5441576,EXT-Q37,rdfs,edge1,183.939649
context_zones,sharded,34.925371,3,34.9666864,EXT-Q38,rdfs,edge1,104.77616599999999
context_zones,sharded,15.692296,3,15.7040797,EXT-Q39,rdfs,edge1,46.522722
trust,sharded,28.547315,3,28.6709147,EXT-Q44,rdfs,edge1,85.684556
trust,sharded,46.229074,3,46.5534736,EXT-Q45,rdfs,edge1,138.555388
decision,sharded,38.459555,3,38.565555200000006,EXT-Q46,rdfs,edge1,115.113573
decision,sharded,37.881222,3,37.976572499999996,EXT-Q47,rdfs,edge1,113.461685
decision,sharded,34.066204,3,34.133803,EXT-Q48,rdfs,edge1,102.078018
decision,sharded,28.003296,3,28.488012599999998,EXT-Q49,rdfs,edge1,84.494333
decision,sharded,32.821371,3,33.407604,EXT-Q50,rdfs,edge1,98.926149
decision,sharded,31.524167,3,31.662383600000002,EXT-Q51,rdfs,edge1,94.236464
decision,sharded,29.481371,3,30.1091543,EXT-Q52,rdfs,edge1,89.025075
decision,sharded,50.576092,3,50.664292,EXT-Q53,rdfs,edge1,151.634036
decision,sharded,29.227907,3,29.747607499999997,EXT-Q54,rdfs,edge1,87.704426
decision,sharded,21.478408,3,21.873457600000002,EXT-Q55,rdfs,edge1,64.24339
decision,sharded,49.380444,3,49.525494300000005,EXT-Q56,rdfs,edge1,148.110759
decision,sharded,19.142259,3,19.3675092,EXT-Q57,rdfs,edge1,57.182148
decision,sharded,30.022019,3,30.0439853,EXT-Q58,rdfs,edge1,89.890501
adaptation,sharded,67.12187,3,67.66152079999999,EXT-Q59,rdfs,edge1,201.922945
adaptation,sharded,26.97887,3,27.1045037,EXT-Q60,rdfs,edge1,80.981185
adaptation,sharded,8.009222,3,8.3154884,EXT-Q61,rdfs,edge1,24.295424999999998
adaptation,sharded,22.929944,3,23.1376946,EXT-Q62,rdfs,edge1,68.69624
delegation,sharded,24.846518,3,24.871835,EXT-Q63,rdfs,edge1,74.505721
delegation,sharded,21.351204,3,21.763654199999998,EXT-Q64,rdfs,edge1,64.38542699999999
delegation,sharded,12.882314,3,12.9432476,EXT-Q65,rdfs,edge1,38.698313
federation,sharded,25.827871,3,26.0214205,EXT-Q66,rdfs,edge1,77.550464
federation,sharded,39.608463,3,39.6996132,EXT-Q67,rdfs,edge1,118.907279
federation,sharded,25.191037,3,25.4520532,EXT-Q68,rdfs,edge1,75.611981
federation,sharded,28.194796,3,28.6096132,EXT-Q69,rdfs,edge1,84.948944
audit_temporal,sharded,109.652944,3,111.8271946,EXT-Q70,rdfs,edge1,330.95444399999997
audit_temporal,sharded,42.129593,3,42.1390592,EXT-Q71,rdfs,edge1,126.12226
audit_temporal,sharded,29.148481,3,29.525881599999998,EXT-Q72,rdfs,edge1,87.745592
audit_temporal,sharded,78.2175,3,78.3744168,EXT-Q73,rdfs,edge1,234.68048199999998
audit_temporal,sharded,118.10963,3,121.5026129,EXT-Q74,rdfs,edge1,357.570907
identity_consent,sharded,27.659685,3,43.4534853,BASE-Q01,rdfs,edge2,100.358611
topology,sharded,21.128148,3,21.5393148,BASE-Q02,rdfs,edge2,63.746518
wellbeing,sharded,18.688315,3,19.5781144,BASE-Q03,rdfs,edge2,57.003759
decision,sharded,21.853,3,22.2889168,BASE-Q04,rdfs,edge2,65.978352
wellbeing,sharded,18.522462,3,19.830396,BASE-Q05,rdfs,edge2,56.466425
wellbeing,sharded,23.046648,3,23.1775485,BASE-Q09,rdfs,edge2,69.101463
observability,sharded,28.033426,3,28.2770254,BASE-Q10,rdfs,edge2,84.03924
adaptation,sharded,13.962352,3,14.4464854,BASE-Q12,rdfs,edge2,42.303129999999996
adaptation,sharded,17.854518,3,17.9865354,BASE-Q13,rdfs,edge2,53.266037
identity_consent,sharded,11.761092,3,12.2759766,BASE-Q15,rdfs,edge2,35.817537
federation,sharded,24.300796,3,24.5744302,BASE-Q16,rdfs,edge2,73.0105
context_zones,sharded,16.526981,3,16.6343816,BASE-Q17,rdfs,edge2,49.239185
context_zones,sharded,9.964796,3,10.4049302,BASE-Q18,rdfs,edge2,30.324038
identity_consent,sharded,24.697611,3,24.751944,BASE-Q20,rdfs,edge2,74.149777
decision,sharded,26.492704,3,26.4927535,BASE-Q21,rdfs,edge2,79.319444
adaptation,sharded,23.603834,3,23.604517100000002,BASE-Q22,rdfs,edge2,70.438723
topology,sharded,21.188167,3,21.479583400000003,BASE-Q23,rdfs,edge2,63.798185000000004
federation,sharded,25.968889,3,26.556805899999997,BASE-Q24,rdfs,edge2,77.83926
identity_consent,sharded,13.002741,3,13.371174,BASE-Q25,rdfs,edge2,39.054074
adaptation,sharded,8.440056,3,8.9999226,BASE-Q27,rdfs,edge2,25.897278999999997
identity_consent,sharded,64.949704,3,188.8863541,BASE-Q28,rdfs,edge2,310.615927
federation,sharded,6.347611,3,6.5170783,BASE-Q30,rdfs,edge2,19.173611
observability,sharded,23.403241,3,26.9979409,BASE-Q33,rdfs,edge2,73.686556
delegation,sharded,29.327981,3,31.375148,BASE-Q35,rdfs,edge2,90.20398
identity_consent,sharded,24.665778,3,24.788628,EXT-Q11,rdfs,edge2,73.651205
identity_consent,sharded,24.573851,3,24.8208344,EXT-Q12,rdfs,edge2,73.814054
identity_consent,sharded,22.419556,3,22.7267386,EXT-Q13,rdfs,edge2,67.488556
identity_consent,sharded,22.366908,3,22.6114902,EXT-Q14,rdfs,edge2,67.372055
identity_consent,sharded,44.491037,3,44.7177704,EXT-Q15,rdfs,edge2,133.459407
identity_consent,sharded,14.643704,3,14.9807873,EXT-Q16,rdfs,edge2,44.277871
identity_consent,sharded,22.334297,3,22.578780199999997,EXT-Q17,rdfs,edge2,66.93868599999999
identity_consent,sharded,23.850741,3,24.221840699999998,EXT-Q18,rdfs,edge2,71.90670399999999
identity_consent,sharded,35.915963,3,35.931179300000004,EXT-Q19,rdfs,edge2,107.566463
identity_consent,sharded,12.296945,3,12.6627779,EXT-Q20,rdfs,edge2,37.261815
identity_consent,sharded,21.831926,3,22.1002925,EXT-Q21,rdfs,edge2,65.604555
security_identity,sharded,194.573315,3,197.5110149,EXT-Q22,rdfs,edge2,503.96855600000004
data_lifecycle,sharded,23.244371,3,24.8517035,EXT-Q23,rdfs,edge2,71.185778
data_lifecycle,sharded,24.890629,3,25.3240798,EXT-Q24,rdfs,edge2,75.13896199999999
data_lifecycle,sharded,40.038833,3,40.1778668,EXT-Q25,rdfs,edge2,119.715555
security_identity,sharded,18.877426,3,19.5227926,EXT-Q26,rdfs,edge2,57.297407
security_identity,sharded,35.117537,3,181.9903532,EXT-Q27,rdfs,edge2,268.45444399999997
security_identity,sharded,18.45537,3,18.973704299999998,EXT-Q28,rdfs,edge2,55.800371
data_lifecycle,sharded,18.245129,3,18.97898,EXT-Q31,rdfs,edge2,54.980907
data_lifecycle,sharded,11.197611,3,11.753528399999999,EXT-Q32,rdfs,edge2,33.958315
data_lifecycle,sharded,21.806167,3,22.102384,EXT-Q33,rdfs,edge2,65.40089
data_lifecycle,sharded,18.319334,3,18.465433700000002,EXT-Q34,rdfs,edge2,55.065946000000004
data_lifecycle,sharded,14.578111,3,14.759110900000001,EXT-Q35,rdfs,edge2,43.787
context_zones,sharded,59.151148,3,59.4559807,EXT-Q37,rdfs,edge2,177.595202
context_zones,sharded,34.476463,3,34.6946293,EXT-Q38,rdfs,edge2,103.066944
trust,sharded,19.258037,3,19.7052533,EXT-Q44,rdfs,edge2,58.246148000000005
trust,sharded,45.331981,3,45.5618311,EXT-Q45,rdfs,edge2,136.129721
decision,sharded,26.717315,3,26.7413153,EXT-Q46,rdfs,edge2,79.80139
decision,sharded,28.863314,3,29.0163311,EXT-Q47,rdfs,edge2,86.365073
decision,sharded,30.578963,3,30.9015464,EXT-Q48,rdfs,edge2,91.996445
decision,sharded,24.848037,3,25.268503499999998,EXT-Q49,rdfs,edge2,74.931352
decision,sharded,32.936463,3,34.0798293,EXT-Q50,rdfs,edge2,99.979962
decision,sharded,23.262445,3,23.6815948,EXT-Q51,rdfs,edge2,70.170649
decision,sharded,21.606444,3,22.7352276,EXT-Q52,rdfs,edge2,66.018314
decision,sharded,47.455722,3,47.738439,EXT-Q53,rdfs,edge2,142.605741
decision,sharded,26.142667,3,26.816499699999998,EXT-Q54,rdfs,edge2,78.962537
decision,sharded,19.379555,3,19.463722100000002,EXT-Q55,rdfs,edge2,57.717591999999996
decision,sharded,48.013185,3,48.2489679,EXT-Q56,rdfs,edge2,144.058796
decision,sharded,18.472981,3,19.9699654,EXT-Q57,rdfs,edge2,57.043333000000004
decision,sharded,29.395111,3,31.006828300000002,EXT-Q58,rdfs,edge2,89.460167
adaptation,sharded,37.892611,3,38.005577200000005,EXT-Q59,rdfs,edge2,113.52166600000001
adaptation,sharded,25.537556,3,25.571438299999997,EXT-Q60,rdfs,edge2,76.208685
adaptation,sharded,7.776888,3,8.304639,EXT-Q61,rdfs,edge2,23.906888
adaptation,sharded,21.515185,3,22.1395843,EXT-Q62,rdfs,edge2,65.228499
delegation,sharded,23.950297,3,24.049446399999997,EXT-Q63,rdfs,edge2,71.64376
delegation,sharded,20.404519,3,20.496152499999997,EXT-Q64,rdfs,edge2,60.936205
delegation,sharded,12.761278,3,12.8597281,EXT-Q65,rdfs,edge2,38.282426
federation,sharded,23.609667,3,23.719233,EXT-Q66,rdfs,edge2,70.67188900000001
federation,sharded,38.163629,3,38.195029999999996,EXT-Q67,rdfs,edge2,114.094315
federation,sharded,24.411777,3,24.502578,EXT-Q68,rdfs,edge2,72.835666
federation,sharded,26.863333,3,26.9608669,EXT-Q69,rdfs,edge2,80.140425
audit_temporal,sharded,36.318241,3,37.5706072,EXT-Q70,rdfs,edge2,109.62287
audit_temporal,sharded,34.225741,3,36.0344908,EXT-Q71,rdfs,edge2,104.599278
audit_temporal,sharded,29.300111,3,184.5244277,EXT-Q72,rdfs,edge2,257.018222
audit_temporal,sharded,52.836741,3,53.2348911,EXT-Q73,rdfs,edge2,158.656464
audit_temporal,sharded,84.949907,3,85.03700719999999,EXT-Q74,rdfs,edge2,254.05672199999998
identity_consent,sharded,27.368423,3,146.6104715,BASE-Q01,rdfs,edge3,214.553304
wellbeing,sharded,18.595523,3,18.6283064,BASE-Q03,rdfs,edge3,55.597902
wellbeing,sharded,17.993893,3,18.5131102,BASE-Q05,rdfs,edge3,54.428754
wellbeing,sharded,22.979899,3,23.1284827,BASE-Q09,rdfs,edge3,68.63564099999999
observability,sharded,28.031628,3,28.564344300000002,BASE-Q10,rdfs,edge3,84.370142
adaptation,sharded,13.98185,3,14.128967600000001,BASE-Q12,rdfs,edge3,41.926644
adaptation,sharded,17.747837,3,17.7764534,BASE-Q13,rdfs,edge3,52.881381000000005
identity_consent,sharded,11.322848,3,11.7473807,BASE-Q15,rdfs,edge3,34.210561
federation,sharded,23.994067,3,25.8645523,BASE-Q16,rdfs,edge3,73.98911100000001
context_zones,sharded,17.656003,3,17.707454199999997,BASE-Q17,rdfs,edge3,52.920806999999996
context_zones,sharded,10.048809,3,10.9099767,BASE-Q18,rdfs,edge3,31.000186999999997
identity_consent,sharded,24.971698,3,25.2921313,BASE-Q20,rdfs,edge3,75.132057
decision,sharded,26.522125,3,26.534292100000002,BASE-Q21,rdfs,edge3,79.552784
adaptation,sharded,23.684567,3,23.7767,BASE-Q22,rdfs,edge3,70.852163
topology,sharded,20.965118,3,21.0624692,BASE-Q23,rdfs,edge3,62.591763
federation,sharded,25.801755,3,78.5270202,BASE-Q24,rdfs,edge3,135.360503
identity_consent,sharded,12.906812,3,12.9548963,BASE-Q25,rdfs,edge3,38.744104
adaptation,sharded,8.430973,3,8.5465402,BASE-Q27,rdfs,edge3,25.353383
identity_consent,sharded,43.091035,3,43.104401800000005,BASE-Q28,rdfs,edge3,129.207401
federation,sharded,7.077713,3,7.078729099999999,BASE-Q30,rdfs,edge3,20.691786
delegation,sharded,29.112906,3,165.438561,BASE-Q35,rdfs,edge3,238.060149
identity_consent,sharded,25.701069,3,26.0419026,EXT-Q11,rdfs,edge3,77.47717
identity_consent,sharded,26.036236,3,27.960355,EXT-Q12,rdfs,edge3,79.680969
identity_consent,sharded,22.233269,3,23.3737364,EXT-Q13,rdfs,edge3,67.796103
identity_consent,sharded,22.449713,3,23.6754977,EXT-Q14,rdfs,edge3,68.385159
identity_consent,sharded,45.21202,3,45.2174695,EXT-Q15,rdfs,edge3,134.824169
identity_consent,sharded,14.441555,3,14.4749387,EXT-Q16,rdfs,edge3,43.358406
identity_consent,sharded,22.22999,3,22.2306074,EXT-Q17,rdfs,edge3,66.302601
identity_consent,sharded,23.963456,3,24.060656,EXT-Q18,rdfs,edge3,71.877275
identity_consent,sharded,35.495841,3,36.9266088,EXT-Q19,rdfs,edge3,108.054672
identity_consent,sharded,12.22457,3,12.6943214,EXT-Q20,rdfs,edge3,37.158063999999996
identity_consent,sharded,21.745027,3,22.151944,EXT-Q21,rdfs,edge3,65.625877
security_identity,sharded,112.117992,3,170.25184769999998,EXT-Q22,rdfs,edge3,400.26924099999997
data_lifecycle,sharded,23.062399,3,23.4205333,EXT-Q23,rdfs,edge3,69.307421
data_lifecycle,sharded,24.749346,3,25.5572139,EXT-Q24,rdfs,edge3,74.911779
data_lifecycle,sharded,39.956624,3,40.9156253,EXT-Q25,rdfs,edge3,120.469281
security_identity,sharded,18.675357,3,19.2730074,EXT-Q26,rdfs,edge3,56.557367
security_identity,sharded,35.621174,3,35.7467744,EXT-Q27,rdfs,edge3,106.822115
security_identity,sharded,18.993894,3,19.0584276,EXT-Q28,rdfs,edge3,56.520793
data_lifecycle,sharded,17.767855,3,18.3081727,EXT-Q31,rdfs,edge3,53.879826
data_lifecycle,sharded,11.089791,3,11.218858200000001,EXT-Q32,rdfs,edge3,33.144948
data_lifecycle,sharded,21.673731,3,21.777681,EXT-Q33,rdfs,edge3,64.71184
data_lifecycle,sharded,18.104578,3,19.3451461,EXT-Q34,rdfs,edge3,55.509494000000004
data_lifecycle,sharded,14.825426,3,14.9655596,EXT-Q35,rdfs,edge3,44.101093
context_zones,sharded,59.036241,3,59.319091199999995,EXT-Q37,rdfs,edge3,177.044648
context_zones,sharded,35.182766,3,35.2471997,EXT-Q38,rdfs,edge3,105.435705
trust,sharded,19.216857,3,19.5736746,EXT-Q44,rdfs,edge3,58.013165
trust,sharded,45.550687,3,45.5861704,EXT-Q45,rdfs,edge3,136.62902300000002
decision,sharded,26.613811,3,28.092996099999997,EXT-Q46,rdfs,edge3,81.446602
decision,sharded,28.749536,3,29.6648864,EXT-Q47,rdfs,edge3,87.182608
decision,sharded,31.14678,3,31.7412966,EXT-Q48,rdfs,edge3,93.968469
decision,sharded,25.161254,3,25.2646379,EXT-Q49,rdfs,edge3,75.332873
decision,sharded,32.714448,3,32.7262146,EXT-Q50,rdfs,edge3,98.08273299999999
decision,sharded,22.943473,3,22.9708231,EXT-Q51,rdfs,edge3,68.631104
decision,sharded,21.609045,3,22.1611968,EXT-Q52,rdfs,edge3,65.23311799999999
decision,sharded,47.250782,3,48.9798161,EXT-Q53,rdfs,edge3,143.630402
decision,sharded,26.273199,3,26.3303994,EXT-Q54,rdfs,edge3,78.679802
decision,sharded,18.886264,3,18.916831600000002,EXT-Q55,rdfs,edge3,56.663682
decision,sharded,47.785763,3,48.2641976,EXT-Q56,rdfs,edge3,143.729309
decision,sharded,18.295115,3,18.3242813,EXT-Q57,rdfs,edge3,54.89386399999999
decision,sharded,29.194129,3,29.2292794,EXT-Q58,rdfs,edge3,87.069924
adaptation,sharded,37.666659,3,37.7825916,EXT-Q59,rdfs,edge3,113.052716
adaptation,sharded,25.349754,3,26.2800057,EXT-Q60,rdfs,edge3,77.027282
adaptation,sharded,7.694491,3,8.141291500000001,EXT-Q61,rdfs,edge3,23.539437
adaptation,sharded,21.810546,3,21.9656295,EXT-Q62,rdfs,edge3,65.437046
delegation,sharded,23.307584,3,23.6087852,EXT-Q63,rdfs,edge3,70.230199
delegation,sharded,20.183025,3,20.3516418,EXT-Q64,rdfs,edge3,60.472205
delegation,sharded,12.543182,3,12.7881323,EXT-Q65,rdfs,edge3,37.900158
federation,sharded,23.394307,3,24.091974399999998,EXT-Q66,rdfs,edge3,70.95775499999999
federation,sharded,38.390863,3,39.1991305,EXT-Q67,rdfs,edge3,116.06833
federation,sharded,23.865233,3,25.428218899999997,EXT-Q68,rdfs,edge3,73.327258
federation,sharded,26.302515,3,26.6596485,EXT-Q69,rdfs,edge3,79.296212
audit_temporal,sharded,34.749469,3,35.1062857,EXT-Q70,rdfs,edge3,104.414796
audit_temporal,sharded,34.225154,3,34.4239712,EXT-Q71,rdfs,edge3,102.805333
audit_temporal,sharded,26.198755,3,27.4185736,EXT-Q72,rdfs,edge3,79.752137
audit_temporal,sharded,53.515012,3,53.9819284,EXT-Q73,rdfs,edge3,160.337368
audit_temporal,sharded,83.836068,3,85.257987,EXT-Q74,rdfs,edge3,252.69153899999998
observability,sharded,36.286981,3,159.268498,BASE-Q07,rdfs,fog,244.786129
observability,sharded,37.448537,3,37.6979873,BASE-Q08,rdfs,fog,112.34138899999999
decision,sharded,34.812963,3,141.93009629999997,BASE-Q19,rdfs,fog,222.740722
observability,sharded,5.932963,3,6.1037794000000005,BASE-Q26,rdfs,fog,17.961277
topology,sharded,14.120723,3,14.5410554,BASE-Q29,rdfs,fog,42.725148000000004
decision,sharded,16.263203,3,16.6127369,BASE-Q32,rdfs,fog,49.106944
topology,sharded,10.785944,3,11.7784442,BASE-Q34,rdfs,fog,33.336129
trust,sharded,28.286019,3,28.594801800000003,EXT-Q40,rdfs,fog,84.985964
trust,sharded,24.706833,3,25.1816829,EXT-Q41,rdfs,fog,74.51637
trust,sharded,20.289241,3,20.3216581,EXT-Q42,rdfs,fog,60.248056000000005
trust,sharded,31.435111,3,32.0245948,EXT-Q43,rdfs,fog,94.799037
identity_consent,sharded,5.095616,3,7.3432075999999995,BASE-Q06,rdfs_owlrl,cloud,17.618275
identity_consent,sharded,3.966827,3,4.4971106,BASE-Q31,rdfs_owlrl,cloud,12.462433
semantic_schema,sharded,6.55677,3,9.2415537,EXT-Q01,rdfs_owlrl,cloud,22.611755000000002
semantic_schema,sharded,4.883285,3,4.9637702,EXT-Q02,rdfs_owlrl,cloud,14.719263999999999
policy_governance,sharded,15.530062,3,15.5666452,EXT-Q03,rdfs_owlrl,cloud,46.140845999999996
policy_governance,sharded,17.539781,3,23.8356203,EXT-Q04,rdfs_owlrl,cloud,55.836155
semantic_schema,sharded,19.700282,3,20.398646,EXT-Q05,rdfs_owlrl,cloud,57.235637
semantic_schema,sharded,3.514725,3,18.2346759,EXT-Q06,rdfs_owlrl,cloud,26.766049
policy_governance,sharded,9.256114,3,9.312683499999999,EXT-Q07,rdfs_owlrl,cloud,27.49552
policy_governance,sharded,55.295136,3,55.527803999999996,EXT-Q08,rdfs_owlrl,cloud,165.125806
policy_governance,sharded,17.291394,3,39.0971133,EXT-Q09,rdfs_owlrl,cloud,76.09020699999999
policy_governance,sharded,46.173806,3,51.363231199999994,EXT-Q10,rdfs_owlrl,cloud,137.626621
security_identity,sharded,3.237882,3,3.8198076000000003,EXT-Q29,rdfs_owlrl,cloud,10.249035
security_identity,sharded,2.551219,3,2.5571266,EXT-Q30,rdfs_owlrl,cloud,7.526963
validation,sharded,17.700398,3,17.8030331,EXT-Q75,rdfs_owlrl,cloud,52.860243
validation,sharded,7.18578,3,8.0219178,EXT-Q76,rdfs_owlrl,cloud,20.367235
validation,sharded,8.97686,3,14.9789177,EXT-Q77,rdfs_owlrl,cloud,33.548968
policy_governance,sharded,12.896385,3,15.3275802,EXT-Q78,rdfs_owlrl,cloud,41.02162
policy_governance,sharded,9.934264,3,9.9594424,EXT-Q79,rdfs_owlrl,cloud,29.780082
validation,sharded,32.932273,3,32.9811628,EXT-Q80,rdfs_owlrl,cloud,98.078243
identity_consent,sharded,30.316908,3,32.441257199999995,BASE-Q01,rdfs_owlrl,edge1,93.077389
wellbeing,sharded,20.940593,3,21.4468259,BASE-Q03,rdfs_owlrl,edge1,63.269815
wellbeing,sharded,20.206815,3,20.5178478,BASE-Q05,rdfs_owlrl,edge1,60.94768499999999
wellbeing,sharded,25.112908,3,25.2761743,BASE-Q09,rdfs_owlrl,edge1,75.40426
observability,sharded,29.776648,3,29.935631200000003,BASE-Q10,rdfs_owlrl,edge1,89.434833
wellbeing,sharded,14.362944,3,14.373645,BASE-Q11,rdfs_owlrl,edge1,43.034315
adaptation,sharded,14.03037,3,14.041754099999999,BASE-Q12,rdfs_owlrl,edge1,42.057463999999996
adaptation,sharded,18.812852,3,18.9230849,BASE-Q13,rdfs_owlrl,edge1,56.447185000000005
delegation,sharded,16.833926,3,16.8450761,BASE-Q14,rdfs_owlrl,edge1,50.49581500000001
identity_consent,sharded,11.880575,3,11.9185577,BASE-Q15,rdfs_owlrl,edge1,35.645075
federation,sharded,26.407741,3,26.6239579,BASE-Q16,rdfs_owlrl,edge1,79.444408
context_zones,sharded,16.945315,3,17.0669815,BASE-Q17,rdfs_owlrl,edge1,50.86775900000001
context_zones,sharded,10.735223,3,11.0092064,BASE-Q18,rdfs_owlrl,edge1,32.095798
identity_consent,sharded,26.435685,3,26.4522855,BASE-Q20,rdfs_owlrl,edge1,79.279389
decision,sharded,31.564666,3,31.6518499,BASE-Q21,rdfs_owlrl,edge1,94.58724
adaptation,sharded,24.270649,3,24.5621644,BASE-Q22,rdfs_owlrl,edge1,72.998019
topology,sharded,21.777778,3,22.273111,BASE-Q23,rdfs_owlrl,edge1,65.853371
federation,sharded,29.856593,3,29.909575999999998,BASE-Q24,rdfs_owlrl,edge1,88.9215
identity_consent,sharded,13.698222,3,13.8095394,BASE-Q25,rdfs_owlrl,edge1,41.143519
adaptation,sharded,8.476185,3,8.490252,BASE-Q27,rdfs_owlrl,edge1,25.378463
identity_consent,sharded,65.636593,3,66.6128761,BASE-Q28,rdfs_owlrl,edge1,197.856834
federation,sharded,6.699945,3,7.8170943,BASE-Q30,rdfs_owlrl,edge1,21.295464
delegation,sharded,62.435185,3,63.444235299999995,BASE-Q35,rdfs_owlrl,edge1,187.996759
identity_consent,sharded,28.517778,3,28.571144399999998,EXT-Q11,rdfs_owlrl,edge1,85.514796
identity_consent,sharded,29.627685,3,29.726068499999997,EXT-Q12,rdfs_owlrl,edge1,88.456926
identity_consent,sharded,23.9475,3,24.0158172,EXT-Q13,rdfs_owlrl,edge1,71.854537
identity_consent,sharded,24.408426,3,24.5112429,EXT-Q14,rdfs_owlrl,edge1,73.303278
identity_consent,sharded,48.489945,3,48.5451447,EXT-Q15,rdfs_owlrl,edge1,145.145927
identity_consent,sharded,15.305204,3,15.317837299999999,EXT-Q16,rdfs_owlrl,edge1,45.871314999999996
identity_consent,sharded,26.638148,3,26.6552309,EXT-Q17,rdfs_owlrl,edge1,79.627017
identity_consent,sharded,28.968259,3,29.0767927,EXT-Q18,rdfs_owlrl,edge1,86.99372199999999
identity_consent,sharded,39.205722,3,39.3079053,EXT-Q19,rdfs_owlrl,edge1,117.72377700000001
identity_consent,sharded,13.051963,3,13.9407463,EXT-Q20,rdfs_owlrl,edge1,40.112074
identity_consent,sharded,26.513056,3,27.1198225,EXT-Q21,rdfs_owlrl,edge1,79.797111
security_identity,sharded,275.981814,3,343.2512817,EXT-Q22,rdfs_owlrl,edge1,899.463017
data_lifecycle,sharded,26.380537,3,26.4018031,EXT-Q23,rdfs_owlrl,edge1,79.004814
data_lifecycle,sharded,27.146074,3,27.179474799999998,EXT-Q24,rdfs_owlrl,edge1,81.27696399999999
data_lifecycle,sharded,43.502167,3,43.537466800000004,EXT-Q25,rdfs_owlrl,edge1,130.400093
security_identity,sharded,19.776278,3,20.470694599999998,EXT-Q26,rdfs_owlrl,edge1,60.084297
security_identity,sharded,48.735426,3,49.0019763,EXT-Q27,rdfs_owlrl,edge1,146.492705
security_identity,sharded,18.945889,3,18.9576727,EXT-Q28,rdfs_owlrl,edge1,56.824019
data_lifecycle,sharded,18.255296,3,19.2494459,EXT-Q31,rdfs_owlrl,edge1,55.818851
data_lifecycle,sharded,11.023889,3,11.6111561,EXT-Q32,rdfs_owlrl,edge1,33.690334
data_lifecycle,sharded,167.981722,3,168.37002249999998,EXT-Q33,rdfs_owlrl,edge1,358.988185
data_lifecycle,sharded,18.94,3,18.976432900000002,EXT-Q34,rdfs_owlrl,edge1,56.829722000000004
data_lifecycle,sharded,15.868037,3,16.3827704,EXT-Q35,rdfs_owlrl,edge1,48.143148
context_zones,sharded,21.236926,3,21.310892499999998,EXT-Q36,rdfs_owlrl,edge1,63.483963
context_zones,sharded,61.063833,3,61.1390667,EXT-Q37,rdfs_owlrl,edge1,183.210536
context_zones,sharded,34.969111,3,35.0708776,EXT-Q38,rdfs_owlrl,edge1,104.916314
context_zones,sharded,15.229296,3,15.2739126,EXT-Q39,rdfs_owlrl,edge1,45.572332
trust,sharded,23.109796,3,23.136529600000003,EXT-Q44,rdfs_owlrl,edge1,69.34751800000001
trust,sharded,46.152518,3,46.406435,EXT-Q45,rdfs_owlrl,edge1,138.718926
decision,sharded,32.770777,3,32.910611800000005,EXT-Q46,rdfs_owlrl,edge1,98.396537
decision,sharded,37.899426,3,40.3686759,EXT-Q47,rdfs_owlrl,edge1,116.382555
decision,sharded,32.665444,3,33.720310600000005,EXT-Q48,rdfs_owlrl,edge1,99.136814
decision,sharded,28.169519,3,28.255919000000002,EXT-Q49,rdfs_owlrl,edge1,84.519723
decision,sharded,33.04274,3,33.081474199999995,EXT-Q50,rdfs_owlrl,edge1,99.129907
decision,sharded,31.302444,3,31.682460900000002,EXT-Q51,rdfs_owlrl,edge1,94.29299900000001
decision,sharded,29.721056,3,29.8065722,EXT-Q52,rdfs_owlrl,edge1,89.24963
decision,sharded,50.679556,3,50.890656400000005,EXT-Q53,rdfs_owlrl,edge1,152.16337099999998
decision,sharded,29.114556,3,29.2121889,EXT-Q54,rdfs_owlrl,edge1,87.425093
decision,sharded,21.056834,3,21.1460501,EXT-Q55,rdfs_owlrl,edge1,63.197982999999994
decision,sharded,49.576148,3,51.1445978,EXT-Q56,rdfs_owlrl,edge1,150.442295
decision,sharded,18.689037,3,19.3006536,EXT-Q57,rdfs_owlrl,edge1,56.681611000000004
decision,sharded,30.164833,3,31.1113,EXT-Q58,rdfs_owlrl,edge1,91.19424000000001
adaptation,sharded,73.471166,3,73.5797168,EXT-Q59,rdfs_owlrl,edge1,220.410074
adaptation,sharded,26.486129,3,26.642829799999998,EXT-Q60,rdfs_owlrl,edge1,79.609703
adaptation,sharded,8.143111,3,8.1490276,EXT-Q61,rdfs_owlrl,edge1,24.236351
adaptation,sharded,23.052555,3,23.1587388,EXT-Q62,rdfs_owlrl,edge1,69.096389
delegation,sharded,24.638593,3,24.6460261,EXT-Q63,rdfs_owlrl,edge1,73.769
delegation,sharded,21.696389,3,21.846939199999998,EXT-Q64,rdfs_owlrl,edge1,65.167463
delegation,sharded,12.800371,3,12.8110378,EXT-Q65,rdfs_owlrl,edge1,38.409446
federation,sharded,25.899037,3,25.9664542,EXT-Q66,rdfs_owlrl,edge1,77.704982
federation,sharded,39.371056,3,39.3806059,EXT-Q67,rdfs_owlrl,edge1,118.044704
federation,sharded,24.966296,3,25.8928622,EXT-Q68,rdfs_owlrl,edge1,75.85124
federation,sharded,28.866315,3,29.5118652,EXT-Q69,rdfs_owlrl,edge1,87.314982
audit_temporal,sharded,110.591741,3,110.77932440000001,EXT-Q70,rdfs_owlrl,edge1,331.837352
audit_temporal,sharded,41.814055,3,41.9595724,EXT-Q71,rdfs_owlrl,edge1,125.484499
audit_temporal,sharded,29.623333,3,29.6461336,EXT-Q72,rdfs_owlrl,edge1,88.44603699999999
audit_temporal,sharded,98.922481,3,98.99973159999999,EXT-Q73,rdfs_owlrl,edge1,296.382907
audit_temporal,sharded,147.978407,3,147.9952739,EXT-Q74,rdfs_owlrl,edge1,442.028148
identity_consent,sharded,29.19287,3,29.2503872,BASE-Q01,rdfs_owlrl,edge2,87.612371
topology,sharded,22.330037,3,22.4552702,BASE-Q02,rdfs_owlrl,edge2,67.016
wellbeing,sharded,19.945592,3,20.1807926,BASE-Q03,rdfs_owlrl,edge2,59.473276999999996
decision,sharded,21.618204,3,21.9483537,BASE-Q04,rdfs_owlrl,edge2,65.15492599999999
wellbeing,sharded,19.962963,3,22.3434459,BASE-Q05,rdfs_owlrl,edge2,60.697703
wellbeing,sharded,23.047852,3,23.5692022,BASE-Q09,rdfs_owlrl,edge2,69.507074
observability,sharded,28.294222,3,28.5396556,BASE-Q10,rdfs_owlrl,edge2,85.08533299999999
adaptation,sharded,14.487259,3,16.0304593,BASE-Q12,rdfs_owlrl,edge2,44.529019
adaptation,sharded,17.467593,3,17.740025699999997,BASE-Q13,rdfs_owlrl,edge2,52.598796
identity_consent,sharded,11.915334,3,14.3902503,BASE-Q15,rdfs_owlrl,edge2,38.390057
federation,sharded,24.634111,3,24.6460774,BASE-Q16,rdfs_owlrl,edge2,73.78937
context_zones,sharded,16.695315,3,16.8098985,BASE-Q17,rdfs_owlrl,edge2,50.183797
context_zones,sharded,9.934926,3,161.26644209999998,BASE-Q18,rdfs_owlrl,edge2,197.83646199999998
identity_consent,sharded,24.667463,3,24.736496600000002,BASE-Q20,rdfs_owlrl,edge2,73.887945
decision,sharded,26.453352,3,27.1852014,BASE-Q21,rdfs_owlrl,edge2,80.08174
adaptation,sharded,23.529,3,23.575367099999998,BASE-Q22,rdfs_owlrl,edge2,70.55550099999999
topology,sharded,20.664704,3,21.2789711,BASE-Q23,rdfs_owlrl,edge2,62.547779
federation,sharded,25.81837,3,25.958536900000002,BASE-Q24,rdfs_owlrl,edge2,77.478463
identity_consent,sharded,13.485444,3,13.5339945,BASE-Q25,rdfs_owlrl,edge2,39.97911
adaptation,sharded,8.397037,3,8.4250045,BASE-Q27,rdfs_owlrl,edge2,25.184779
identity_consent,sharded,42.696352,3,45.204886,BASE-Q28,rdfs_owlrl,edge2,130.838112
federation,sharded,6.559852,3,6.573068500000001,BASE-Q30,rdfs_owlrl,edge2,19.691704
observability,sharded,23.608833,3,23.752383899999998,BASE-Q33,rdfs_owlrl,edge2,70.88163
delegation,sharded,30.418352,3,30.5569187,BASE-Q35,rdfs_owlrl,edge2,91.113315
identity_consent,sharded,28.484037,3,30.8674701,EXT-Q11,rdfs_owlrl,edge2,84.89374000000001
identity_consent,sharded,24.909463,3,26.025829299999998,EXT-Q12,rdfs_owlrl,edge2,75.545074
identity_consent,sharded,22.355445,3,23.885211,EXT-Q13,rdfs_owlrl,edge2,68.731779
identity_consent,sharded,22.369259,3,23.2219928,EXT-Q14,rdfs_owlrl,edge2,67.982704
identity_consent,sharded,44.422259,3,44.5130924,EXT-Q15,rdfs_owlrl,edge2,133.18687
identity_consent,sharded,14.68263,3,17.9689962,EXT-Q16,rdfs_owlrl,edge2,47.684815
identity_consent,sharded,22.021926,3,22.034259600000002,EXT-Q17,rdfs_owlrl,edge2,66.02746400000001
identity_consent,sharded,23.79687,3,23.8548543,EXT-Q18,rdfs_owlrl,edge2,71.384315
identity_consent,sharded,35.889444,3,36.1242945,EXT-Q19,rdfs_owlrl,edge2,107.88170299999999
identity_consent,sharded,12.812481,3,12.8361816,EXT-Q20,rdfs_owlrl,edge2,37.943796
identity_consent,sharded,23.892129,3,25.1561295,EXT-Q21,rdfs_owlrl,edge2,72.551222
security_identity,sharded,363.836,3,372.263717,EXT-Q22,rdfs_owlrl,edge2,1008.03076
data_lifecycle,sharded,23.646018,3,23.7272349,EXT-Q23,rdfs_owlrl,edge2,70.68611
data_lifecycle,sharded,24.691352,3,24.9977021,EXT-Q24,rdfs_owlrl,edge2,74.29511099999999
data_lifecycle,sharded,39.816277,3,40.0946938,EXT-Q25,rdfs_owlrl,edge2,119.538851
security_identity,sharded,19.205315,3,19.499231599999998,EXT-Q26,rdfs_owlrl,edge2,57.619667
security_identity,sharded,35.204481,3,37.266615,EXT-Q27,rdfs_owlrl,edge2,107.86901800000001
security_identity,sharded,19.011166,3,19.0810501,EXT-Q28,rdfs_owlrl,edge2,56.622759
data_lifecycle,sharded,18.381648,3,18.4537308,EXT-Q31,rdfs_owlrl,edge2,55.157888
data_lifecycle,sharded,10.997019,3,11.0195514,EXT-Q32,rdfs_owlrl,edge2,32.984981
data_lifecycle,sharded,24.309037,3,26.9471701,EXT-Q33,rdfs_owlrl,edge2,73.241573
data_lifecycle,sharded,18.376149,3,19.199232300000002,EXT-Q34,rdfs_owlrl,edge2,55.95239
data_lifecycle,sharded,14.563389,3,15.345039,EXT-Q35,rdfs_owlrl,edge2,44.483944
context_zones,sharded,59.188611,3,59.4386112,EXT-Q37,rdfs_owlrl,edge2,177.768685
context_zones,sharded,34.386111,3,34.625510999999996,EXT-Q38,rdfs_owlrl,edge2,103.34190699999999
trust,sharded,19.85887,3,24.2078536,EXT-Q44,rdfs_owlrl,edge2,64.333499
trust,sharded,45.57087,3,45.9895203,EXT-Q45,rdfs_owlrl,edge2,136.966074
decision,sharded,26.817426,3,26.8264764,EXT-Q46,rdfs_owlrl,edge2,80.314278
decision,sharded,28.484852,3,28.7920022,EXT-Q47,rdfs_owlrl,edge2,85.792574
decision,sharded,30.684963,3,30.809613,EXT-Q48,rdfs_owlrl,edge2,92.071
decision,sharded,24.993667,3,28.291833099999998,EXT-Q49,rdfs_owlrl,edge2,78.58162999999999
decision,sharded,32.997963,3,32.9994624,EXT-Q50,rdfs_owlrl,edge2,98.690258
decision,sharded,23.304593,3,26.1418097,EXT-Q51,rdfs_owlrl,edge2,72.541649
decision,sharded,21.996314,3,22.2016814,EXT-Q52,rdfs_owlrl,edge2,66.057406
decision,sharded,47.519463,3,47.7062301,EXT-Q53,rdfs_owlrl,edge2,142.71313
decision,sharded,26.199667,3,27.1061668,EXT-Q54,rdfs_owlrl,edge2,79.285908
decision,sharded,19.422037,3,19.813953700000003,EXT-Q55,rdfs_owlrl,edge2,58.618148000000005
decision,sharded,48.253944,3,48.3870774,EXT-Q56,rdfs_owlrl,edge2,144.427314
decision,sharded,18.507519,3,18.6001848,EXT-Q57,rdfs_owlrl,edge2,55.557963
decision,sharded,29.49487,3,29.5634032,EXT-Q58,rdfs_owlrl,edge2,88.553795
adaptation,sharded,40.553926,3,44.1558088,EXT-Q59,rdfs_owlrl,edge2,123.73187
adaptation,sharded,25.657741,3,26.4035908,EXT-Q60,rdfs_owlrl,edge2,77.650204
adaptation,sharded,8.241426,3,8.2494927,EXT-Q61,rdfs_owlrl,edge2,24.23526
adaptation,sharded,22.119851,3,22.146468499999997,EXT-Q62,rdfs_owlrl,edge2,65.930981
delegation,sharded,23.909481,3,23.984348400000002,EXT-Q63,rdfs_owlrl,edge2,71.6615
delegation,sharded,20.103352,3,24.7114348,EXT-Q64,rdfs_owlrl,edge2,65.344203
delegation,sharded,12.715111,3,12.759778,EXT-Q65,rdfs_owlrl,edge2,38.173574
federation,sharded,23.767074,3,23.8085739,EXT-Q66,rdfs_owlrl,edge2,70.933814
federation,sharded,38.094722,3,38.227705099999994,EXT-Q67,rdfs_owlrl,edge2,114.28848099999999
federation,sharded,24.514037,3,24.535020499999998,EXT-Q68,rdfs_owlrl,edge2,73.473574
federation,sharded,27.018407,3,31.3670567,EXT-Q69,rdfs_owlrl,edge2,85.70797999999999
audit_temporal,sharded,36.280852,3,36.4164685,EXT-Q70,rdfs_owlrl,edge2,108.79400000000001
audit_temporal,sharded,34.583167,3,34.709566599999995,EXT-Q71,rdfs_owlrl,edge2,103.687704
audit_temporal,sharded,26.046055,3,26.3146213,EXT-Q72,rdfs_owlrl,edge2,78.341554
audit_temporal,sharded,63.386074,3,64.1990737,EXT-Q73,rdfs_owlrl,edge2,190.886555
audit_temporal,sharded,101.014241,3,101.08935679999999,EXT-Q74,rdfs_owlrl,edge2,302.969832
identity_consent,sharded,28.958351,3,29.294201299999997,BASE-Q01,rdfs_owlrl,edge3,87.218239
wellbeing,sharded,19.688951,3,19.7445674,BASE-Q03,rdfs_owlrl,edge3,58.666259
wellbeing,sharded,18.456078,3,18.4612944,BASE-Q05,rdfs_owlrl,edge3,55.36603100000001
wellbeing,sharded,22.867066,3,23.005249300000003,BASE-Q09,rdfs_owlrl,edge3,68.741327
observability,sharded,28.072535,3,42.2656862,BASE-Q10,rdfs_owlrl,edge3,99.471976
adaptation,sharded,14.528592,3,14.5827261,BASE-Q12,rdfs_owlrl,edge3,43.59587
adaptation,sharded,17.328595,3,17.5439623,BASE-Q13,rdfs_owlrl,edge3,52.111416000000006
identity_consent,sharded,11.521052,3,11.838401900000001,BASE-Q15,rdfs_owlrl,edge3,34.620581
federation,sharded,24.29916,3,24.4332096,BASE-Q16,rdfs_owlrl,edge3,72.75009
context_zones,sharded,17.127688,3,17.294121399999998,BASE-Q17,rdfs_owlrl,edge3,51.542897999999994
context_zones,sharded,10.285198,3,10.4383816,BASE-Q18,rdfs_owlrl,edge3,30.587685999999998
identity_consent,sharded,24.232456,3,24.4657567,BASE-Q20,rdfs_owlrl,edge3,72.851962
decision,sharded,26.347866,3,26.4402996,BASE-Q21,rdfs_owlrl,edge3,79.058673
adaptation,sharded,23.839993,3,25.2653446,BASE-Q22,rdfs_owlrl,edge3,72.790666
topology,sharded,21.282915,3,21.3894327,BASE-Q23,rdfs_owlrl,edge3,63.274857
federation,sharded,25.531939,3,25.5969388,BASE-Q24,rdfs_owlrl,edge3,76.440409
identity_consent,sharded,13.668017,3,13.669233799999999,BASE-Q25,rdfs_owlrl,edge3,40.285661000000005
adaptation,sharded,8.348325,3,8.8961424,BASE-Q27,rdfs_owlrl,edge3,25.648976
identity_consent,sharded,42.398386,3,44.0504719,BASE-Q28,rdfs_owlrl,edge3,129.029661
federation,sharded,6.638656,3,6.6530065,BASE-Q30,rdfs_owlrl,edge3,19.847154
delegation,sharded,28.950425,3,29.205975499999997,BASE-Q35,rdfs_owlrl,edge3,87.114609
identity_consent,sharded,25.745291,3,25.9831916,EXT-Q11,rdfs_owlrl,edge3,77.288374
identity_consent,sharded,25.651365,3,25.712198700000002,EXT-Q12,rdfs_owlrl,edge3,76.978614
identity_consent,sharded,22.19251,3,22.274759200000002,EXT-Q13,rdfs_owlrl,edge3,66.636139
identity_consent,sharded,22.562398,3,34.537863699999996,EXT-Q14,rdfs_owlrl,edge3,80.714342
identity_consent,sharded,45.041556,3,45.157122300000005,EXT-Q15,rdfs_owlrl,edge3,134.812316
identity_consent,sharded,15.073871,3,15.2383208,EXT-Q16,rdfs_owlrl,edge3,44.923223
identity_consent,sharded,21.881917,3,22.325049999999997,EXT-Q17,rdfs_owlrl,edge3,66.114027
identity_consent,sharded,23.777659,3,23.9803264,EXT-Q18,rdfs_owlrl,edge3,71.432719
identity_consent,sharded,35.809249,3,35.8539646,EXT-Q19,rdfs_owlrl,edge3,107.42674500000001
identity_consent,sharded,12.195126,3,12.6865269,EXT-Q20,rdfs_owlrl,edge3,37.098916
identity_consent,sharded,23.591622,3,23.8338219,EXT-Q21,rdfs_owlrl,edge3,70.848365
security_identity,sharded,327.735873,3,328.6099242,EXT-Q22,rdfs_owlrl,edge3,969.105491
data_lifecycle,sharded,22.967992,3,25.6666285,EXT-Q23,rdfs_owlrl,edge3,71.870294
data_lifecycle,sharded,24.608049,3,24.847065599999997,EXT-Q24,rdfs_owlrl,edge3,73.943018
data_lifecycle,sharded,39.768513,3,39.9483465,EXT-Q25,rdfs_owlrl,edge3,119.318353
security_identity,sharded,18.646616,3,18.660232099999998,EXT-Q26,rdfs_owlrl,edge3,55.88418
security_identity,sharded,35.455877,3,36.3632453,EXT-Q27,rdfs_owlrl,edge3,107.33189300000001
security_identity,sharded,18.921432,3,19.8224985,EXT-Q28,rdfs_owlrl,edge3,57.751406
data_lifecycle,sharded,17.708744,3,17.812045100000002,EXT-Q31,rdfs_owlrl,edge3,53.200362999999996
data_lifecycle,sharded,11.290292,3,11.5996922,EXT-Q32,rdfs_owlrl,edge3,34.173135
data_lifecycle,sharded,21.596786,3,21.681287,EXT-Q33,rdfs_owlrl,edge3,64.670452
data_lifecycle,sharded,18.097189,3,18.563723799999998,EXT-Q34,rdfs_owlrl,edge3,54.799254000000005
data_lifecycle,sharded,14.442722,3,14.515055,EXT-Q35,rdfs_owlrl,edge3,43.382925
context_zones,sharded,59.197593,3,64.8197157,EXT-Q37,rdfs_owlrl,edge3,183.43228499999998
context_zones,sharded,34.86321,3,35.1051606,EXT-Q38,rdfs_owlrl,edge3,104.61031600000001
trust,sharded,19.156172,3,19.4346725,EXT-Q44,rdfs_owlrl,edge3,57.727776000000006
trust,sharded,45.22039,3,45.8280907,EXT-Q45,rdfs_owlrl,edge3,136.335912
decision,sharded,26.616126,3,26.784275700000002,EXT-Q46,rdfs_owlrl,edge3,79.621007
decision,sharded,28.685073,3,28.7129901,EXT-Q47,rdfs_owlrl,edge3,85.722775
decision,sharded,30.611261,3,30.623593699999997,EXT-Q48,rdfs_owlrl,edge3,91.642207
decision,sharded,24.746679,3,24.7583619,EXT-Q49,rdfs_owlrl,edge3,74.224203
decision,sharded,32.810282,3,32.8831145,EXT-Q50,rdfs_owlrl,edge3,98.250382
decision,sharded,23.518956,3,24.2499396,EXT-Q51,rdfs_owlrl,edge3,70.903441
decision,sharded,21.54649,3,21.6425893,EXT-Q52,rdfs_owlrl,edge3,64.648654
decision,sharded,47.3658,3,48.1372179,EXT-Q53,rdfs_owlrl,edge3,142.910883
decision,sharded,26.213552,3,26.520185599999998,EXT-Q54,rdfs_owlrl,edge3,78.9511
decision,sharded,19.280784,3,20.502768,EXT-Q55,rdfs_owlrl,edge3,59.169055
decision,sharded,48.093968,3,50.8886372,EXT-Q56,rdfs_owlrl,edge3,147.350536
decision,sharded,18.930561,3,18.950310599999998,EXT-Q57,rdfs_owlrl,edge3,56.682199999999995
decision,sharded,28.857018,3,28.8753339,EXT-Q58,rdfs_owlrl,edge3,86.504756
adaptation,sharded,38.154289,3,38.3184724,EXT-Q59,rdfs_owlrl,edge3,114.498662
adaptation,sharded,25.431846,3,25.5019965,EXT-Q60,rdfs_owlrl,edge3,76.054243
adaptation,sharded,8.154084,3,8.2360848,EXT-Q61,rdfs_owlrl,edge3,24.121197
adaptation,sharded,21.477286,3,21.6050194,EXT-Q62,rdfs_owlrl,edge3,64.569802
delegation,sharded,23.653289,3,23.7320885,EXT-Q63,rdfs_owlrl,edge3,70.989977
delegation,sharded,20.156988,3,20.3884887,EXT-Q64,rdfs_owlrl,edge3,60.646446
delegation,sharded,12.687682,3,12.9456994,EXT-Q65,rdfs_owlrl,edge3,38.329195
federation,sharded,23.559122,3,23.586605300000002,EXT-Q66,rdfs_owlrl,edge3,70.623255
federation,sharded,38.106232,3,38.2668829,EXT-Q67,rdfs_owlrl,edge3,114.46329
federation,sharded,24.438715,3,24.5573161,EXT-Q68,rdfs_owlrl,edge3,73.312073
federation,sharded,26.890885,3,26.9351686,EXT-Q69,rdfs_owlrl,edge3,80.635415
audit_temporal,sharded,35.126711,3,35.1513611,EXT-Q70,rdfs_owlrl,edge3,105.142188
audit_temporal,sharded,34.305136,3,35.1076705,EXT-Q71,rdfs_owlrl,edge3,103.382594
audit_temporal,sharded,25.940236,3,83.0468578,EXT-Q72,rdfs_owlrl,edge3,141.197973
audit_temporal,sharded,63.31806,3,64.3111119,EXT-Q73,rdfs_owlrl,edge3,190.970349
audit_temporal,sharded,100.2132,3,101.375451,EXT-Q74,rdfs_owlrl,edge3,301.625378
observability,sharded,34.517981,3,34.9260644,BASE-Q07,rdfs_owlrl,fog,103.645925
observability,sharded,37.34724,3,155.92180799999997,BASE-Q08,rdfs_owlrl,fog,243.328352
decision,sharded,34.659351,3,42.276168899999995,BASE-Q19,rdfs_owlrl,fog,111.714648
observability,sharded,5.7825,3,5.7902166,BASE-Q26,rdfs_owlrl,fog,17.344481000000002
topology,sharded,14.076371,3,14.528387,BASE-Q29,rdfs_owlrl,fog,42.725852
decision,sharded,16.57776,3,20.0950752,BASE-Q32,rdfs_owlrl,fog,53.302148
topology,sharded,10.868592,3,134.97935879999997,BASE-Q34,rdfs_owlrl,fog,170.459554
trust,sharded,28.374481,3,28.3823146,EXT-Q40,rdfs_owlrl,fog,84.732611
trust,sharded,24.727518,3,31.313151899999998,EXT-Q41,rdfs_owlrl,fog,81.424888
trust,sharded,19.996018,3,144.63148569999998,EXT-Q42,rdfs_owlrl,fog,198.276667
trust,sharded,31.340889,3,31.6802061,EXT-Q43,rdfs_owlrl,fog,94.188501
