category,layer,layout,median,n,p95,reasoner,role,total
adaptation,Cloud,replicated,2.7665975,12,3.7761617,owlrl,cloud,31.95738
audit_temporal,Cloud,replicated,27.3413025,6,49.806849,owlrl,cloud,168.801567
context_zones,Cloud,replicated,6.371482,9,15.764186999999998,owlrl,cloud,68.815719
data_lifecycle,Cloud,replicated,7.278652,12,22.033696199999994,owlrl,cloud,115.245943
decision,Cloud,replicated,7.8841525,24,33.78009464999998,owlrl,cloud,289.997546
delegation,Cloud,replicated,4.6192125,6,5.3004685,owlrl,cloud,27.841134
federation,Cloud,replicated,6.535118499999999,12,43.04087369999995,owlrl,cloud,145.949042
identity_consent,Cloud,replicated,7.390284,27,20.889251299999998,owlrl,cloud,230.90511
observability,Cloud,replicated,4.571823,6,8.829967,owlrl,cloud,29.186526
policy_governance,Cloud,replicated,14.371286,9,86.95213299999998,owlrl,cloud,299.061118
security_identity,Cloud,replicated,6.184729,12,45.85333815,owlrl,cloud,172.196346
semantic_schema,Cloud,replicated,10.361278,6,17.201487999999998,owlrl,cloud,61.957426
topology,Cloud,replicated,4.2398495,6,7.39823875,owlrl,cloud,27.521345
trust,Cloud,replicated,7.433546,9,13.239844399999999,owlrl,cloud,77.601113
validation,Cloud,replicated,32.728802,3,46.606766900000004,owlrl,cloud,113.329192
wellbeing,Cloud,replicated,5.3610489999999995,6,6.939161,owlrl,cloud,30.703625
adaptation,Edge,replicated,24.140259,3,24.245793,owlrl,edge1,72.028278
audit_temporal,Edge,replicated,44.966685,3,45.856002000000004,owlrl,edge1,135.880167
context_zones,Edge,replicated,15.241908,3,15.4990074,owlrl,edge1,45.969519
data_lifecycle,Edge,replicated,11.180777,3,11.4218105,owlrl,edge1,33.668758
decision,Edge,replicated,51.5827775,6,127.2863515,owlrl,edge1,389.575739
identity_consent,Edge,replicated,24.2024075,6,30.531305500000002,owlrl,edge1,145.410259
observability,Edge,replicated,35.381778,3,35.4170949,owlrl,edge1,106.168204
policy_governance,Edge,replicated,34.609019,3,34.6276355,owlrl,edge1,103.828464
semantic_schema,Edge,replicated,20.577333,3,20.6814495,owlrl,edge1,61.833295
topology,Edge,replicated,10.973296,3,10.9764631,owlrl,edge1,32.888537
trust,Edge,replicated,20.664704,3,20.7017867,owlrl,edge1,61.679221999999996
validation,Edge,replicated,48.95937,3,49.2633369,owlrl,edge1,147.164481
wellbeing,Edge,replicated,20.179407,3,20.2484748,owlrl,edge1,60.212797
adaptation,Edge,replicated,26.464889,3,26.586955999999997,owlrl,edge2,79.258316
data_lifecycle,Edge,replicated,18.362222,3,18.4250888,owlrl,edge2,54.670851
delegation,Edge,replicated,62.142463,3,62.5705633,owlrl,edge2,186.80513
federation,Edge,replicated,28.851444,3,29.1762108,owlrl,edge2,86.337703
identity_consent,Edge,replicated,29.924741,9,31.8492034,owlrl,edge2,219.495907
observability,Edge,replicated,24.300481,3,24.766248100000002,owlrl,edge2,72.93961
policy_governance,Edge,replicated,50.184675999999996,6,160.408662,owlrl,edge2,443.54253800000004
security_identity,Edge,replicated,19.677556,3,20.6072398,owlrl,edge2,60.033519999999996
trust,Edge,replicated,28.104092,3,156.1546925,owlrl,edge2,226.572314
validation,Edge,replicated,66.878611,3,67.0959781,owlrl,edge2,200.769
wellbeing,Edge,replicated,28.559537,3,28.861621099999997,owlrl,edge2,85.941538
adaptation,Edge,replicated,22.010249,3,22.3417667,owlrl,edge3,66.38797100000001
audit_temporal,Edge,replicated,122.006153,3,122.1535028,owlrl,edge3,366.10005
context_zones,Edge,replicated,20.508229,3,21.021497200000002,owlrl,edge3,62.024281
data_lifecycle,Edge,replicated,25.862366,3,27.5916008,owlrl,edge3,79.433414
decision,Edge,replicated,32.676578,9,107.65593859999996,owlrl,edge3,378.688216
delegation,Edge,replicated,12.57996,3,12.8365437,owlrl,edge3,37.967659
federation,Edge,replicated,24.637734,3,24.7841019,owlrl,edge3,73.968796
identity_consent,Edge,replicated,24.516466,6,35.3017435,owlrl,edge3,145.642628
observability,Edge,replicated,36.857861,3,36.908844200000004,owlrl,edge3,110.60456400000001
policy_governance,Edge,replicated,55.58107,3,56.181253899999994,owlrl,edge3,167.219543
semantic_schema,Edge,replicated,29.25724,3,29.3313397,owlrl,edge3,87.685961
topology,Edge,replicated,21.984527,3,22.1194946,owlrl,edge3,66.036786
validation,Edge,replicated,24.888197,3,27.8364512,owlrl,edge3,77.744337
adaptation,Fog,replicated,72.923167,3,73.0157338,owlrl,fog,218.058186
audit_temporal,Fog,replicated,213.430814,3,308.4310979,owlrl,fog,745.33848
context_zones,Fog,replicated,17.210518,3,17.643318999999998,owlrl,fog,52.054259
data_lifecycle,Fog,replicated,18.284055,3,18.562389,owlrl,fog,54.956666
decision,Fog,replicated,29.6917035,12,83.50443704999992,owlrl,fog,455.42437
delegation,Fog,replicated,16.305167,3,16.6392335,owlrl,fog,49.269741
federation,Fog,replicated,25.547722,3,25.6687225,owlrl,fog,76.359611
identity_consent,Fog,replicated,44.91937,6,61.77224975,owlrl,fog,270.326591
policy_governance,Fog,replicated,138.967371,3,139.2627537,owlrl,fog,416.529519
security_identity,Fog,replicated,47.372093,3,47.564225900000004,owlrl,fog,141.511389
trust,Fog,replicated,31.697982,3,31.726731599999997,owlrl,fog,94.696612
adaptation,Cloud,replicated,4.044071499999999,12,18.1042631,rdfs,cloud,81.052228
context_zones,Cloud,replicated,3.945653,9,7.987484999999998,rdfs,cloud,39.786981
data_lifecycle,Cloud,replicated,3.8052425,12,11.562575199999994,rdfs,cloud,60.481161
decision,Cloud,replicated,8.550592,27,21.531800699999998,rdfs,cloud,283.614841
delegation,Cloud,replicated,4.142473,9,45.22414359999999,rdfs,cloud,123.497248
federation,Cloud,replicated,6.479694,9,8.492626399999999,rdfs,cloud,60.031834
identity_consent,Cloud,replicated,8.723369,27,17.936669899999995,rdfs,cloud,225.295035
observability,Cloud,replicated,8.706853,6,16.382554250000002,rdfs,cloud,61.999134000000005
policy_governance,Cloud,replicated,14.5665945,12,43.634830799999996,rdfs,cloud,249.966674
security_identity,Cloud,replicated,6.289013,15,48.34545569999998,rdfs,cloud,221.259892
semantic_schema,Cloud,replicated,4.340008,9,46.526333399999984,rdfs,cloud,124.647371
topology,Cloud,replicated,5.7228010000000005,6,45.298488,rdfs,cloud,87.80818099999999
trust,Cloud,replicated,9.511837,9,11.568056799999999,rdfs,cloud,78.362205
validation,Cloud,replicated,8.442413,6,11.8365675,rdfs,cloud,52.130266
wellbeing,Cloud,replicated,5.601053,6,6.97391,rdfs,cloud,33.100186
adaptation,Edge,replicated,27.034074,3,27.863757,rdfs,edge1,81.906444
audit_temporal,Edge,replicated,31.244685,3,31.4673018,rdfs,edge1,93.04364699999999
data_lifecycle,Edge,replicated,21.756111,3,22.0311114,rdfs,edge1,65.495556
decision,Edge,replicated,34.101472,6,53.576217,rdfs,edge1,206.733277
delegation,Edge,replicated,25.013204,3,25.152469999999997,rdfs,edge1,74.872907
federation,Edge,replicated,28.401926,3,28.499976500000002,rdfs,edge1,84.872964
identity_consent,Edge,replicated,21.309333,6,29.91596725,rdfs,edge1,128.69935
policy_governance,Edge,replicated,57.595463,3,58.3427969,rdfs,edge1,173.581056
semantic_schema,Edge,replicated,29.005648,3,29.3141149,rdfs,edge1,87.185
trust,Edge,replicated,32.465666,3,33.2697503,rdfs,edge1,97.909685
validation,Edge,replicated,174.3128145,6,294.198954,rdfs,edge1,1062.014796
wellbeing,Edge,replicated,14.168277,3,14.5172943,rdfs,edge1,42.85987
adaptation,Edge,replicated,17.957444,3,17.9766617,rdfs,edge2,53.860482
audit_temporal,Edge,replicated,104.5264815,6,289.369264,rdfs,edge2,877.814038
context_zones,Edge,replicated,34.844371,3,42.6059872,rdfs,edge2,112.945278
data_lifecycle,Edge,replicated,18.049389,3,18.296806200000002,rdfs,edge2,54.140742
decision,Edge,replicated,26.7889355,6,32.50085225,rdfs,edge2,161.483261
federation,Edge,replicated,25.602278,3,31.3829114,rdfs,edge2,82.918871
identity_consent,Edge,replicated,47.1634905,6,58.97901375,rdfs,edge2,273.209703
observability,Edge,replicated,23.340574,3,23.6417905,rdfs,edge2,70.23949999999999
policy_governance,Edge,replicated,49.834093,3,49.8639595,rdfs,edge2,148.930889
trust,Edge,replicated,25.045833,3,25.6310328,rdfs,edge2,75.755814
wellbeing,Edge,replicated,21.567685,3,21.718585299999997,rdfs,edge2,64.422722
audit_temporal,Edge,replicated,121.905801,6,189.7294735,rdfs,edge3,804.962027
context_zones,Edge,replicated,20.793211,3,20.8205278,rdfs,edge3,62.192837
data_lifecycle,Edge,replicated,31.344632,3,32.1140159,rdfs,edge3,94.560489
decision,Edge,replicated,23.567613,6,28.98343025,rdfs,edge3,142.060438
delegation,Edge,replicated,12.540515,3,12.7889663,rdfs,edge3,37.859899
federation,Edge,replicated,28.524721,3,118.23908259999999,rdfs,edge3,184.879453
identity_consent,Edge,replicated,20.801766999999998,6,30.037607,rdfs,edge3,124.460249
observability,Edge,replicated,6.029044,3,6.176844699999999,rdfs,edge3,18.155504
policy_governance,Edge,replicated,220.589184,3,223.2336873,rdfs,edge3,664.558054
topology,Edge,replicated,14.424111,3,14.4998604,rdfs,edge3,43.356109000000004
trust,Edge,replicated,28.396554,3,29.9002893,rdfs,edge3,86.732424
adaptation,Fog,replicated,18.9231475,6,95.24318525000001,rdfs,fog,207.835295
context_zones,Fog,replicated,61.610351,3,79.6676351,rdfs,fog,204.71877700000002
data_lifecycle,Fog,replicated,48.686482,3,135.9885142,rdfs,fog,242.847463
decision,Fog,replicated,31.886463,6,34.546921,rdfs,fog,191.224278
federation,Fog,replicated,6.560352,3,9.223918199999998,rdfs,fog,22.502389
identity_consent,Fog,replicated,31.889537,9,41.055585199999996,rdfs,fog,284.518298
observability,Fog,replicated,37.161944,3,37.294694,rdfs,fog,111.433759
policy_governance,Fog,replicated,34.472703,3,34.4747208,rdfs,fog,103.24203700000001
security_identity,Fog,replicated,12.949018,3,13.6784014,rdfs,fog,39.412758
topology,Fog,replicated,10.768408,3,11.6585404,rdfs,fog,33.290371
adaptation,Cloud,replicated,4.538703,12,15.037279149999986,rdfs_owlrl,cloud,74.233742
audit_temporal,Cloud,replicated,8.007313,3,8.068137700000001,rdfs_owlrl,cloud,23.003614
context_zones,Cloud,replicated,8.217325,9,11.0338572,rdfs_owlrl,cloud,68.904782
data_lifecycle,Cloud,replicated,6.4171585,12,17.02020109999999,rdfs_owlrl,cloud,101.502756
decision,Cloud,replicated,7.644555,30,32.84317974999995,rdfs_owlrl,cloud,315.700512
delegation,Cloud,replicated,3.6409575,6,39.40743625,rdfs_owlrl,cloud,68.263076
federation,Cloud,replicated,5.608283,9,9.028453999999998,rdfs_owlrl,cloud,57.501194999999996
identity_consent,Cloud,replicated,8.846217,27,20.667238299999998,rdfs_owlrl,cloud,260.136634
observability,Cloud,replicated,3.3341925000000003,6,5.0739855,rdfs_owlrl,cloud,20.122793
policy_governance,Cloud,replicated,27.2514955,12,65.65695774999999,rdfs_owlrl,cloud,399.483955
security_identity,Cloud,replicated,8.4414085,12,70.64472834999997,rdfs_owlrl,cloud,269.452454
semantic_schema,Cloud,replicated,4.200979,3,4.274371299999999,rdfs_owlrl,cloud,12.586217000000001
topology,Cloud,replicated,6.83783,3,6.9607241,rdfs_owlrl,cloud,19.884327
trust,Cloud,replicated,5.346673,3,5.3585709999999995,rdfs_owlrl,cloud,16.029437
validation,Cloud,replicated,9.290483,9,51.23187759999998,rdfs_owlrl,cloud,153.126627
wellbeing,Cloud,replicated,6.752805,3,6.7623585,rdfs_owlrl,cloud,20.197225
adaptation,Edge,replicated,8.051982,3,8.2143141,rdfs_owlrl,edge1,24.321851000000002
audit_temporal,Edge,replicated,146.3862125,6,220.90104150000002,rdfs_owlrl,edge1,931.927943
context_zones,Edge,replicated,10.686982,3,10.8449986,rdfs_owlrl,edge1,31.831834
data_lifecycle,Edge,replicated,19.01226,3,19.3109934,rdfs_owlrl,edge1,56.836612
decision,Edge,replicated,36.577852,6,41.6566895,rdfs_owlrl,edge1,219.0325
delegation,Edge,replicated,21.813018,3,22.618501799999997,rdfs_owlrl,edge1,65.624907
federation,Edge,replicated,6.703333,3,6.8256664,rdfs_owlrl,edge1,20.238703
identity_consent,Edge,replicated,15.8411855,6,17.9597825,rdfs_owlrl,edge1,94.441389
policy_governance,Edge,replicated,55.518564999999995,6,57.72757425,rdfs_owlrl,edge1,332.328575
semantic_schema,Edge,replicated,66.214407,3,187.297158,rdfs_owlrl,edge1,330.777649
trust,Edge,replicated,46.810092,3,46.8313752,rdfs_owlrl,edge1,140.364073
adaptation,Edge,replicated,22.792741,3,22.8474574,rdfs_owlrl,edge2,68.404871
context_zones,Edge,replicated,17.567926,3,17.6048089,rdfs_owlrl,edge2,52.32637
data_lifecycle,Edge,replicated,17.178259,3,17.664709,rdfs_owlrl,edge2,52.039165999999994
decision,Edge,replicated,27.475472500000002,6,33.33133825,rdfs_owlrl,edge2,163.60218700000001
delegation,Edge,replicated,24.711074,3,24.843324499999998,rdfs_owlrl,edge2,73.644593
identity_consent,Edge,replicated,29.751056,9,33.1294554,rdfs_owlrl,edge2,267.178703
observability,Edge,replicated,37.588351,3,179.3062678,rdfs_owlrl,edge2,269.645573
policy_governance,Edge,replicated,55.461741,3,57.2317404,rdfs_owlrl,edge2,167.425796
security_identity,Edge,replicated,15.843593,3,16.3358255,rdfs_owlrl,edge2,47.431204
semantic_schema,Edge,replicated,15.070056,3,15.4869891,rdfs_owlrl,edge2,45.664834
topology,Edge,replicated,14.720352,3,15.022035599999999,rdfs_owlrl,edge2,44.494907999999995
trust,Edge,replicated,31.7683525,6,145.01556875,rdfs_owlrl,edge2,335.153167
adaptation,Edge,replicated,8.472844,3,8.5405942,rdfs_owlrl,edge3,25.064402
audit_temporal,Edge,replicated,190.04571900000002,6,213.70873975,rdfs_owlrl,edge3,900.033958
context_zones,Edge,replicated,15.201204,3,15.3559041,rdfs_owlrl,edge3,45.559668
data_lifecycle,Edge,replicated,10.907477,3,11.0640266,rdfs_owlrl,edge3,32.821023
decision,Edge,replicated,29.254,9,34.5159168,rdfs_owlrl,edge3,241.225785
federation,Edge,replicated,29.108888,3,29.1802886,rdfs_owlrl,edge3,86.614941
identity_consent,Edge,replicated,37.574297,6,59.328542250000005,rdfs_owlrl,edge3,225.326412
observability,Edge,replicated,33.697061,3,34.2947114,rdfs_owlrl,edge3,101.39244199999999
semantic_schema,Edge,replicated,29.242129,3,142.2865543,rdfs_owlrl,edge3,212.362099
topology,Edge,replicated,22.021694,3,22.094910799999997,rdfs_owlrl,edge3,65.993637
validation,Edge,replicated,178.683853,3,179.0346874,rdfs_owlrl,edge3,535.7628179999999
adaptation,Fog,replicated,80.870518,3,82.5757183,rdfs_owlrl,fog,244.09862900000002
data_lifecycle,Fog,replicated,18.984259,3,128.0415421,rdfs_owlrl,fog,176.786499
delegation,Fog,replicated,68.706426,3,70.3521588,rdfs_owlrl,fog,207.773499
federation,Fog,replicated,27.0717225,6,28.10907425,rdfs_owlrl,fog,161.857149
identity_consent,Fog,replicated,20.593815,6,29.98342625,rdfs_owlrl,fog,123.914205
observability,Fog,replicated,34.751537,3,35.1050543,rdfs_owlrl,fog,104.488538
policy_governance,Fog,replicated,35.004426,3,35.0119095,rdfs_owlrl,fog,104.351186
security_identity,Fog,replicated,13.124018,3,14.2488353,rdfs_owlrl,fog,40.461463
topology,Fog,replicated,11.414519,3,11.8525013,rdfs_owlrl,fog,34.456796
trust,Fog,replicated,25.5792035,6,27.4768425,rdfs_owlrl,fog,154.333184
wellbeing,Fog,replicated,19.541334,9,23.472269999999998,rdfs_owlrl,fog,171.348631
identity_consent,Cloud,sharded,3.9454595,6,3.981942,owlrl,cloud,23.447422
policy_governance,Cloud,sharded,14.6200705,24,55.2820894,owlrl,cloud,533.599936
security_identity,Cloud,sharded,3.1357869999999997,6,3.8660625,owlrl,cloud,18.664702
semantic_schema,Cloud,sharded,6.165276,12,18.409842249999997,owlrl,cloud,102.386071
validation,Cloud,sharded,13.4553565,12,55.05023299999996,owlrl,cloud,246.553621
adaptation,Edge,sharded,20.712963000000002,24,67.12318635,owlrl,edge1,573.234462
audit_temporal,Edge,sharded,97.75724,15,187.44055609999987,owlrl,edge1,1417.77889
context_zones,Edge,sharded,18.875722,18,61.3498728,owlrl,edge1,479.752999
data_lifecycle,Edge,sharded,20.3961385,24,43.326969649999995,owlrl,edge1,550.64487
decision,Edge,sharded,31.851695,42,50.50739519999999,owlrl,edge1,1374.6223909999999
delegation,Edge,sharded,21.213945,15,57.0450759,owlrl,edge1,401.353181
federation,Edge,sharded,26.663815,21,39.586537,owlrl,edge1,547.351555
identity_consent,Edge,sharded,26.5649255,48,61.45715865,owlrl,edge1,1476.803238
observability,Edge,sharded,29.697722,3,29.7524393,owlrl,edge1,88.816111
security_identity,Edge,sharded,33.118046500000005,12,89.77751375000001,owlrl,edge1,525.943035
topology,Edge,sharded,22.206833,3,22.2815501,owlrl,edge1,66.403666
trust,Edge,sharded,35.306490499999995,6,47.505727,owlrl,edge1,211.590295
wellbeing,Edge,sharded,20.214111000000003,12,25.5334021,owlrl,edge1,242.172074
adaptation,Edge,sharded,19.7242595,24,37.826137450000004,owlrl,edge2,470.14383200000003
audit_temporal,Edge,sharded,35.942852,15,100.3425666,owlrl,edge2,785.2973900000001
context_zones,Edge,sharded,25.1782965,12,59.11061675,owlrl,edge2,358.35877999999997
data_lifecycle,Edge,sharded,19.9617775,24,41.66072594999999,owlrl,edge2,530.806331
decision,Edge,sharded,26.602834,45,48.0282888,owlrl,edge2,1285.707016
delegation,Edge,sharded,21.9229445,12,29.5174193,owlrl,edge2,258.513779
federation,Edge,sharded,24.541278,21,38.175389,owlrl,edge2,513.545574
identity_consent,Edge,sharded,23.541675499999997,48,43.586754049999996,owlrl,edge2,1176.687148
observability,Edge,sharded,25.793805499999998,6,28.260111000000002,owlrl,edge2,155.022574
security_identity,Edge,sharded,27.419972,12,156.95265509999987,owlrl,edge2,631.160205
topology,Edge,sharded,21.881435500000002,6,22.915097,owlrl,edge2,131.49974
trust,Edge,sharded,32.447509,6,161.40384275000002,owlrl,edge2,348.68922100000003
wellbeing,Edge,sharded,19.354333,9,22.9550038,owlrl,edge2,181.588258
adaptation,Edge,sharded,19.600913,24,37.8433717,owlrl,edge3,470.135235
audit_temporal,Edge,sharded,34.68384,15,100.1979936,owlrl,edge3,775.912988
context_zones,Edge,sharded,26.203107,12,60.125696049999995,owlrl,edge3,368.050443
data_lifecycle,Edge,sharded,19.877219,24,39.6400267,owlrl,edge3,510.475212
decision,Edge,sharded,26.635283,42,48.006132799999996,owlrl,edge3,1341.275325
delegation,Edge,sharded,21.899647,12,29.164751199999998,owlrl,edge3,256.708819
federation,Edge,sharded,24.393141,21,38.284993,owlrl,edge3,507.563341
identity_consent,Edge,sharded,23.568103999999998,48,44.42898655,owlrl,edge3,1181.437032
observability,Edge,sharded,27.95172,3,28.5808047,owlrl,edge3,84.012772
security_identity,Edge,sharded,27.043821,12,144.31688709999992,owlrl,edge3,599.730381
topology,Edge,sharded,20.422785,3,21.1625184,owlrl,edge3,62.082003
trust,Edge,sharded,32.493114500000004,6,45.720756,owlrl,edge3,195.165484
wellbeing,Edge,sharded,19.187506,9,23.0707736,owlrl,edge3,179.181596
decision,Fog,sharded,25.417667,6,34.538528,owlrl,fog,152.421389
observability,Fog,sharded,36.056518,9,168.1718512,owlrl,fog,498.70473799999996
topology,Fog,sharded,12.7485925,6,15.863884249999998,owlrl,fog,78.216185
trust,Fog,sharded,26.3472965,12,31.8117926,owlrl,fog,315.602908
identity_consent,Cloud,sharded,3.8725509999999996,6,3.930411,rdfs,cloud,23.18725
policy_governance,Cloud,sharded,14.006314,24,64.24511559999998,rdfs,cloud,613.99668
security_identity,Cloud,sharded,2.874402,6,3.68303625,rdfs,cloud,17.943452
semantic_schema,Cloud,sharded,6.4695730000000005,12,27.179362099999985,rdfs,cloud,132.738856
validation,Cloud,sharded,13.0282685,12,49.49539934999999,rdfs,cloud,238.615492
adaptation,Edge,sharded,20.761963,24,67.11552845,rdfs,edge1,572.820648
audit_temporal,Edge,sharded,78.2175,15,119.2406243,rdfs,edge1,1137.073685
context_zones,Edge,sharded,18.5580185,18,61.3967271,rdfs,edge1,478.195223
data_lifecycle,Edge,sharded,21.865018499999998,24,141.98688019999975,rdfs,edge1,837.264739
decision,Edge,sharded,31.419796499999997,42,50.34173995,rdfs,edge1,1391.614519
delegation,Edge,sharded,21.351204,15,57.2925477,rdfs,edge1,400.22122
federation,Edge,sharded,26.560537,21,39.608463,rdfs,edge1,545.260612
identity_consent,Edge,sharded,26.316212999999998,48,52.05768719999999,rdfs,edge1,1441.337236
observability,Edge,sharded,29.320019,3,29.8166183,rdfs,edge1,88.47807399999999
security_identity,Edge,sharded,31.923768000000003,12,155.03973629999996,rdfs,edge1,688.760982
topology,Edge,sharded,21.736241,3,22.2061742,rdfs,edge1,65.626427
trust,Edge,sharded,37.210722,6,46.499407,rdfs,edge1,224.23994399999998
wellbeing,Edge,sharded,19.613824,12,25.285498999999998,rdfs,edge1,237.687964
adaptation,Edge,sharded,19.752778,24,37.85035825,rdfs,edge2,470.770907
audit_temporal,Edge,sharded,37.709759,15,120.06415169999987,rdfs,edge2,883.9535559999999
context_zones,Edge,sharded,25.258963,12,59.30356435,rdfs,edge2,360.225369
data_lifecycle,Edge,sharded,20.2599725,24,39.9555191,rdfs,edge2,519.233353
decision,Edge,sharded,26.492704,45,47.7703264,rdfs,edge2,1284.409147
delegation,Edge,sharded,22.069667,12,30.3515645,rdfs,edge2,261.066371
federation,Edge,sharded,24.512667,21,38.163629,rdfs,edge2,507.765666
identity_consent,Edge,sharded,23.2768795,48,45.04546585,rdfs,edge2,1369.337297
observability,Edge,sharded,27.549537,6,28.2364255,rdfs,edge2,157.725796
security_identity,Edge,sharded,27.310926000000002,12,198.04988405,rdfs,edge2,885.520778
topology,Edge,sharded,21.1581575,6,21.56674075,rdfs,edge2,127.544703
trust,Edge,sharded,32.482656999999996,6,45.52352275,rdfs,edge2,194.375869
wellbeing,Edge,sharded,19.676981,9,23.133915000000002,rdfs,edge2,182.571647
adaptation,Edge,sharded,19.711636,24,37.65524775,rdfs,edge3,470.07005200000003
audit_temporal,Edge,sharded,34.749469,15,84.310041,rdfs,edge3,700.001173
context_zones,Edge,sharded,26.355875499999996,12,59.177666099999996,rdfs,edge3,366.401347
data_lifecycle,Edge,sharded,20.3659325,24,39.8867018,rdfs,edge3,516.035682
decision,Edge,sharded,26.5555425,42,47.7777843,rdfs,edge3,1214.097274
delegation,Edge,sharded,21.82537,12,97.27573349999989,rdfs,edge3,406.662711
federation,Edge,sharded,25.173365,21,39.288938,rdfs,edge3,569.690955
identity_consent,Edge,sharded,23.827029500000002,48,44.9257389,rdfs,edge3,1312.387892
observability,Edge,sharded,28.031628,3,28.564344300000002,rdfs,edge3,84.370142
security_identity,Edge,sharded,27.389812,12,141.18491984999994,rdfs,edge3,620.169516
topology,Edge,sharded,20.965118,3,21.0624692,rdfs,edge3,62.591763
trust,Edge,sharded,32.550771999999995,6,45.580256500000004,rdfs,edge3,194.642188
wellbeing,Edge,sharded,18.595523,9,23.078954799999998,rdfs,edge3,178.662297
decision,Fog,sharded,25.3736665,6,124.07724074999999,rdfs,fog,271.847666
observability,Fog,sharded,36.286981,9,118.85014819999995,rdfs,fog,375.088795
topology,Fog,sharded,12.952694000000001,6,14.471,rdfs,fog,76.061277
trust,Fog,sharded,26.652639,12,31.7298529,rdfs,fog,314.549427
identity_consent,Cloud,sharded,4.742875,6,6.968609,rdfs_owlrl,cloud,30.080708
policy_governance,Cloud,sharded,15.5842115,24,55.142417699999996,rdfs_owlrl,cloud,579.116857
security_identity,Cloud,sharded,2.842235,6,3.72282,rdfs_owlrl,cloud,17.775998
semantic_schema,Cloud,sharded,6.535946,12,20.142933199999998,rdfs_owlrl,cloud,121.332705
validation,Cloud,sharded,16.495610499999998,12,32.9567179,rdfs_owlrl,cloud,204.854689
adaptation,Edge,sharded,20.904315,24,73.4525606,rdfs_owlrl,edge1,590.233648
audit_temporal,Edge,sharded,98.922481,15,147.9840293,rdfs_owlrl,edge1,1284.1789430000001
context_zones,Edge,sharded,19.004213,18,61.07637195,rdfs_owlrl,edge1,480.146702
data_lifecycle,Edge,sharded,20.9766015,24,149.31567204999973,rdfs_owlrl,edge1,844.152111
decision,Edge,sharded,31.4628515,42,50.67406335,rdfs_owlrl,edge1,1376.799998
delegation,Edge,sharded,21.696389,15,62.771535099999994,rdfs_owlrl,edge1,415.838483
federation,Edge,sharded,26.407741,21,39.371056,rdfs_owlrl,edge1,548.57728
identity_consent,Edge,sharded,26.575602,48,59.567225149999985,rdfs_owlrl,edge1,1361.402686
observability,Edge,sharded,29.776648,3,29.935631200000003,rdfs_owlrl,edge1,89.434833
security_identity,Edge,sharded,34.636769,12,309.61654784999996,rdfs_owlrl,edge1,1162.864038
topology,Edge,sharded,21.777778,3,22.273111,rdfs_owlrl,edge1,65.853371
trust,Edge,sharded,34.63563,6,46.364115500000004,rdfs_owlrl,edge1,208.066444
wellbeing,Edge,sharded,20.6892775,12,25.19454115,rdfs_owlrl,edge1,242.656075
adaptation,Edge,sharded,19.716,24,40.26412599999999,rdfs_owlrl,edge2,484.41641
audit_temporal,Edge,sharded,36.280852,15,101.0392796,rdfs_owlrl,edge2,784.679645
context_zones,Edge,sharded,34.344898,12,112.84298869999992,rdfs_owlrl,edge2,529.130851
data_lifecycle,Edge,sharded,20.491463000000003,24,39.7833772,rdfs_owlrl,edge2,526.340848
decision,Edge,sharded,26.817426,45,47.7625964,rdfs_owlrl,edge2,1288.441719
delegation,Edge,sharded,23.8344165,12,30.487635349999998,rdfs_owlrl,edge2,266.292592
federation,Edge,sharded,24.634111,21,38.094722,rdfs_owlrl,edge2,515.363386
identity_consent,Edge,sharded,23.876713000000002,48,44.358967449999994,rdfs_owlrl,edge2,1204.5210769999999
observability,Edge,sharded,25.9962595,6,28.49875,rdfs_owlrl,edge2,155.966963
security_identity,Edge,sharded,27.3503425,12,368.0498585,rdfs_owlrl,edge2,1230.142204
topology,Edge,sharded,21.782000500000002,6,22.434398,rdfs_owlrl,edge2,129.563779
trust,Edge,sharded,35.0251205,6,45.91974525,rdfs_owlrl,edge2,201.299573
wellbeing,Edge,sharded,20.206926,9,23.3954188,rdfs_owlrl,edge2,189.678054
adaptation,Edge,sharded,19.520598,24,38.132294349999995,rdfs_owlrl,edge3,473.390832
audit_temporal,Edge,sharded,35.196841,15,100.600617,rdfs_owlrl,edge3,842.318482
context_zones,Edge,sharded,25.963838000000003,12,62.00865434999999,rdfs_owlrl,edge3,370.173185
data_lifecycle,Edge,sharded,19.9992755,24,39.74046285,rdfs_owlrl,edge3,515.357794
decision,Edge,sharded,26.502412999999997,42,48.092140199999996,rdfs_owlrl,edge3,1215.639872
delegation,Edge,sharded,22.0050275,12,29.07820025,rdfs_owlrl,edge3,257.080227
federation,Edge,sharded,24.448104,21,38.106232,rdfs_owlrl,edge3,508.071686
identity_consent,Edge,sharded,23.819195999999998,48,44.472431,rdfs_owlrl,edge3,1198.279884
observability,Edge,sharded,28.072535,3,42.2656862,rdfs_owlrl,edge3,99.471976
security_identity,Edge,sharded,27.6672845,12,328.1728986,rdfs_owlrl,edge3,1190.07297
topology,Edge,sharded,21.282915,3,21.3894327,rdfs_owlrl,edge3,63.274857
trust,Edge,sharded,32.342763000000005,6,45.72680725,rdfs_owlrl,edge3,194.063688
wellbeing,Edge,sharded,19.688951,9,22.9591882,rdfs_owlrl,edge3,182.773617
decision,Fog,sharded,27.209351499999997,6,41.00669925,rdfs_owlrl,fog,165.016796
observability,Fog,sharded,34.517981,9,116.39695199999994,rdfs_owlrl,fog,364.318758
topology,Fog,sharded,14.0736205,6,115.22173575,rdfs_owlrl,fog,213.185406
trust,Fog,sharded,28.378833,12,88.94063089999992,rdfs_owlrl,fog,458.622667
