layout,median,metric,n,p95,reasoner,stage,suite,synthetic_users,total
sharded,6490.693537000001,total_wall_ms,3,7383.193153900001,rdfs,,scalability,10,20443.310228000002
sharded,8688.42886,total_wall_ms,3,9223.348216,rdfs,,scalability,100,26583.719178
sharded,25719.997321999996,total_wall_ms,3,26059.192329800004,rdfs,,scalability,500,76784.901659
sharded,57737.412207999994,total_wall_ms,3,58483.445434299996,rdfs,,scalability,1000,173893.21062099998
replicated,3905.0099769999997,total_wall_ms,3,4026.8945731,rdfs,,scalability,10,11795.039162
replicated,6282.05658,total_wall_ms,3,6432.830336399999,rdfs,,scalability,100,18930.587785
replicated,29931.62833700001,total_wall_ms,3,30350.808962000006,rdfs,,scalability,500,89659.28873600002
replicated,64368.847002,total_wall_ms,3,66040.4008893,rdfs,,scalability,1000,194494.055023
sharded,1704.038592,max_node_reasoning_ms,3,1753.9414248,rdfs,,scalability,10,5107.186997000001
sharded,2147.867703,max_node_reasoning_ms,3,2157.5443356,rdfs,,scalability,100,6453.610144
sharded,4456.913923,max_node_reasoning_ms,3,4546.7152066,rdfs,,scalability,500,13439.250473
sharded,7435.160255,max_node_reasoning_ms,3,7714.9236548,rdfs,,scalability,1000,22594.770838
replicated,1909.175999,max_node_reasoning_ms,3,1916.9287322,rdfs,,scalability,10,5728.501246
replicated,3448.389794,max_node_reasoning_ms,3,3448.7485448,rdfs,,scalability,100,10230.844666
replicated,10465.703476,max_node_reasoning_ms,3,10497.774742,rdfs,,scalability,500,31399.47461
replicated,20368.550265,max_node_reasoning_ms,3,20390.1012663,rdfs,,scalability,1000,61056.554507
sharded,4147.449372000001,query_wall_ms,3,4838.673062700001,rdfs,,scalability,10,13068.353469000001
sharded,5549.152586000001,query_wall_ms,3,6015.104087000001,rdfs,,scalability,100,17108.727840000003
sharded,19234.896179999996,query_wall_ms,3,19569.090240600002,rdfs,,scalability,500,57372.443348999994
sharded,47062.279899999994,query_wall_ms,3,47778.7259764,rdfs,,scalability,1000,141731.125244
replicated,1612.237383,query_wall_ms,3,1615.7004849,rdfs,,scalability,10,4824.416063
replicated,2183.008528,query_wall_ms,3,2189.8379962,rdfs,,scalability,100,6395.087017
replicated,17061.275317000007,query_wall_ms,3,17146.276561300005,rdfs,,scalability,500,51256.11050500002
replicated,39670.507274999996,query_wall_ms,3,40492.103051399994,rdfs,,scalability,1000,119682.778112
sharded,11955.513993,total_wall_ms,3,12237.0376416,owlrl,,scalability,10,36076.928122
sharded,16485.581811,total_wall_ms,3,16530.2242725,owlrl,,scalability,100,49021.396701000005
sharded,40609.61214500001,total_wall_ms,3,40686.6071009,owlrl,,scalability,500,121275.73302700001
sharded,84497.796104,total_wall_ms,3,84803.8905356,owlrl,,scalability,1000,252265.25797099998
replicated,10042.06222,total_wall_ms,3,10454.9984614,owlrl,,scalability,10,30552.888364
replicated,17699.760044000002,total_wall_ms,3,18165.8136356,owlrl,,scalability,100,53573.56552800001
replicated,65054.44167100001,total_wall_ms,3,65557.26020949999,owlrl,,scalability,500,195290.886666
sharded,7171.30007,max_node_reasoning_ms,3,7191.5643035,owlrl,,scalability,10,21486.089006000002
sharded,9184.617902,max_node_reasoning_ms,3,9277.1700347,owlrl,,scalability,100,27596.587612000003
sharded,18151.818433,max_node_reasoning_ms,3,18159.9250498,owlrl,,scalability,500,54453.881447
sharded,29427.898687,max_node_reasoning_ms,3,29516.3433196,owlrl,,scalability,1000,88375.769356
replicated,8213.842069,max_node_reasoning_ms,3,8239.1207173,owlrl,,scalability,10,24653.064574
replicated,14258.32774,max_node_reasoning_ms,3,14288.13646,owlrl,,scalability,100,42725.875509
replicated,41270.600253,max_node_reasoning_ms,3,41418.046479,owlrl,,scalability,500,123865.19201099999
sharded,3932.9363470000008,query_wall_ms,3,3988.5604672000004,owlrl,,scalability,10,11858.141416000002
sharded,6185.7012,query_wall_ms,3,6325.563554400001,owlrl,,scalability,100,18282.489268
sharded,20462.659406000002,query_wall_ms,3,20496.6480833,owlrl,,scalability,500,60686.1471
sharded,51583.14186399999,query_wall_ms,3,52095.74797630001,owlrl,,scalability,1000,153929.60284900002
replicated,1501.944003,query_wall_ms,3,1818.2116521,owlrl,,scalability,10,4801.891011
replicated,2820.180843,query_wall_ms,3,3138.2650017000005,owlrl,,scalability,100,8769.107858000001
replicated,21777.689394000005,query_wall_ms,3,22038.653908800003,owlrl,,scalability,500,64958.57467100001
sharded,19196.294433000003,total_wall_ms,3,20064.3114102,rdfs_owlrl,,scalability,10,58482.831112
sharded,24844.331286,total_wall_ms,3,26535.557835000003,rdfs_owlrl,,scalability,100,76022.584954
sharded,55662.643739,total_wall_ms,3,56328.8358314,rdfs_owlrl,,scalability,500,167456.89378399999
replicated,17408.695184,total_wall_ms,3,17411.954204600002,rdfs_owlrl,,scalability,10,52162.865183
replicated,28903.431111,total_wall_ms,3,29190.761718,rdfs_owlrl,,scalability,100,86943.27704
sharded,13653.141751,max_node_reasoning_ms,3,13674.0021175,rdfs_owlrl,,scalability,10,40960.842179
sharded,17049.432064,max_node_reasoning_ms,3,17117.9296969,rdfs_owlrl,,scalability,100,51219.307801999996
sharded,32792.644666,max_node_reasoning_ms,3,32881.0611988,rdfs_owlrl,,scalability,500,98417.565867
replicated,15450.584472,max_node_reasoning_ms,3,15556.838953499999,rdfs_owlrl,,scalability,10,46380.99334
replicated,25725.429506,max_node_reasoning_ms,3,25767.737693299998,rdfs_owlrl,,scalability,100,77194.000634
sharded,4730.529653000001,query_wall_ms,3,5674.4639684,rdfs_owlrl,,scalability,10,14959.792852000002
sharded,6443.697168999999,query_wall_ms,3,8455.7039023,rdfs_owlrl,,scalability,100,21457.932647999998
sharded,20877.200683000003,query_wall_ms,3,21353.6840848,rdfs_owlrl,,scalability,500,62956.425435000005
replicated,1555.473078,query_wall_ms,3,1555.6708314,rdfs_owlrl,,scalability,10,4652.448753
replicated,2512.607394,query_wall_ms,3,2710.2394722000004,rdfs_owlrl,,scalability,100,7711.997486
sharded,2428.121206,total_wall_ms,3,2567.7225973,rdfs,1,cumulative,,7332.12547
sharded,2484.542246,total_wall_ms,3,2593.462001,rdfs,2,cumulative,,7489.566715
sharded,2523.58948,total_wall_ms,3,2536.5952297,rdfs,3,cumulative,,7494.776260000001
sharded,3005.334436,total_wall_ms,3,3041.8786552,rdfs,4,cumulative,,9037.286287
sharded,3171.377088,total_wall_ms,3,3195.128925,rdfs,5,cumulative,,9465.13505
sharded,3670.4475460000003,total_wall_ms,3,3707.3526651999996,rdfs,6,cumulative,,10943.608951999999
sharded,3855.947807,total_wall_ms,3,7010.357771,rdfs,7,cumulative,,15025.682436000001
sharded,3995.7878330000003,total_wall_ms,3,4118.8853717,rdfs,8,cumulative,,12095.574219
sharded,4496.371039,total_wall_ms,3,4525.9440526,rdfs,9,cumulative,,13484.200121
sharded,4472.054043,total_wall_ms,3,4531.177423499999,rdfs,10,cumulative,,13432.864524999999
sharded,6105.920132,total_wall_ms,3,6127.124564899999,rdfs,11,cumulative,,18205.195018
sharded,5086.501187,total_wall_ms,3,5701.8423713,rdfs,12,cumulative,,15899.802175
sharded,5323.037700000001,total_wall_ms,3,6229.6626594,rdfs,13,cumulative,,16848.576967
sharded,5519.481747999999,total_wall_ms,3,5694.998589700001,rdfs,14,cumulative,,16683.677811
sharded,5665.096141,total_wall_ms,3,6578.607461199999,rdfs,15,cumulative,,17882.445524
sharded,6208.200492,total_wall_ms,3,6386.5664439,rdfs,16,cumulative,,18729.339985
replicated,2622.3896870000003,total_wall_ms,3,3466.0476269,rdfs,1,cumulative,,8347.311699
replicated,2653.156808,total_wall_ms,3,3496.3939907,rdfs,2,cumulative,,8380.721355
replicated,2718.769695,total_wall_ms,3,3696.7308693,rdfs,3,cumulative,,8726.263582
replicated,2859.0516470000002,total_wall_ms,3,3721.3885280000004,rdfs,4,cumulative,,9110.288187
replicated,3153.055306,total_wall_ms,3,4039.4160472000003,rdfs,5,cumulative,,9784.094598
replicated,3095.335717,total_wall_ms,3,3868.1271889,rdfs,6,cumulative,,9494.461339000001
replicated,3006.7282640000003,total_wall_ms,3,3960.6294638000004,rdfs,7,cumulative,,9595.015479000002
replicated,3087.389564,total_wall_ms,3,4019.6231621,rdfs,8,cumulative,,9787.843052
replicated,3131.406811,total_wall_ms,3,4177.4307562,rdfs,9,cumulative,,10127.27247
replicated,3543.660309,total_wall_ms,3,4442.1911463,rdfs,10,cumulative,,11163.596654
replicated,3709.374973,total_wall_ms,3,4529.477086,rdfs,11,cumulative,,11553.680481
replicated,3659.160314,total_wall_ms,3,4557.6791705,rdfs,12,cumulative,,11487.601178
replicated,3771.3558270000003,total_wall_ms,3,4783.7493057,rdfs,13,cumulative,,11889.788362
replicated,3671.061563,total_wall_ms,3,4598.8959629,rdfs,14,cumulative,,11591.762609000001
replicated,3904.728796,total_wall_ms,3,4808.8817596,rdfs,15,cumulative,,12486.751019
replicated,3970.18739,total_wall_ms,3,4824.553016899999,rdfs,16,cumulative,,12329.784605
sharded,1585.808276,max_node_reasoning_ms,3,1680.8625104,rdfs,1,cumulative,,4850.85196
sharded,1585.808276,max_node_reasoning_ms,3,1680.8625104,rdfs,2,cumulative,,4850.85196
sharded,1585.808276,max_node_reasoning_ms,3,1680.8625104,rdfs,3,cumulative,,4850.85196
sharded,1585.808276,max_node_reasoning_ms,3,1680.8625104,rdfs,4,cumulative,,4850.85196
sharded,1585.808276,max_node_reasoning_ms,3,1680.8625104,rdfs,5,cumulative,,4850.85196
sharded,1585.808276,max_node_reasoning_ms,3,1680.8625104,rdfs,6,cumulative,,4850.85196
sharded,1585.808276,max_node_reasoning_ms,3,1680.8625104,rdfs,7,cumulative,,4850.85196
sharded,1585.808276,max_node_reasoning_ms,3,1680.8625104,rdfs,8,cumulative,,4850.85196
sharded,1585.808276,max_node_reasoning_ms,3,1680.8625104,rdfs,9,cumulative,,4850.85196
sharded,1585.808276,max_node_reasoning_ms,3,1680.8625104,rdfs,10,cumulative,,4850.85196
sharded,1585.808276,max_node_reasoning_ms,3,1680.8625104,rdfs,11,cumulative,,4850.85196
sharded,1585.808276,max_node_reasoning_ms,3,1680.8625104,rdfs,12,cumulative,,4850.85196
sharded,1585.808276,max_node_reasoning_ms,3,1680.8625104,rdfs,13,cumulative,,4850.85196
sharded,1585.808276,max_node_reasoning_ms,3,1680.8625104,rdfs,14,cumulative,,4850.85196
sharded,1585.808276,max_node_reasoning_ms,3,1680.8625104,rdfs,15,cumulative,,4850.85196
sharded,1585.808276,max_node_reasoning_ms,3,1680.8625104,rdfs,16,cumulative,,4850.85196
replicated,1728.821591,max_node_reasoning_ms,3,1750.9844159,rdfs,1,cumulative,,5209.857986999999
replicated,1728.821591,max_node_reasoning_ms,3,1750.9844159,rdfs,2,cumulative,,5209.857986999999
replicated,1728.821591,max_node_reasoning_ms,3,1750.9844159,rdfs,3,cumulative,,5209.857986999999
replicated,1728.821591,max_node_reasoning_ms,3,1750.9844159,rdfs,4,cumulative,,5209.857986999999
replicated,1728.821591,max_node_reasoning_ms,3,1750.9844159,rdfs,5,cumulative,,5209.857986999999
replicated,1728.821591,max_node_reasoning_ms,3,1750.9844159,rdfs,6,cumulative,,5209.857986999999
replicated,1728.821591,max_node_reasoning_ms,3,1750.9844159,rdfs,7,cumulative,,5209.857986999999
replicated,1728.821591,max_node_reasoning_ms,3,1750.9844159,rdfs,8,cumulative,,5209.857986999999
replicated,1728.821591,max_node_reasoning_ms,3,1750.9844159,rdfs,9,cumulative,,5209.857986999999
replicated,1728.821591,max_node_reasoning_ms,3,1750.9844159,rdfs,10,cumulative,,5209.857986999999
replicated,1728.821591,max_node_reasoning_ms,3,1750.9844159,rdfs,11,cumulative,,5209.857986999999
replicated,1728.821591,max_node_reasoning_ms,3,1750.9844159,rdfs,12,cumulative,,5209.857986999999
replicated,1728.821591,max_node_reasoning_ms,3,1750.9844159,rdfs,13,cumulative,,5209.857986999999
replicated,1728.821591,max_node_reasoning_ms,3,1750.9844159,rdfs,14,cumulative,,5209.857986999999
replicated,1728.821591,max_node_reasoning_ms,3,1750.9844159,rdfs,15,cumulative,,5209.857986999999
replicated,1728.821591,max_node_reasoning_ms,3,1750.9844159,rdfs,16,cumulative,,5209.857986999999
sharded,60.962744,query_wall_ms,3,226.19383399999998,rdfs,1,cumulative,,365.159952
sharded,223.416209,query_wall_ms,3,236.9067815,rdfs,2,cumulative,,522.601197
sharded,172.02043,query_wall_ms,3,183.6196579,rdfs,3,cumulative,,527.810742
sharded,647.331708,query_wall_ms,3,771.0649491,rdfs,4,cumulative,,2070.320769
sharded,832.6960690000001,query_wall_ms,3,834.6471231999999,rdfs,5,cumulative,,2498.169532
sharded,1331.766527,query_wall_ms,3,1343.0419474999999,rdfs,6,cumulative,,3976.6434339999996
sharded,1488.7893450000001,query_wall_ms,3,4738.6284915,rdfs,7,cumulative,,8058.716918
sharded,1628.6293710000002,query_wall_ms,3,1847.1560921999999,rdfs,8,cumulative,,5128.608700999999
sharded,2190.5489240000006,query_wall_ms,3,2196.7806842000005,rdfs,9,cumulative,,6517.234603000001
sharded,2161.9377569999997,query_wall_ms,3,2169.7231791,rdfs,10,cumulative,,6465.899006999999
sharded,3767.239113,query_wall_ms,3,3858.2430297,rdfs,11,cumulative,,11238.229500000001
sharded,2719.3427250000004,query_wall_ms,3,3430.1130918000003,rdfs,12,cumulative,,8932.836657
sharded,2984.356681,query_wall_ms,3,3865.3519416999998,rdfs,13,cumulative,,9881.611449
sharded,3258.3557109999992,query_wall_ms,3,3338.4433702000006,rdfs,14,cumulative,,9716.712293
sharded,3326.4151220000003,query_wall_ms,3,4214.2967435,rdfs,15,cumulative,,10915.480006000002
sharded,3869.5194729999994,query_wall_ms,3,4022.2557262,rdfs,16,cumulative,,11762.374467
replicated,18.784903,query_wall_ms,3,68.01495969999999,rdfs,1,cumulative,,107.803257
replicated,45.833001,query_wall_ms,3,49.1801217,rdfs,2,cumulative,,141.21291300000001
replicated,115.164911,query_wall_ms,3,246.5417819,rdfs,3,cumulative,,486.75514
replicated,272.94972700000005,query_wall_ms,3,335.43981220000006,rdfs,4,cumulative,,870.779745
replicated,549.4505220000001,query_wall_ms,3,589.2269598000001,rdfs,5,cumulative,,1544.5861560000003
replicated,409.738898,query_wall_ms,3,483.5317295,rdfs,6,cumulative,,1254.9528970000001
replicated,430.01908099999997,query_wall_ms,3,513.1299365,rdfs,7,cumulative,,1355.5070369999999
replicated,485.5991670000001,query_wall_ms,3,569.6155133999999,rdfs,8,cumulative,,1548.33461
replicated,610.5603720000001,query_wall_ms,3,735.5175032999999,rdfs,9,cumulative,,1887.764028
replicated,986.258791,query_wall_ms,3,996.6223855000002,rdfs,10,cumulative,,2924.088212
replicated,1105.770189,query_wall_ms,3,1129.4277041999999,rdfs,11,cumulative,,3314.172039
replicated,1079.276617,query_wall_ms,3,1109.8621918000001,rdfs,12,cumulative,,3248.0927360000005
replicated,1167.751043,query_wall_ms,3,1333.5602183,rdfs,13,cumulative,,3650.27992
replicated,1127.062724,query_wall_ms,3,1154.6674700000003,rdfs,14,cumulative,,3352.254167
replicated,1365.0891900000004,query_wall_ms,3,1559.4353565000001,rdfs,15,cumulative,,4247.242577
replicated,1366.582606,query_wall_ms,3,1374.3639294999998,rdfs,16,cumulative,,4090.276163
sharded,7718.689404000001,total_wall_ms,3,7837.3860147,owlrl,1,cumulative,,23268.411884
sharded,7694.4504640000005,total_wall_ms,3,7829.542448499999,owlrl,2,cumulative,,23140.863802
sharded,7811.228054,total_wall_ms,3,7948.2239633,owlrl,3,cumulative,,23490.186921
sharded,8280.717627,total_wall_ms,3,8411.7137214,owlrl,4,cumulative,,24904.919209
sharded,8591.060649000001,total_wall_ms,3,8637.3752862,owlrl,5,cumulative,,25754.209755000003
sharded,8963.835709,total_wall_ms,3,9267.5262181,owlrl,6,cumulative,,27160.654211
sharded,9015.789647,total_wall_ms,3,9313.1593121,owlrl,7,cumulative,,27327.502566000003
sharded,9228.971848000001,total_wall_ms,3,9371.961166899999,owlrl,8,cumulative,,27708.67623
sharded,9713.685923000001,total_wall_ms,3,9793.1111174,owlrl,9,cumulative,,29156.124498999998
sharded,9804.992244000001,total_wall_ms,3,9897.4862466,owlrl,10,cumulative,,29366.322321
sharded,10075.858531,total_wall_ms,3,10212.370077399999,owlrl,11,cumulative,,30283.998564
sharded,10117.021596999999,total_wall_ms,3,11115.873475899998,owlrl,12,cumulative,,31383.881290999998
sharded,10347.027653000001,total_wall_ms,3,10529.4120563,owlrl,13,cumulative,,31207.309516
sharded,10918.588016000002,total_wall_ms,3,11037.650528,owlrl,14,cumulative,,32691.128406000003
sharded,11059.305283000002,total_wall_ms,3,11097.287679699999,owlrl,15,cumulative,,32937.624576
sharded,11400.032319999998,total_wall_ms,3,11414.9644063,owlrl,16,cumulative,,33955.027084999994
replicated,7740.592154,total_wall_ms,3,7778.6124056,owlrl,1,cumulative,,23241.549621
replicated,7750.316755,total_wall_ms,3,7757.8720624,owlrl,2,cumulative,,23248.910119
replicated,7789.989514,total_wall_ms,3,7796.6433328,owlrl,3,cumulative,,23370.513867
replicated,8049.171316,total_wall_ms,3,8068.9225657,owlrl,4,cumulative,,24071.817896
replicated,8001.445657,total_wall_ms,3,8061.241307799999,owlrl,5,cumulative,,24062.595406
replicated,8215.533686,total_wall_ms,3,8218.9794692,owlrl,6,cumulative,,24571.61864
replicated,8115.290307,total_wall_ms,3,8125.8624342,owlrl,7,cumulative,,24338.107876000002
replicated,8205.605767,total_wall_ms,3,8316.2907595,owlrl,8,cumulative,,24697.962978
replicated,8367.666584999999,total_wall_ms,3,8386.5229746,owlrl,9,cumulative,,25070.311403
replicated,8543.860273,total_wall_ms,3,8591.9768794,owlrl,10,cumulative,,25679.953174
replicated,8622.12832,total_wall_ms,3,8701.1442718,owlrl,11,cumulative,,25924.138078
replicated,8701.438238,total_wall_ms,3,8768.7283229,owlrl,12,cumulative,,26131.929898000002
replicated,8788.051188,total_wall_ms,3,8798.7391056,owlrl,13,cumulative,,26324.007573
replicated,8785.10045,total_wall_ms,3,8881.4890514,owlrl,14,cumulative,,26437.25719
replicated,8978.911764,total_wall_ms,3,9096.6518997,owlrl,15,cumulative,,26976.11838
replicated,9018.282733,total_wall_ms,3,9026.808706599999,owlrl,16,cumulative,,27054.788092
sharded,6858.181274,max_node_reasoning_ms,3,6954.5015735,owlrl,1,cumulative,,20602.907247
sharded,6858.181274,max_node_reasoning_ms,3,6954.5015735,owlrl,2,cumulative,,20602.907247
sharded,6858.181274,max_node_reasoning_ms,3,6954.5015735,owlrl,3,cumulative,,20602.907247
sharded,6858.181274,max_node_reasoning_ms,3,6954.5015735,owlrl,4,cumulative,,20602.907247
sharded,6858.181274,max_node_reasoning_ms,3,6954.5015735,owlrl,5,cumulative,,20602.907247
sharded,6858.181274,max_node_reasoning_ms,3,6954.5015735,owlrl,6,cumulative,,20602.907247
sharded,6858.181274,max_node_reasoning_ms,3,6954.5015735,owlrl,7,cumulative,,20602.907247
sharded,6858.181274,max_node_reasoning_ms,3,6954.5015735,owlrl,8,cumulative,,20602.907247
sharded,6858.181274,max_node_reasoning_ms,3,6954.5015735,owlrl,9,cumulative,,20602.907247
sharded,6858.181274,max_node_reasoning_ms,3,6954.5015735,owlrl,10,cumulative,,20602.907247
sharded,6858.181274,max_node_reasoning_ms,3,6954.5015735,owlrl,11,cumulative,,20602.907247
sharded,6858.181274,max_node_reasoning_ms,3,6954.5015735,owlrl,12,cumulative,,20602.907247
sharded,6858.181274,max_node_reasoning_ms,3,6954.5015735,owlrl,13,cumulative,,20602.907247
sharded,6858.181274,max_node_reasoning_ms,3,6954.5015735,owlrl,14,cumulative,,20602.907247
sharded,6858.181274,max_node_reasoning_ms,3,6954.5015735,owlrl,15,cumulative,,20602.907247
sharded,6858.181274,max_node_reasoning_ms,3,6954.5015735,owlrl,16,cumulative,,20602.907247
replicated,7381.969514,max_node_reasoning_ms,3,7394.6464307,owlrl,1,cumulative,,22149.784617999998
replicated,7381.969514,max_node_reasoning_ms,3,7394.6464307,owlrl,2,cumulative,,22149.784617999998
replicated,7381.969514,max_node_reasoning_ms,3,7394.6464307,owlrl,3,cumulative,,22149.784617999998
replicated,7381.969514,max_node_reasoning_ms,3,7394.6464307,owlrl,4,cumulative,,22149.784617999998
replicated,7381.969514,max_node_reasoning_ms,3,7394.6464307,owlrl,5,cumulative,,22149.784617999998
replicated,7381.969514,max_node_reasoning_ms,3,7394.6464307,owlrl,6,cumulative,,22149.784617999998
replicated,7381.969514,max_node_reasoning_ms,3,7394.6464307,owlrl,7,cumulative,,22149.784617999998
replicated,7381.969514,max_node_reasoning_ms,3,7394.6464307,owlrl,8,cumulative,,22149.784617999998
replicated,7381.969514,max_node_reasoning_ms,3,7394.6464307,owlrl,9,cumulative,,22149.784617999998
replicated,7381.969514,max_node_reasoning_ms,3,7394.6464307,owlrl,10,cumulative,,22149.784617999998
replicated,7381.969514,max_node_reasoning_ms,3,7394.6464307,owlrl,11,cumulative,,22149.784617999998
replicated,7381.969514,max_node_reasoning_ms,3,7394.6464307,owlrl,12,cumulative,,22149.784617999998
replicated,7381.969514,max_node_reasoning_ms,3,7394.6464307,owlrl,13,cumulative,,22149.784617999998
replicated,7381.969514,max_node_reasoning_ms,3,7394.6464307,owlrl,14,cumulative,,22149.784617999998
replicated,7381.969514,max_node_reasoning_ms,3,7394.6464307,owlrl,15,cumulative,,22149.784617999998
replicated,7381.969514,max_node_reasoning_ms,3,7394.6464307,owlrl,16,cumulative,,22149.784617999998
sharded,62.712944,query_wall_ms,3,166.3896068,owlrl,1,cumulative,,302.614616
sharded,57.294947,query_wall_ms,3,60.701945599999995,owlrl,2,cumulative,,175.066534
sharded,174.732968,query_wall_ms,3,175.49903,owlrl,3,cumulative,,524.389653
sharded,643.5621100000001,query_wall_ms,3,655.7935248999999,owlrl,4,cumulative,,1939.1219409999999
sharded,953.905132,query_wall_ms,3,977.2533361000001,owlrl,5,cumulative,,2788.412487
sharded,1354.768726,query_wall_ms,3,1497.5440951,owlrl,6,cumulative,,4194.856943000001
sharded,1424.7323649999998,query_wall_ms,3,1544.9781592,owlrl,7,cumulative,,4361.705298
sharded,1591.816331,query_wall_ms,3,1599.1701904999998,owlrl,8,cumulative,,4742.878962
sharded,2014.0745560000003,query_wall_ms,3,2157.0226350999997,owlrl,9,cumulative,,6190.327231
sharded,2119.901775,query_wall_ms,3,2163.0432318000003,owlrl,10,cumulative,,6400.525052999999
sharded,2439.6764439999993,query_wall_ms,3,2439.8072985999997,owlrl,11,cumulative,,7318.201295999999
sharded,2576.2414289999997,query_wall_ms,3,3352.7200344,owlrl,12,cumulative,,8418.084023
sharded,2761.8154069999996,query_wall_ms,3,2801.8042772,owlrl,13,cumulative,,8241.512247999999
sharded,3263.018113,query_wall_ms,3,3279.5910604000005,owlrl,14,cumulative,,9725.331138000001
sharded,3313.646363,query_wall_ms,3,3498.0372398000004,owlrl,15,cumulative,,9971.827308
sharded,3612.1707369999995,query_wall_ms,3,3762.7382827000006,owlrl,16,cumulative,,10989.229817
replicated,33.296301,query_wall_ms,3,64.3761882,owlrl,1,cumulative,,120.805159
replicated,43.020902,query_wall_ms,3,43.635844999999996,owlrl,2,cumulative,,128.165657
replicated,82.693661,query_wall_ms,3,84.4997864,owlrl,3,cumulative,,249.769405
replicated,350.730076,query_wall_ms,3,362.51217399999996,owlrl,4,cumulative,,951.0734339999999
replicated,303.004417,query_wall_ms,3,354.8309161,owlrl,5,cumulative,,941.850944
replicated,500.52631700000006,query_wall_ms,3,510.9124646000001,owlrl,6,cumulative,,1450.8741780000003
replicated,400.282938,query_wall_ms,3,425.76458130000003,owlrl,7,cumulative,,1217.363414
replicated,498.309914,query_wall_ms,3,602.0545421,owlrl,8,cumulative,,1577.218516
replicated,652.659216,query_wall_ms,3,686.4251216999999,owlrl,9,cumulative,,1949.5669409999998
replicated,831.473879,query_wall_ms,3,892.1411239999998,owlrl,10,cumulative,,2559.2087119999997
replicated,914.8324670000002,query_wall_ms,3,1001.8175705000001,owlrl,11,cumulative,,2803.3936160000003
replicated,1002.9969980000001,query_wall_ms,3,1062.3179312,owlrl,12,cumulative,,3011.1854359999998
replicated,1089.609948,query_wall_ms,3,1092.3287139,owlrl,13,cumulative,,3203.263111
replicated,1070.093081,query_wall_ms,3,1181.3911985,owlrl,14,cumulative,,3316.5127279999997
replicated,1263.904395,query_wall_ms,3,1388.5848951000003,owlrl,15,cumulative,,3855.3739180000002
replicated,1310.3080820000002,query_wall_ms,3,1319.4449738,owlrl,16,cumulative,,3934.0436300000006
sharded,14065.24412,total_wall_ms,3,14340.9295262,rdfs_owlrl,1,cumulative,,42460.128455
sharded,14060.900889,total_wall_ms,3,14315.323964399999,rdfs_owlrl,2,cumulative,,42418.410564
sharded,14183.964382,total_wall_ms,3,14434.138719399998,rdfs_owlrl,3,cumulative,,42770.197476999994
sharded,14738.567952,total_wall_ms,3,15161.003238,rdfs_owlrl,4,cumulative,,44607.178292
sharded,14947.018026,total_wall_ms,3,15127.260734399999,rdfs_owlrl,5,cumulative,,44962.98149
sharded,15804.197130999999,total_wall_ms,3,15827.7103645,rdfs_owlrl,6,cumulative,,47428.939524999994
sharded,15679.730844,total_wall_ms,3,15915.5628408,rdfs_owlrl,7,cumulative,,47298.058974
sharded,15801.268199,total_wall_ms,3,16104.5688425,rdfs_owlrl,8,cumulative,,47732.452015999996
sharded,17051.431782,total_wall_ms,3,17056.596416700002,rdfs_owlrl,9,cumulative,,50415.821586
sharded,16444.218195,total_wall_ms,3,16639.9645167,rdfs_owlrl,10,cumulative,,49488.57177
sharded,16698.818928,total_wall_ms,3,16961.323871999997,rdfs_owlrl,11,cumulative,,50293.864306
sharded,17245.520194,total_wall_ms,3,19226.1535825,rdfs_owlrl,12,cumulative,,53634.395304
sharded,17439.395105,total_wall_ms,3,18008.3725112,rdfs_owlrl,13,cumulative,,52718.229507
sharded,17704.498174,total_wall_ms,3,17921.7461158,rdfs_owlrl,14,cumulative,,53213.508487
sharded,17651.079011,total_wall_ms,3,17669.132298200002,rdfs_owlrl,15,cumulative,,52731.490712
sharded,18151.887953,total_wall_ms,3,18395.7640724,rdfs_owlrl,16,cumulative,,54587.964529000004
replicated,14577.788770000001,total_wall_ms,3,14583.1513642,rdfs_owlrl,1,cumulative,,43681.355346000004
replicated,14616.623581,total_wall_ms,3,14697.8663326,rdfs_owlrl,2,cumulative,,43858.130203
replicated,14705.135004,total_wall_ms,3,14762.4275406,rdfs_owlrl,3,cumulative,,44129.444896
replicated,14762.540551,total_wall_ms,3,14786.3349148,rdfs_owlrl,4,cumulative,,44295.541618
replicated,14929.318173000001,total_wall_ms,3,14981.3654556,rdfs_owlrl,5,cumulative,,44819.04874300001
replicated,14881.315057,total_wall_ms,3,14892.731025100002,rdfs_owlrl,6,cumulative,,44567.679147
replicated,14939.957159000001,total_wall_ms,3,14985.6322814,rdfs_owlrl,7,cumulative,,44800.912403
replicated,14970.089506,total_wall_ms,3,15178.5453469,rdfs_owlrl,8,cumulative,,45088.468979
replicated,15139.276767000001,total_wall_ms,3,15649.899445800002,rdfs_owlrl,9,cumulative,,45907.037451000004
replicated,15837.960331,total_wall_ms,3,16388.285916700002,rdfs_owlrl,10,cumulative,,47839.121821
replicated,15655.657001000001,total_wall_ms,3,16463.494450399998,rdfs_owlrl,11,cumulative,,47773.283359
replicated,15626.679171,total_wall_ms,3,15646.4653191,rdfs_owlrl,12,cumulative,,46881.068369
replicated,15742.466334,total_wall_ms,3,15800.391801900001,rdfs_owlrl,13,cumulative,,47282.940419000006
replicated,15724.065551,total_wall_ms,3,15894.5871695,rdfs_owlrl,14,cumulative,,47339.202927000006
replicated,15970.414481000002,total_wall_ms,3,16022.845602800002,rdfs_owlrl,15,cumulative,,47909.903766
replicated,16073.383604,total_wall_ms,3,16911.292512199998,rdfs_owlrl,16,cumulative,,49079.880099
sharded,13188.07064,max_node_reasoning_ms,3,13225.5607907,rdfs_owlrl,1,cumulative,,39569.633773
sharded,13188.07064,max_node_reasoning_ms,3,13225.5607907,rdfs_owlrl,2,cumulative,,39569.633773
sharded,13188.07064,max_node_reasoning_ms,3,13225.5607907,rdfs_owlrl,3,cumulative,,39569.633773
sharded,13188.07064,max_node_reasoning_ms,3,13225.5607907,rdfs_owlrl,4,cumulative,,39569.633773
sharded,13188.07064,max_node_reasoning_ms,3,13225.5607907,rdfs_owlrl,5,cumulative,,39569.633773
sharded,13188.07064,max_node_reasoning_ms,3,13225.5607907,rdfs_owlrl,6,cumulative,,39569.633773
sharded,13188.07064,max_node_reasoning_ms,3,13225.5607907,rdfs_owlrl,7,cumulative,,39569.633773
sharded,13188.07064,max_node_reasoning_ms,3,13225.5607907,rdfs_owlrl,8,cumulative,,39569.633773
sharded,13188.07064,max_node_reasoning_ms,3,13225.5607907,rdfs_owlrl,9,cumulative,,39569.633773
sharded,13188.07064,max_node_reasoning_ms,3,13225.5607907,rdfs_owlrl,10,cumulative,,39569.633773
sharded,13188.07064,max_node_reasoning_ms,3,13225.5607907,rdfs_owlrl,11,cumulative,,39569.633773
sharded,13188.07064,max_node_reasoning_ms,3,13225.5607907,rdfs_owlrl,12,cumulative,,39569.633773
sharded,13188.07064,max_node_reasoning_ms,3,13225.5607907,rdfs_owlrl,13,cumulative,,39569.633773
sharded,13188.07064,max_node_reasoning_ms,3,13225.5607907,rdfs_owlrl,14,cumulative,,39569.633773
sharded,13188.07064,max_node_reasoning_ms,3,13225.5607907,rdfs_owlrl,15,cumulative,,39569.633773
sharded,13188.07064,max_node_reasoning_ms,3,13225.5607907,rdfs_owlrl,16,cumulative,,39569.633773
replicated,14215.011565,max_node_reasoning_ms,3,14299.5011962,rdfs_owlrl,1,cumulative,,42699.003268
replicated,14215.011565,max_node_reasoning_ms,3,14299.5011962,rdfs_owlrl,2,cumulative,,42699.003268
replicated,14215.011565,max_node_reasoning_ms,3,14299.5011962,rdfs_owlrl,3,cumulative,,42699.003268
replicated,14215.011565,max_node_reasoning_ms,3,14299.5011962,rdfs_owlrl,4,cumulative,,42699.003268
replicated,14215.011565,max_node_reasoning_ms,3,14299.5011962,rdfs_owlrl,5,cumulative,,42699.003268
replicated,14215.011565,max_node_reasoning_ms,3,14299.5011962,rdfs_owlrl,6,cumulative,,42699.003268
replicated,14215.011565,max_node_reasoning_ms,3,14299.5011962,rdfs_owlrl,7,cumulative,,42699.003268
replicated,14215.011565,max_node_reasoning_ms,3,14299.5011962,rdfs_owlrl,8,cumulative,,42699.003268
replicated,14215.011565,max_node_reasoning_ms,3,14299.5011962,rdfs_owlrl,9,cumulative,,42699.003268
replicated,14215.011565,max_node_reasoning_ms,3,14299.5011962,rdfs_owlrl,10,cumulative,,42699.003268
replicated,14215.011565,max_node_reasoning_ms,3,14299.5011962,rdfs_owlrl,11,cumulative,,42699.003268
replicated,14215.011565,max_node_reasoning_ms,3,14299.5011962,rdfs_owlrl,12,cumulative,,42699.003268
replicated,14215.011565,max_node_reasoning_ms,3,14299.5011962,rdfs_owlrl,13,cumulative,,42699.003268
replicated,14215.011565,max_node_reasoning_ms,3,14299.5011962,rdfs_owlrl,14,cumulative,,42699.003268
replicated,14215.011565,max_node_reasoning_ms,3,14299.5011962,rdfs_owlrl,15,cumulative,,42699.003268
replicated,14215.011565,max_node_reasoning_ms,3,14299.5011962,rdfs_owlrl,16,cumulative,,42699.003268
sharded,71.004232,query_wall_ms,3,82.0698904,rdfs_owlrl,1,cumulative,,215.905637
sharded,57.258766,query_wall_ms,3,61.163730099999995,rdfs_owlrl,2,cumulative,,174.187746
sharded,173.674038,query_wall_ms,3,179.6574369,rdfs_owlrl,3,cumulative,,525.974659
sharded,786.2490869999999,query_wall_ms,3,906.3357045,rdfs_owlrl,4,cumulative,,2362.955474
sharded,865.033639,query_wall_ms,3,981.7326088,rdfs_owlrl,5,cumulative,,2718.758672
sharded,1800.555008,query_wall_ms,3,1837.9460255,rdfs_owlrl,6,cumulative,,5184.716707
sharded,1676.088721,query_wall_ms,3,1719.4274541999998,rdfs_owlrl,7,cumulative,,5053.836156
sharded,1840.596038,query_wall_ms,3,1849.0659794000005,rdfs_owlrl,8,cumulative,,5488.229198000001
sharded,2763.169952,query_wall_ms,3,3070.6832552000005,rdfs_owlrl,9,cumulative,,8171.598768000001
sharded,2430.3206020000002,query_wall_ms,3,2439.5505249999997,rdfs_owlrl,10,cumulative,,7244.348952
sharded,2695.1768049999996,query_wall_ms,3,2701.5240126999997,rdfs_owlrl,11,cumulative,,8049.641487999999
sharded,2957.258364,query_wall_ms,3,5240.2404209999995,rdfs_owlrl,12,cumulative,,11390.172486
sharded,3203.600056,query_wall_ms,3,4027.7060277999994,rdfs_owlrl,13,cumulative,,10474.006689
sharded,3657.622946,query_wall_ms,3,3696.5327405,rdfs_owlrl,14,cumulative,,10969.285669
sharded,3456.9546170000003,query_wall_ms,3,3628.3886609,rdfs_owlrl,15,cumulative,,10487.267894
sharded,4134.599589,query_wall_ms,3,4146.881205900001,rdfs_owlrl,16,cumulative,,12343.741711000002
replicated,23.77556,query_wall_ms,3,25.1220788,rdfs_owlrl,1,cumulative,,70.546623
replicated,56.651933,query_wall_ms,3,144.60379759999998,rdfs_owlrl,2,cumulative,,247.32148
replicated,206.815007,query_wall_ms,3,215.3301707,rdfs_owlrl,3,cumulative,,518.636173
replicated,210.02347300000002,query_wall_ms,3,282.5952097,rdfs_owlrl,4,cumulative,,684.732895
replicated,369.346525,query_wall_ms,3,476.88029349999994,rdfs_owlrl,5,cumulative,,1208.24002
replicated,321.343409,query_wall_ms,3,339.4684901,rdfs_owlrl,6,cumulative,,956.870424
replicated,379.98551100000003,query_wall_ms,3,432.36974639999994,rdfs_owlrl,7,cumulative,,1190.10368
replicated,418.35236900000007,query_wall_ms,3,626.106263,rdfs_owlrl,8,cumulative,,1477.6602560000001
replicated,579.305119,query_wall_ms,3,1096.6369108000001,rdfs_owlrl,9,cumulative,,2296.228728
replicated,1285.4432529999997,query_wall_ms,3,1829.0597257,rdfs_owlrl,10,cumulative,,4228.313098
replicated,1103.1399230000002,query_wall_ms,3,1904.2682594,rdfs_owlrl,11,cumulative,,4162.474636000001
replicated,1088.692132,query_wall_ms,3,1124.3924697999998,rdfs_owlrl,12,cumulative,,3270.259646
replicated,1244.1463370000001,query_wall_ms,3,1246.5853190000003,rdfs_owlrl,13,cumulative,,3672.1316960000004
replicated,1225.745554,query_wall_ms,3,1340.7806865999999,rdfs_owlrl,14,cumulative,,3728.394204
replicated,1412.4980050000001,query_wall_ms,3,1469.788585,rdfs_owlrl,15,cumulative,,4299.095043
replicated,1513.4119560000004,query_wall_ms,3,2406.8073501,rdfs_owlrl,16,cumulative,,5469.071376
