category,layout,median,n,p95,query_id,reasoner,total
identity_consent,replicated,31.785148,3,31.8812311,BASE-Q01,owlrl,95.312185
topology,replicated,21.984527,3,22.1194946,BASE-Q02,owlrl,66.036786
wellbeing,replicated,5.403453,3,6.891477,BASE-Q03,owlrl,17.778911
decision,replicated,21.588686,3,21.7672847,BASE-Q04,owlrl,64.780796
wellbeing,replicated,20.179407,3,20.2484748,BASE-Q05,owlrl,60.212797
identity_consent,replicated,3.476163,3,3.5220089999999997,BASE-Q06,owlrl,10.301224
observability,replicated,8.279896,3,8.9399812,BASE-Q07,owlrl,24.903165
observability,replicated,36.857861,3,36.908844200000004,BASE-Q08,owlrl,110.60456400000001
wellbeing,replicated,28.559537,3,28.861621099999997,BASE-Q09,owlrl,85.941538
observability,replicated,35.381778,3,35.4170949,BASE-Q10,owlrl,106.168204
wellbeing,replicated,3.207465,3,6.248330999999999,BASE-Q11,owlrl,12.924714
adaptation,replicated,3.001601,3,3.1037339,BASE-Q12,owlrl,9.100896
adaptation,replicated,3.767267,3,3.7850564,BASE-Q13,owlrl,11.24486
delegation,replicated,16.305167,3,16.6392335,BASE-Q14,owlrl,49.269741
identity_consent,replicated,11.652445,3,11.6679943,BASE-Q15,owlrl,34.868056
federation,replicated,6.970109,3,72.9523688,BASE-Q16,owlrl,92.850018
context_zones,replicated,17.210518,3,17.643318999999998,BASE-Q17,owlrl,52.054259
context_zones,replicated,3.122685,3,3.2467959,BASE-Q18,owlrl,8.797544
decision,replicated,35.277204,3,131.7316701,BASE-Q19,owlrl,212.262686
identity_consent,replicated,30.517222,3,30.534122200000002,BASE-Q20,owlrl,91.435611
decision,replicated,7.734743,3,23.8554971,BASE-Q21,owlrl,40.86988
adaptation,replicated,24.140259,3,24.245793,BASE-Q22,owlrl,72.028278
topology,replicated,5.486809,3,7.7805247,BASE-Q23,owlrl,18.785461
federation,replicated,28.851444,3,29.1762108,BASE-Q24,owlrl,86.337703
identity_consent,replicated,2.970718,3,2.9923495,BASE-Q25,owlrl,8.873251
observability,replicated,1.389109,3,1.5192417999999999,BASE-Q26,owlrl,4.283361
adaptation,replicated,1.771342,3,1.8859741,BASE-Q27,owlrl,5.400619
identity_consent,replicated,61.596389,3,61.807421899999994,BASE-Q28,owlrl,184.46537
topology,replicated,2.805013,3,3.1752874,BASE-Q29,owlrl,8.735884
federation,replicated,1.682531,3,1.7591336,BASE-Q30,owlrl,5.115582
identity_consent,replicated,3.446316,3,3.4558749,BASE-Q31,owlrl,10.30275
decision,replicated,3.281684,3,16.3178636,BASE-Q32,owlrl,24.316159000000003
observability,replicated,24.300481,3,24.766248100000002,BASE-Q33,owlrl,72.93961
topology,replicated,10.973296,3,10.9764631,BASE-Q34,owlrl,32.888537
delegation,replicated,62.142463,3,62.5705633,BASE-Q35,owlrl,186.80513
semantic_schema,replicated,29.25724,3,29.3313397,EXT-Q01,owlrl,87.685961
semantic_schema,replicated,20.577333,3,20.6814495,EXT-Q02,owlrl,61.833295
policy_governance,replicated,53.335815,3,181.8232314,EXT-Q03,owlrl,302.501926
policy_governance,replicated,55.58107,3,56.181253899999994,EXT-Q04,owlrl,167.219543
semantic_schema,replicated,17.048593,3,17.232067,EXT-Q05,owlrl,50.980777
semantic_schema,replicated,3.485634,3,3.9871058999999995,EXT-Q06,owlrl,10.976649
policy_governance,replicated,34.609019,3,34.6276355,EXT-Q07,owlrl,103.828464
policy_governance,replicated,55.987192,3,102.4346035,EXT-Q08,owlrl,218.788677
policy_governance,replicated,14.371286,3,14.4354848,EXT-Q09,owlrl,43.094522999999995
policy_governance,replicated,138.967371,3,139.2627537,EXT-Q10,owlrl,416.529519
identity_consent,replicated,15.915958,3,29.2820911,EXT-Q11,owlrl,54.846008
identity_consent,replicated,35.254174,3,35.311257399999995,EXT-Q12,owlrl,105.732448
identity_consent,replicated,7.153493,3,7.3666049000000005,EXT-Q13,owlrl,21.378432
identity_consent,replicated,29.924741,3,29.9490572,EXT-Q14,owlrl,89.315666
identity_consent,replicated,16.767631,3,22.0668571,EXT-Q15,owlrl,51.044555
identity_consent,replicated,17.979055,3,18.0180889,EXT-Q16,owlrl,53.974648
identity_consent,replicated,28.684722,3,28.7890383,EXT-Q17,owlrl,85.861221
identity_consent,replicated,9.049999,3,9.5571202,EXT-Q18,owlrl,27.291882
identity_consent,replicated,8.681546,3,8.830676,EXT-Q19,owlrl,26.12618
identity_consent,replicated,13.198443,3,13.8048765,EXT-Q20,owlrl,39.91018
identity_consent,replicated,5.532276,3,9.3809415,EXT-Q21,owlrl,20.740828
security_identity,replicated,45.054153,3,46.6525233,EXT-Q22,owlrl,115.945098
data_lifecycle,replicated,25.862366,3,27.5916008,EXT-Q23,owlrl,79.433414
data_lifecycle,replicated,7.073212,3,7.443004,EXT-Q24,owlrl,21.470272
data_lifecycle,replicated,10.547711,3,10.8568925,EXT-Q25,owlrl,31.89513
security_identity,replicated,6.207729,3,6.2199987,EXT-Q26,owlrl,18.59082
security_identity,replicated,47.372093,3,47.564225900000004,EXT-Q27,owlrl,141.511389
security_identity,replicated,19.677556,3,20.6072398,EXT-Q28,owlrl,60.033519999999996
security_identity,replicated,3.939052,3,4.1993671,EXT-Q29,owlrl,11.712032
security_identity,replicated,4.808405,3,16.580436499999998,EXT-Q30,owlrl,25.948396
data_lifecycle,replicated,18.362222,3,18.4250888,EXT-Q31,owlrl,54.670851
data_lifecycle,replicated,11.180777,3,11.4218105,EXT-Q32,owlrl,33.668758
data_lifecycle,replicated,4.315609,3,4.4306488,EXT-Q33,owlrl,13.054239
data_lifecycle,replicated,18.284055,3,18.562389,EXT-Q34,owlrl,54.956666
data_lifecycle,replicated,18.042045,3,26.025347399999998,EXT-Q35,owlrl,48.826302
context_zones,replicated,20.508229,3,21.021497200000002,EXT-Q36,owlrl,62.024281
context_zones,replicated,11.064165,3,18.114198000000002,EXT-Q37,owlrl,40.461476000000005
context_zones,replicated,6.371482,3,6.7993573,EXT-Q38,owlrl,19.556699000000002
context_zones,replicated,15.241908,3,15.4990074,EXT-Q39,owlrl,45.969519
trust,replicated,28.104092,3,156.1546925,EXT-Q40,owlrl,226.572314
trust,replicated,7.08539,3,14.6506622,EXT-Q41,owlrl,28.200212
trust,replicated,20.664704,3,20.7017867,EXT-Q42,owlrl,61.679221999999996
trust,replicated,31.697982,3,31.726731599999997,EXT-Q43,owlrl,94.696612
trust,replicated,6.991466,3,7.3893379999999995,EXT-Q44,owlrl,20.13472
trust,replicated,9.802878,3,9.8567529,EXT-Q45,owlrl,29.266181
decision,replicated,34.190636,3,144.3885899,EXT-Q46,owlrl,224.76404100000002
decision,replicated,41.082574,3,141.31210719999999,EXT-Q47,owlrl,234.61094400000002
decision,replicated,8.127116,3,11.4629516,EXT-Q48,owlrl,26.221652
decision,replicated,28.244667,3,28.4766834,EXT-Q49,owlrl,84.836667
decision,replicated,8.033562,3,8.1834768,EXT-Q50,owlrl,22.382203
decision,replicated,10.17242,3,32.7111029,EXT-Q51,owlrl,53.745465
decision,replicated,32.676578,3,33.0318953,EXT-Q52,owlrl,98.29182700000001
decision,replicated,51.643166,3,51.7836326,EXT-Q53,owlrl,154.96479499999998
decision,replicated,31.236185,3,31.4080013,EXT-Q54,owlrl,93.544221
decision,replicated,4.714673,3,4.7286032,EXT-Q55,owlrl,13.925785000000001
decision,replicated,8.813803,3,67.0772902,EXT-Q56,owlrl,90.760899
decision,replicated,18.545597,3,18.606197599999998,EXT-Q57,owlrl,55.632348
decision,replicated,5.911084,3,6.090463000000001,EXT-Q58,owlrl,17.775503
adaptation,replicated,72.923167,3,73.0157338,EXT-Q59,owlrl,218.058186
adaptation,replicated,26.464889,3,26.586955999999997,EXT-Q60,owlrl,79.258316
adaptation,replicated,1.855887,3,2.4796725,EXT-Q61,owlrl,6.211005
adaptation,replicated,22.010249,3,22.3417667,EXT-Q62,owlrl,66.38797100000001
delegation,replicated,5.070874,3,5.346387399999999,EXT-Q63,owlrl,15.313884999999999
delegation,replicated,4.078154,3,4.342988,EXT-Q64,owlrl,12.527249
delegation,replicated,12.57996,3,12.8365437,EXT-Q65,owlrl,37.967659
federation,replicated,25.547722,3,25.6687225,EXT-Q66,owlrl,76.359611
federation,replicated,7.269832,3,9.0618094,EXT-Q67,owlrl,23.706094
federation,replicated,24.637734,3,24.7841019,EXT-Q68,owlrl,73.968796
federation,replicated,6.100128,3,11.922513299999999,EXT-Q69,owlrl,24.277348
audit_temporal,replicated,122.006153,3,122.1535028,EXT-Q70,owlrl,366.10005
audit_temporal,replicated,44.966685,3,45.856002000000004,EXT-Q71,owlrl,135.880167
audit_temporal,replicated,7.946336,3,8.0540822,EXT-Q72,owlrl,23.008912
audit_temporal,replicated,49.150458,3,49.938127200000004,EXT-Q73,owlrl,145.792655
audit_temporal,replicated,213.430814,3,308.4310979,EXT-Q74,owlrl,745.33848
validation,replicated,66.878611,3,67.0959781,EXT-Q75,owlrl,200.769
validation,replicated,24.888197,3,27.8364512,EXT-Q76,owlrl,77.744337
validation,replicated,48.95937,3,49.2633369,EXT-Q77,owlrl,147.164481
policy_governance,replicated,12.275056,3,12.6838117,EXT-Q78,owlrl,37.177918
policy_governance,replicated,46.915611,3,47.2641279,EXT-Q79,owlrl,141.040612
validation,replicated,32.728802,3,46.606766900000004,EXT-Q80,owlrl,113.329192
identity_consent,replicated,31.889537,3,43.318920500000004,BASE-Q01,rdfs,108.284685
topology,replicated,5.65731,3,52.79963219999999,BASE-Q02,rdfs,69.28163099999999
wellbeing,replicated,21.567685,3,21.718585299999997,BASE-Q03,rdfs,64.422722
decision,replicated,21.471963,3,21.4755297,BASE-Q04,rdfs,64.399871
wellbeing,replicated,4.068821,3,4.6711037,BASE-Q05,rdfs,12.719882
identity_consent,replicated,3.658334,3,4.9754363,BASE-Q06,rdfs,12.30848
observability,replicated,8.581694,3,9.4003394,BASE-Q07,rdfs,26.031536000000003
observability,replicated,37.161944,3,37.294694,BASE-Q08,rdfs,111.433759
wellbeing,replicated,6.926513,3,6.9833894,BASE-Q09,rdfs,20.380304000000002
observability,replicated,8.832012,3,17.6948763,BASE-Q10,rdfs,35.967598
wellbeing,replicated,14.168277,3,14.5172943,BASE-Q11,rdfs,42.85987
adaptation,replicated,13.937593,3,15.1666087,BASE-Q12,rdfs,43.170499
adaptation,replicated,17.957444,3,17.9766617,BASE-Q13,rdfs,53.860482
delegation,replicated,4.019953,3,4.130221,BASE-Q14,rdfs,12.018403
identity_consent,replicated,11.584237,3,12.274888,BASE-Q15,rdfs,35.451508000000004
federation,replicated,5.639164,3,5.728590700000001,BASE-Q16,rdfs,16.676683
context_zones,replicated,4.444488,3,4.8698298,BASE-Q17,rdfs,13.307231
context_zones,replicated,2.962445,3,2.9701787,BASE-Q18,rdfs,8.824403
decision,replicated,6.667177,3,14.624530599999998,BASE-Q19,rdfs,28.825713
identity_consent,replicated,30.671389,3,34.9614055,BASE-Q20,rdfs,96.388037
decision,replicated,7.483431,3,9.7356387,BASE-Q21,rdfs,24.815543
adaptation,replicated,4.580133,3,4.871508899999999,BASE-Q22,rdfs,14.039670999999998
topology,replicated,5.731085,3,6.9459617,BASE-Q23,rdfs,18.52655
federation,replicated,28.524721,3,118.23908259999999,BASE-Q24,rdfs,184.879453
identity_consent,replicated,13.354185,3,13.9335348,BASE-Q25,rdfs,40.702462
observability,replicated,6.029044,3,6.176844699999999,BASE-Q26,rdfs,18.155504
adaptation,replicated,1.865495,3,1.9153388,BASE-Q27,rdfs,5.549749
identity_consent,replicated,11.214971,3,19.8571553,BASE-Q28,rdfs,43.033974
topology,replicated,14.424111,3,14.4998604,BASE-Q29,rdfs,43.356109000000004
federation,replicated,6.560352,3,9.223918199999998,BASE-Q30,rdfs,22.502389
identity_consent,replicated,4.167684,3,6.3540045,BASE-Q31,rdfs,14.101775
decision,replicated,16.414963,3,17.159179299999998,BASE-Q32,rdfs,50.041593
observability,replicated,23.340574,3,23.6417905,BASE-Q33,rdfs,70.23949999999999
topology,replicated,10.768408,3,11.6585404,BASE-Q34,rdfs,33.290371
delegation,replicated,26.179471,3,54.7464799,BASE-Q35,rdfs,99.341364
semantic_schema,replicated,29.005648,3,29.3141149,EXT-Q01,rdfs,87.185
semantic_schema,replicated,4.340008,3,4.7446264,EXT-Q02,rdfs,13.246237
policy_governance,replicated,15.107243,3,16.3286546,EXT-Q03,rdfs,46.517872
policy_governance,replicated,14.106015,3,14.1788358,EXT-Q04,rdfs,42.179474
semantic_schema,replicated,17.015562,3,61.2817191,EXT-Q05,rdfs,100.121855
semantic_schema,replicated,3.810576,3,3.8147952,EXT-Q06,rdfs,11.279279
policy_governance,replicated,34.472703,3,34.4747208,EXT-Q07,rdfs,103.24203700000001
policy_governance,replicated,220.589184,3,223.2336873,EXT-Q08,rdfs,664.558054
policy_governance,replicated,49.834093,3,49.8639595,EXT-Q09,rdfs,148.930889
policy_governance,replicated,40.730322,3,46.539339600000005,EXT-Q10,rdfs,126.977883
identity_consent,replicated,11.008509,3,24.4401936,EXT-Q11,rdfs,47.168569
identity_consent,replicated,35.154908,3,35.6956073,EXT-Q12,rdfs,105.94750099999999
identity_consent,replicated,8.723369,3,8.8525676,EXT-Q13,rdfs,26.285898
identity_consent,replicated,29.560037,3,30.133121,EXT-Q14,rdfs,89.008741
identity_consent,replicated,58.941111,3,58.9865943,EXT-Q15,rdfs,176.821666
identity_consent,replicated,5.323259,3,6.2447501,EXT-Q16,rdfs,16.09741
identity_consent,replicated,29.232259,3,30.0527089,EXT-Q17,rdfs,87.996888
identity_consent,replicated,9.323068,3,10.780365999999999,EXT-Q18,rdfs,29.364390999999998
identity_consent,replicated,9.259703,3,9.3247883,EXT-Q19,rdfs,27.810265
identity_consent,replicated,2.965596,3,3.2072613,EXT-Q20,rdfs,9.124273
identity_consent,replicated,23.598445,3,23.6925616,EXT-Q21,rdfs,70.286112
security_identity,replicated,43.031916,3,58.9725351,EXT-Q22,rdfs,136.60557
data_lifecycle,replicated,6.448705,3,16.6764454,EXT-Q23,rdfs,29.821318
data_lifecycle,replicated,31.344632,3,32.1140159,EXT-Q24,rdfs,94.560489
data_lifecycle,replicated,48.686482,3,135.9885142,EXT-Q25,rdfs,242.847463
security_identity,replicated,6.289013,3,6.454663399999999,EXT-Q26,rdfs,18.962063999999998
security_identity,replicated,9.17645,3,19.6556414,EXT-Q27,rdfs,39.169844
security_identity,replicated,3.979014,3,4.7381253,EXT-Q28,rdfs,12.688302
security_identity,replicated,4.206632,3,5.3840669,EXT-Q29,rdfs,13.834112000000001
security_identity,replicated,12.949018,3,13.6784014,EXT-Q30,rdfs,39.412758
data_lifecycle,replicated,18.049389,3,18.296806200000002,EXT-Q31,rdfs,54.140742
data_lifecycle,replicated,2.513785,3,2.6293243,EXT-Q32,rdfs,7.635839
data_lifecycle,replicated,21.756111,3,22.0311114,EXT-Q33,rdfs,65.495556
data_lifecycle,replicated,3.469034,3,3.6861167,EXT-Q34,rdfs,10.584579
data_lifecycle,replicated,4.182603,3,4.3391769,EXT-Q35,rdfs,12.439425
context_zones,replicated,20.793211,3,20.8205278,EXT-Q36,rdfs,62.192837
context_zones,replicated,61.610351,3,79.6676351,EXT-Q37,rdfs,204.71877700000002
context_zones,replicated,34.844371,3,42.6059872,EXT-Q38,rdfs,112.945278
context_zones,replicated,4.133557,3,9.444329199999999,EXT-Q39,rdfs,17.655347
trust,replicated,28.396554,3,29.9002893,EXT-Q40,rdfs,86.732424
trust,replicated,25.045833,3,25.6310328,EXT-Q41,rdfs,75.755814
trust,replicated,4.445023,3,9.1227442,EXT-Q42,rdfs,18.396894
trust,replicated,32.465666,3,33.2697503,EXT-Q43,rdfs,97.909685
trust,replicated,9.169154,3,9.814334299999999,EXT-Q44,rdfs,27.788538000000003
trust,replicated,10.154524,3,12.2748232,EXT-Q45,rdfs,32.176773
decision,replicated,11.542388,3,19.929879500000002,EXT-Q46,rdfs,43.519595
decision,replicated,10.019043,3,20.6389449,EXT-Q47,rdfs,41.25924
decision,replicated,10.79626,3,15.814898499999998,EXT-Q48,rdfs,33.883368
decision,replicated,28.759055,3,29.0283053,EXT-Q49,rdfs,85.717849
decision,replicated,32.470463,3,32.5069301,EXT-Q50,rdfs,97.08339000000001
decision,replicated,34.293796,3,34.597546,EXT-Q51,rdfs,103.191277
decision,replicated,8.153722,3,8.6385007,EXT-Q52,rdfs,24.412408
decision,replicated,51.443481,3,54.0027642,EXT-Q53,rdfs,156.691684
decision,replicated,6.973753,3,27.679026099999998,EXT-Q54,rdfs,43.708757
decision,replicated,4.406347,3,4.521475,EXT-Q55,rdfs,13.231895999999999
decision,replicated,8.550592,3,12.5975986,EXT-Q56,rdfs,29.958320999999998
decision,replicated,18.557838,3,19.1669724,EXT-Q57,rdfs,56.342589000000004
decision,replicated,29.296667,3,29.4857336,EXT-Q58,rdfs,88.033001
adaptation,replicated,18.079307,3,18.1292192,EXT-Q59,rdfs,53.875780000000006
adaptation,replicated,27.034074,3,27.863757,EXT-Q60,rdfs,81.906444
adaptation,replicated,2.02892,3,3.3821320999999998,EXT-Q61,rdfs,7.587028
adaptation,replicated,22.69613,3,109.7525963,EXT-Q62,rdfs,164.664796
delegation,replicated,25.013204,3,25.152469999999997,EXT-Q63,rdfs,74.872907
delegation,replicated,3.993176,3,4.2254381,EXT-Q64,rdfs,12.137481000000001
delegation,replicated,12.540515,3,12.7889663,EXT-Q65,rdfs,37.859899
federation,replicated,25.602278,3,31.3829114,EXT-Q66,rdfs,82.918871
federation,replicated,7.624529,3,8.9266751,EXT-Q67,rdfs,23.702542
federation,replicated,6.479694,3,6.810183899999999,EXT-Q68,rdfs,19.652608999999998
federation,replicated,28.401926,3,28.499976500000002,EXT-Q69,rdfs,84.872964
audit_temporal,replicated,122.095709,3,122.19405830000001,EXT-Q70,rdfs,366.016588
audit_temporal,replicated,45.308704,3,46.090804,EXT-Q71,rdfs,136.297501
audit_temporal,replicated,31.244685,3,31.4673018,EXT-Q72,rdfs,93.04364699999999
audit_temporal,replicated,113.375105,3,202.3513829,EXT-Q73,rdfs,438.945439
audit_temporal,replicated,289.223389,3,289.398439,EXT-Q74,rdfs,741.516537
validation,replicated,66.547352,3,66.7575848,EXT-Q75,rdfs,199.46133300000002
validation,replicated,6.497055,3,6.8449275,EXT-Q76,rdfs,19.57725
validation,replicated,10.15452,3,12.172977,EXT-Q77,rdfs,32.553016
policy_governance,replicated,57.595463,3,58.3427969,EXT-Q78,rdfs,173.581056
policy_governance,replicated,10.354363,3,13.5283534,EXT-Q79,rdfs,34.291444999999996
validation,replicated,282.665259,3,296.505693,EXT-Q80,rdfs,862.553463
identity_consent,replicated,33.12,3,33.1341831,BASE-Q01,rdfs_owlrl,98.527981
topology,replicated,22.021694,3,22.094910799999997,BASE-Q02,rdfs_owlrl,65.993637
wellbeing,replicated,23.08887,3,23.66397,BASE-Q03,rdfs_owlrl,69.720833
decision,replicated,6.328519,3,6.3824362,BASE-Q04,rdfs_owlrl,18.96287
wellbeing,replicated,19.541334,3,19.5871998,BASE-Q05,rdfs_owlrl,58.638686
identity_consent,replicated,15.819168,3,15.9524679,BASE-Q06,rdfs_owlrl,47.494892
observability,replicated,33.697061,3,34.2947114,BASE-Q07,rdfs_owlrl,101.39244199999999
observability,replicated,37.588351,3,179.3062678,BASE-Q08,rdfs_owlrl,269.645573
wellbeing,replicated,6.752805,3,6.7623585,BASE-Q09,rdfs_owlrl,20.197225
observability,replicated,34.751537,3,35.1050543,BASE-Q10,rdfs_owlrl,104.488538
wellbeing,replicated,14.417352,3,14.4325521,BASE-Q11,rdfs_owlrl,42.989112
adaptation,replicated,3.215928,3,3.2742156000000002,BASE-Q12,rdfs_owlrl,9.70064
adaptation,replicated,3.810449,3,24.067089199999998,BASE-Q13,rdfs_owlrl,33.922615
delegation,replicated,4.940371,3,46.300849299999996,BASE-Q14,rdfs_owlrl,60.488423000000004
identity_consent,replicated,11.437463,3,12.046780100000001,BASE-Q15,rdfs_owlrl,34.880908
federation,replicated,25.797389,3,26.1626387,BASE-Q16,rdfs_owlrl,77.753333
context_zones,replicated,17.567926,3,17.6048089,BASE-Q17,rdfs_owlrl,52.32637
context_zones,replicated,10.686982,3,10.8449986,BASE-Q18,rdfs_owlrl,31.831834
decision,replicated,7.715571,3,8.185047899999999,BASE-Q19,rdfs_owlrl,22.48085
identity_consent,replicated,7.224113,3,7.6904615,BASE-Q20,rdfs_owlrl,21.812779
decision,replicated,7.304232,3,7.6424088,BASE-Q21,rdfs_owlrl,22.092311
adaptation,replicated,4.681375,3,4.9163425,BASE-Q22,rdfs_owlrl,14.019856
topology,replicated,6.83783,3,6.9607241,BASE-Q23,rdfs_owlrl,19.884327
federation,replicated,29.108888,3,29.1802886,BASE-Q24,rdfs_owlrl,86.614941
identity_consent,replicated,13.456815,3,13.7950818,BASE-Q25,rdfs_owlrl,40.712815
observability,replicated,1.697209,3,1.7054521,BASE-Q26,rdfs_owlrl,5.066606
adaptation,replicated,8.472844,3,8.5405942,BASE-Q27,rdfs_owlrl,25.064402
identity_consent,replicated,14.57886,3,15.956017499999998,BASE-Q28,rdfs_owlrl,44.794808
topology,replicated,14.720352,3,15.022035599999999,BASE-Q29,rdfs_owlrl,44.494907999999995
federation,replicated,6.703333,3,6.8256664,BASE-Q30,rdfs_owlrl,20.238703
identity_consent,replicated,4.139883,3,4.1841162,BASE-Q31,rdfs_owlrl,11.669941
decision,replicated,16.450243,3,16.7314768,BASE-Q32,rdfs_owlrl,49.327580999999995
observability,replicated,4.993284,3,5.0901258,BASE-Q33,rdfs_owlrl,15.056187000000001
topology,replicated,11.414519,3,11.8525013,BASE-Q34,rdfs_owlrl,34.456796
delegation,replicated,68.706426,3,70.3521588,BASE-Q35,rdfs_owlrl,207.773499
semantic_schema,replicated,29.242129,3,142.2865543,EXT-Q01,rdfs_owlrl,212.362099
semantic_schema,replicated,4.200979,3,4.274371299999999,EXT-Q02,rdfs_owlrl,12.586217000000001
policy_governance,replicated,53.152685,3,53.7274358,EXT-Q03,rdfs_owlrl,159.917001
policy_governance,replicated,55.461741,3,57.2317404,EXT-Q04,rdfs_owlrl,167.425796
semantic_schema,replicated,66.214407,3,187.297158,EXT-Q05,rdfs_owlrl,330.777649
semantic_schema,replicated,15.070056,3,15.4869891,EXT-Q06,rdfs_owlrl,45.664834
policy_governance,replicated,35.004426,3,35.0119095,EXT-Q07,rdfs_owlrl,104.351186
policy_governance,replicated,60.154936,3,71.1589795,EXT-Q08,rdfs_owlrl,188.82314100000002
policy_governance,replicated,14.750047,3,14.9066974,EXT-Q09,rdfs_owlrl,44.027634
policy_governance,replicated,39.866682,3,53.357344499999996,EXT-Q10,rdfs_owlrl,134.301877
identity_consent,replicated,10.168527,3,10.1706591,EXT-Q11,rdfs_owlrl,30.491054
identity_consent,replicated,10.966926,3,11.0879328,EXT-Q12,rdfs_owlrl,30.404746000000003
identity_consent,replicated,29.751056,3,29.9325887,EXT-Q13,rdfs_owlrl,89.230778
identity_consent,replicated,29.973371,3,29.9854373,EXT-Q14,rdfs_owlrl,89.033297
identity_consent,replicated,59.318223,3,59.330606100000004,EXT-Q15,rdfs_owlrl,177.83152
identity_consent,replicated,17.89874,3,17.971991,EXT-Q16,rdfs_owlrl,53.728573999999995
identity_consent,replicated,6.764821,3,7.0671139,EXT-Q17,rdfs_owlrl,20.293559000000002
identity_consent,replicated,8.846217,3,9.179675099999999,EXT-Q18,rdfs_owlrl,26.781557
identity_consent,replicated,13.008019,3,21.6594805,EXT-Q19,rdfs_owlrl,44.511722000000006
identity_consent,replicated,3.240132,3,21.0846417,EXT-Q20,rdfs_owlrl,29.376468
identity_consent,replicated,26.455352,3,26.8545344,EXT-Q21,rdfs_owlrl,79.419944
security_identity,replicated,51.313663,3,89.9757937,EXT-Q22,rdfs_owlrl,196.459215
data_lifecycle,replicated,5.651503,3,5.6656879,EXT-Q23,rdfs_owlrl,16.912738
data_lifecycle,replicated,7.42735,3,8.1039529,EXT-Q24,rdfs_owlrl,22.773533999999998
data_lifecycle,replicated,11.214797,3,22.8256052,EXT-Q25,rdfs_owlrl,46.17883
security_identity,replicated,6.185087,3,6.2115416,EXT-Q26,rdfs_owlrl,18.526847
security_identity,replicated,11.273678,3,17.8122743,EXT-Q27,rdfs_owlrl,40.480799000000005
security_identity,replicated,3.984751,3,5.937081399999999,EXT-Q28,rdfs_owlrl,13.985593
security_identity,replicated,15.843593,3,16.3358255,EXT-Q29,rdfs_owlrl,47.431204
security_identity,replicated,13.124018,3,14.2488353,EXT-Q30,rdfs_owlrl,40.461463
data_lifecycle,replicated,18.984259,3,128.0415421,EXT-Q31,rdfs_owlrl,176.786499
data_lifecycle,replicated,10.907477,3,11.0640266,EXT-Q32,rdfs_owlrl,32.821023
data_lifecycle,replicated,5.470997,3,5.5979807,EXT-Q33,rdfs_owlrl,15.637654
data_lifecycle,replicated,19.01226,3,19.3109934,EXT-Q34,rdfs_owlrl,56.836612
data_lifecycle,replicated,17.178259,3,17.664709,EXT-Q35,rdfs_owlrl,52.039165999999994
context_zones,replicated,4.261466,3,4.7242046,EXT-Q36,rdfs_owlrl,13.062080000000002
context_zones,replicated,10.832988,3,11.134291800000002,EXT-Q37,rdfs_owlrl,32.709673
context_zones,replicated,8.217325,3,8.2660906,EXT-Q38,rdfs_owlrl,23.133029
context_zones,replicated,15.201204,3,15.3559041,EXT-Q39,rdfs_owlrl,45.559668
trust,replicated,28.424352,3,167.22000119999998,EXT-Q40,rdfs_owlrl,239.479407
trust,replicated,25.925111,3,25.9413443,EXT-Q41,rdfs_owlrl,77.101555
trust,replicated,5.346673,3,5.3585709999999995,EXT-Q42,rdfs_owlrl,16.029437
trust,replicated,31.865408,3,32.109890299999996,EXT-Q43,rdfs_owlrl,95.67375999999999
trust,replicated,24.855648,3,27.674831400000002,EXT-Q44,rdfs_owlrl,77.231629
trust,replicated,46.810092,3,46.8313752,EXT-Q45,rdfs_owlrl,140.364073
decision,replicated,7.683879,3,8.1405093,EXT-Q46,rdfs_owlrl,23.484251
decision,replicated,41.414426,3,41.705142200000004,EXT-Q47,rdfs_owlrl,124.488574
decision,replicated,32.85163,3,33.4272799,EXT-Q48,rdfs_owlrl,99.125316
decision,replicated,6.177496,3,49.597795299999994,EXT-Q49,rdfs_owlrl,66.231417
decision,replicated,6.143125,3,6.2628988,EXT-Q50,rdfs_owlrl,18.557823
decision,replicated,34.489839,3,34.5289557,EXT-Q51,rdfs_owlrl,103.125184
decision,replicated,8.112579,3,12.2448588,EXT-Q52,rdfs_owlrl,28.620453
decision,replicated,12.731852,3,22.4610104,EXT-Q53,rdfs_owlrl,45.284814999999995
decision,replicated,31.724741,3,31.8095741,EXT-Q54,rdfs_owlrl,94.543926
decision,replicated,21.493445,3,22.100994500000002,EXT-Q55,rdfs_owlrl,64.476871
decision,replicated,8.811783,3,37.289069999999995,EXT-Q56,rdfs_owlrl,58.074799999999996
decision,replicated,3.916961,3,4.0644107,EXT-Q57,rdfs_owlrl,11.910922
decision,replicated,29.254,3,30.5737852,EXT-Q58,rdfs_owlrl,88.77302
adaptation,replicated,80.870518,3,82.5757183,EXT-Q59,rdfs_owlrl,244.09862900000002
adaptation,replicated,5.470583,3,5.7740243,EXT-Q60,rdfs_owlrl,16.590631000000002
adaptation,replicated,8.051982,3,8.2143141,EXT-Q61,rdfs_owlrl,24.321851000000002
adaptation,replicated,22.792741,3,22.8474574,EXT-Q62,rdfs_owlrl,68.404871
delegation,replicated,24.711074,3,24.843324499999998,EXT-Q63,rdfs_owlrl,73.644593
delegation,replicated,21.813018,3,22.618501799999997,EXT-Q64,rdfs_owlrl,65.624907
delegation,replicated,2.572994,3,2.6245883,EXT-Q65,rdfs_owlrl,7.774653
federation,replicated,5.536021,3,5.6010568,EXT-Q66,rdfs_owlrl,16.529993
federation,replicated,6.991925,3,10.046718499999999,EXT-Q67,rdfs_owlrl,24.366702
federation,replicated,5.345834,3,5.9061262999999995,EXT-Q68,rdfs_owlrl,16.6045
federation,replicated,28.027241,3,28.125440899999997,EXT-Q69,rdfs_owlrl,84.103816
audit_temporal,replicated,123.199963,3,233.1242296,EXT-Q70,rdfs_owlrl,491.565463
audit_temporal,replicated,47.29654,3,156.30982659999998,EXT-Q71,rdfs_owlrl,260.962251
audit_temporal,replicated,8.007313,3,8.068137700000001,EXT-Q72,rdfs_owlrl,23.003614
audit_temporal,replicated,147.143926,3,147.5454421,EXT-Q73,rdfs_owlrl,440.36248
audit_temporal,replicated,213.686545,3,213.7131787,EXT-Q74,rdfs_owlrl,639.0717070000001
validation,replicated,18.307843,3,67.6938949,EXT-Q75,rdfs_owlrl,109.2465
validation,replicated,5.363891,3,5.4749285,EXT-Q76,rdfs_owlrl,16.125382000000002
validation,replicated,9.290483,3,9.357479,EXT-Q77,rdfs_owlrl,27.754745
policy_governance,replicated,57.293463,3,57.8143965,EXT-Q78,rdfs_owlrl,172.411574
policy_governance,replicated,10.875774,3,11.0104941,EXT-Q79,rdfs_owlrl,32.331303
validation,replicated,178.683853,3,179.0346874,EXT-Q80,rdfs_owlrl,535.7628179999999
identity_consent,sharded,28.256239,9,29.5464254,BASE-Q01,owlrl,254.902139
topology,sharded,22.835333,3,22.9310498,BASE-Q02,owlrl,68.096055
wellbeing,sharded,19.354333,9,20.4893002,BASE-Q03,owlrl,177.06311
decision,sharded,21.673518,3,21.7913019,BASE-Q04,owlrl,64.819777
wellbeing,sharded,18.077648,9,20.590922,BASE-Q05,owlrl,169.203602
identity_consent,sharded,3.947127,3,3.9865317,BASE-Q06,owlrl,11.881829
observability,sharded,36.056518,3,155.19581799999997,BASE-Q07,owlrl,238.324628
observability,sharded,37.752685,3,154.7766844,BASE-Q08,owlrl,242.67744299999998
wellbeing,sharded,22.960315,9,25.5374188,BASE-Q09,owlrl,213.008643
observability,sharded,28.337648,9,29.7342002,BASE-Q10,owlrl,256.702827
wellbeing,sharded,14.457148,3,14.8029307,BASE-Q11,owlrl,43.666573
adaptation,sharded,13.948813,9,14.4265262,BASE-Q12,owlrl,126.481386
adaptation,sharded,17.846759,9,18.7469296,BASE-Q13,owlrl,161.842603
delegation,sharded,17.2365,3,17.2671828,BASE-Q14,owlrl,51.260425
identity_consent,sharded,11.596052,9,12.136567,BASE-Q15,owlrl,104.424933
federation,sharded,24.393141,9,27.170548,BASE-Q16,owlrl,225.759888
context_zones,sharded,16.575667,9,17.4993254,BASE-Q17,owlrl,150.42327
context_zones,sharded,9.952223,9,10.5762186,BASE-Q18,owlrl,91.040167
decision,sharded,34.124,3,34.6214336,BASE-Q19,owlrl,102.907278
identity_consent,sharded,25.501976,9,26.417055,BASE-Q20,owlrl,227.751441
decision,sharded,27.123553,9,32.5794294,BASE-Q21,owlrl,256.603062
adaptation,sharded,23.821685,9,24.779473799999998,BASE-Q22,owlrl,215.445033
topology,sharded,21.285425,9,22.2566444,BASE-Q23,owlrl,191.889354
federation,sharded,25.73037,9,29.7628774,BASE-Q24,owlrl,243.788797
identity_consent,sharded,13.452296,9,15.638288,BASE-Q25,owlrl,123.641363
observability,sharded,5.750982,3,6.1739307000000005,BASE-Q26,owlrl,17.702666999999998
adaptation,sharded,8.56087,9,9.337003600000001,BASE-Q27,owlrl,78.137736
identity_consent,sharded,42.988127,9,63.117396400000004,BASE-Q28,owlrl,443.343102
topology,sharded,14.634704,3,16.1097203,BASE-Q29,owlrl,45.234685
federation,sharded,6.595314,9,7.0993698,BASE-Q30,owlrl,59.57969
identity_consent,sharded,3.910011,3,3.9505353,BASE-Q31,owlrl,11.565593
decision,sharded,16.611796,3,16.7170636,BASE-Q32,owlrl,49.514111
observability,sharded,23.573778,3,24.0283113,BASE-Q33,owlrl,71.14863
topology,sharded,11.118185,3,11.165552,BASE-Q34,owlrl,32.9815
delegation,sharded,29.537,9,57.052114800000005,BASE-Q35,owlrl,345.883238
semantic_schema,sharded,6.535154,3,8.0909525,EXT-Q01,owlrl,21.31476
semantic_schema,sharded,4.76239,3,5.7095275,EXT-Q02,owlrl,15.30737
policy_governance,sharded,15.405217,3,15.5791483,EXT-Q03,owlrl,46.342978
policy_governance,sharded,14.339119,3,14.430319599999999,EXT-Q04,owlrl,42.896677
semantic_schema,sharded,17.216017,3,19.6036675,EXT-Q05,owlrl,54.014061
semantic_schema,sharded,3.838626,3,4.48902,EXT-Q06,owlrl,11.749880000000001
policy_governance,sharded,9.462275,3,11.4810515,EXT-Q07,owlrl,30.125305
policy_governance,sharded,55.321078,3,56.282728,EXT-Q08,owlrl,166.77181000000002
policy_governance,sharded,14.736646,3,14.7491047,EXT-Q09,owlrl,43.990629999999996
policy_governance,sharded,39.13777,3,51.1977475,EXT-Q10,owlrl,130.706152
identity_consent,sharded,26.081311,9,29.0009218,EXT-Q11,owlrl,237.540246
identity_consent,sharded,26.008866,9,29.448029599999998,EXT-Q12,owlrl,239.437136
identity_consent,sharded,22.547491,9,24.3443852,EXT-Q13,owlrl,208.146291
identity_consent,sharded,22.67013,9,24.3491596,EXT-Q14,owlrl,207.391993
identity_consent,sharded,45.276001,9,48.354548,EXT-Q15,owlrl,414.440245
identity_consent,sharded,14.579148,9,97.24004039999996,EXT-Q16,owlrl,270.108999
identity_consent,sharded,22.216769,9,26.707011400000003,EXT-Q17,owlrl,212.383715
identity_consent,sharded,24.030148,9,29.860410599999998,EXT-Q18,owlrl,231.432088
identity_consent,sharded,35.892833,9,39.8384338,EXT-Q19,owlrl,333.143931
identity_consent,sharded,12.816942,9,13.4716074,EXT-Q20,owlrl,115.269009
identity_consent,sharded,23.164529,9,25.2262852,EXT-Q21,owlrl,211.570787
security_identity,sharded,88.372444,9,234.64544199999997,EXT-Q22,owlrl,1061.370348
data_lifecycle,sharded,23.194621,9,26.696384799999997,EXT-Q23,owlrl,217.461379
data_lifecycle,sharded,25.025722,9,27.540911,EXT-Q24,owlrl,231.796482
data_lifecycle,sharded,41.982315,9,48.7271962,EXT-Q25,owlrl,382.814498
security_identity,sharded,18.90576,9,20.1097778,EXT-Q26,owlrl,172.527329
security_identity,sharded,35.574537,9,47.3170996,EXT-Q27,owlrl,352.673689
security_identity,sharded,18.935764,9,19.488547999999998,EXT-Q28,owlrl,170.26225499999998
security_identity,sharded,3.233195,3,3.9555952999999997,EXT-Q29,owlrl,10.307436
security_identity,sharded,2.592651,3,3.2802626999999998,EXT-Q30,owlrl,8.357266
data_lifecycle,sharded,17.826504,9,18.755381800000002,EXT-Q31,owlrl,162.905217
data_lifecycle,sharded,10.918555,9,11.4626222,EXT-Q32,owlrl,99.321449
data_lifecycle,sharded,21.787971,9,22.229522199999998,EXT-Q33,owlrl,195.479505
data_lifecycle,sharded,18.487041,9,18.8012628,EXT-Q34,owlrl,166.255011
data_lifecycle,sharded,14.770389,9,16.159070399999997,EXT-Q35,owlrl,135.892872
context_zones,sharded,20.876574,3,21.2022075,EXT-Q36,owlrl,62.944370000000006
context_zones,sharded,59.283908,9,61.5625482,EXT-Q37,owlrl,540.650039
context_zones,sharded,34.893859,9,36.116012,EXT-Q38,owlrl,314.562598
context_zones,sharded,15.558056,3,15.6114053,EXT-Q39,owlrl,46.541778
trust,sharded,28.0335,3,28.9734672,EXT-Q40,owlrl,84.983334
trust,sharded,24.715926,3,24.8119929,EXT-Q41,owlrl,74.19838899999999
trust,sharded,20.229537,3,21.053037,EXT-Q42,owlrl,61.035222000000005
trust,sharded,31.760759,3,31.8628262,EXT-Q43,owlrl,95.385963
trust,sharded,19.571969,9,24.0874444,EXT-Q44,owlrl,187.300867
trust,sharded,45.777557,9,139.18154099999995,EXT-Q45,owlrl,568.144133
decision,sharded,26.664404,9,33.9618886,EXT-Q46,owlrl,259.039561
decision,sharded,28.797555,9,37.951689,EXT-Q47,owlrl,284.738773
decision,sharded,31.284444,9,33.2958074,EXT-Q48,owlrl,285.809893
decision,sharded,26.47474,9,106.04537019999997,EXT-Q49,owlrl,369.817908
decision,sharded,32.725204,9,33.7560406,EXT-Q50,owlrl,295.920196
decision,sharded,23.141844,9,33.048570399999996,EXT-Q51,owlrl,234.661938
decision,sharded,22.025574,9,29.9921894,EXT-Q52,owlrl,219.975989
decision,sharded,47.566019,9,50.6584408,EXT-Q53,owlrl,438.52992
decision,sharded,26.606162,9,29.1922336,EXT-Q54,owlrl,245.05609800000002
decision,sharded,19.488932,9,20.9321074,EXT-Q55,owlrl,176.927851
decision,sharded,48.035537,9,49.42833,EXT-Q56,owlrl,435.97192
decision,sharded,18.853061,9,19.0491036,EXT-Q57,owlrl,169.278571
decision,sharded,29.347426,9,29.825606999999998,EXT-Q58,owlrl,264.453275
adaptation,sharded,37.862288,9,67.2271032,EXT-Q59,owlrl,428.309046
adaptation,sharded,25.348458,9,27.012285199999997,EXT-Q60,owlrl,232.06641
adaptation,sharded,7.94674,9,8.3730808,EXT-Q61,owlrl,71.879768
adaptation,sharded,21.924139,9,22.9759964,EXT-Q62,owlrl,199.351547
delegation,sharded,23.720363,9,24.9873222,EXT-Q63,owlrl,216.631921
delegation,sharded,20.492426,9,22.333122,EXT-Q64,owlrl,187.237852
delegation,sharded,12.702778,9,13.3302254,EXT-Q65,owlrl,115.562343
federation,sharded,23.727752,9,26.0762036,EXT-Q66,owlrl,218.85320099999998
federation,sharded,38.292629,9,39.6573706,EXT-Q67,owlrl,347.891256
federation,sharded,25.075648,9,25.513035,EXT-Q68,owlrl,223.029889
federation,sharded,26.900201,9,29.9631704,EXT-Q69,owlrl,249.557749
audit_temporal,sharded,35.942852,9,111.3177224,EXT-Q70,owlrl,544.633131
audit_temporal,sharded,34.59926,9,43.2244742,EXT-Q71,owlrl,334.183187
audit_temporal,sharded,26.202107,9,30.1495808,EXT-Q72,owlrl,247.314504
audit_temporal,sharded,64.003167,9,97.9149518,EXT-Q73,owlrl,676.933459
audit_temporal,sharded,100.383404,9,227.21377819999995,EXT-Q74,owlrl,1175.9249869999999
validation,sharded,17.602026,3,17.7437544,EXT-Q75,owlrl,52.856981000000005
validation,sharded,5.259248,3,8.2831715,EXT-Q76,owlrl,18.750488
validation,sharded,9.25358,3,9.399092,EXT-Q77,owlrl,27.522712
policy_governance,sharded,12.737448,3,14.9172939,EXT-Q78,owlrl,40.369457
policy_governance,sharded,10.105021,3,12.1064365,EXT-Q79,owlrl,32.396927
validation,sharded,33.126854,3,76.97361199999999,EXT-Q80,owlrl,147.42344
identity_consent,sharded,29.64187,9,113.99909359999995,BASE-Q01,rdfs,404.650044
topology,sharded,21.128148,3,21.5393148,BASE-Q02,rdfs,63.746518
wellbeing,sharded,18.688315,9,19.944111,BASE-Q03,rdfs,171.981643
decision,sharded,21.853,3,22.2889168,BASE-Q04,rdfs,65.978352
wellbeing,sharded,18.570801,9,19.8367812,BASE-Q05,rdfs,169.686994
identity_consent,sharded,3.886592,3,3.9321626,BASE-Q06,rdfs,11.676452999999999
observability,sharded,36.286981,3,159.268498,BASE-Q07,rdfs,244.786129
observability,sharded,37.448537,3,37.6979873,BASE-Q08,rdfs,112.34138899999999
wellbeing,sharded,23.144992,9,25.326863,BASE-Q09,rdfs,212.967789
observability,sharded,28.304092,9,29.6510852,BASE-Q10,rdfs,256.887456
wellbeing,sharded,14.732352,3,14.9835348,BASE-Q11,rdfs,44.285482
adaptation,sharded,14.043907,9,14.6453556,BASE-Q12,rdfs,127.120329
adaptation,sharded,17.854518,9,18.7222152,BASE-Q13,rdfs,161.860938
delegation,sharded,16.86163,3,17.2041133,BASE-Q14,rdfs,50.850352
identity_consent,sharded,11.723259,9,12.1570524,BASE-Q15,rdfs,104.515338
federation,sharded,24.604834,9,26.7081922,BASE-Q16,rdfs,226.677351
context_zones,sharded,16.526981,9,17.6903038,BASE-Q17,rdfs,151.55402899999999
context_zones,sharded,10.256,9,10.8827604,BASE-Q18,rdfs,92.704078
decision,sharded,34.812963,3,141.93009629999997,BASE-Q19,rdfs,222.740722
identity_consent,sharded,24.971698,9,26.326363,BASE-Q20,rdfs,227.786871
decision,sharded,26.522125,9,32.256281200000004,BASE-Q21,rdfs,254.38619
adaptation,sharded,23.684567,9,24.4524926,BASE-Q22,rdfs,214.180442
topology,sharded,21.188167,9,22.049529800000002,BASE-Q23,rdfs,192.016375
federation,sharded,26.62213,9,62.70568179999998,BASE-Q24,rdfs,301.4008
identity_consent,sharded,13.002741,9,13.7937034,BASE-Q25,rdfs,118.72851
observability,sharded,5.932963,3,6.1037794000000005,BASE-Q26,rdfs,17.961277
adaptation,sharded,8.430973,9,8.9238336,BASE-Q27,rdfs,76.681884
identity_consent,sharded,54.11513,9,195.9707742,BASE-Q28,rdfs,734.404124
topology,sharded,14.120723,3,14.5410554,BASE-Q29,rdfs,42.725148000000004
federation,sharded,6.535908,9,7.1088144,BASE-Q30,rdfs,60.228564
identity_consent,sharded,3.85851,3,3.9048203999999997,BASE-Q31,rdfs,11.510797
decision,sharded,16.263203,3,16.6127369,BASE-Q32,rdfs,49.106944
observability,sharded,23.403241,3,26.9979409,BASE-Q33,rdfs,73.686556
topology,sharded,10.785944,3,11.7784442,BASE-Q34,rdfs,33.336129
delegation,sharded,31.602611,9,131.35135079999998,BASE-Q35,rdfs,500.045536
semantic_schema,sharded,6.486996,3,7.7530899,EXT-Q01,rdfs,20.832913
semantic_schema,sharded,4.851631,3,4.888730799999999,EXT-Q02,rdfs,14.534302
policy_governance,sharded,15.802934,3,60.755897299999994,EXT-Q03,rdfs,96.994648
policy_governance,sharded,13.852378,3,13.9762036,EXT-Q04,rdfs,41.532053
semantic_schema,sharded,17.109082,3,17.3194561,EXT-Q05,rdfs,51.263668
semantic_schema,sharded,3.476982,3,35.6293083,EXT-Q06,rdfs,46.107973
policy_governance,sharded,9.018772,3,9.1416553,EXT-Q07,rdfs,27.159471000000003
policy_governance,sharded,55.440589,3,55.686330399999996,EXT-Q08,rdfs,165.833925
policy_governance,sharded,14.022666,3,14.0954409,EXT-Q09,rdfs,42.00112
policy_governance,sharded,38.854922,3,39.4188818,EXT-Q10,rdfs,116.864922
identity_consent,sharded,25.701069,9,28.925226000000002,EXT-Q11,rdfs,237.410726
identity_consent,sharded,26.036236,9,29.5687222,EXT-Q12,rdfs,241.769097
identity_consent,sharded,22.76087,9,24.4312514,EXT-Q13,rdfs,208.085695
identity_consent,sharded,22.638666,9,24.0749484,EXT-Q14,rdfs,207.821604
identity_consent,sharded,45.21202,9,48.2104332,EXT-Q15,rdfs,412.73615
identity_consent,sharded,14.643704,9,15.322115400000001,EXT-Q16,rdfs,133.564908
identity_consent,sharded,22.334297,9,26.761395800000003,EXT-Q17,rdfs,212.817767
identity_consent,sharded,24.071456,9,29.425432999999998,EXT-Q18,rdfs,231.340404
identity_consent,sharded,35.93287,9,39.040980999999995,EXT-Q19,rdfs,332.45865299999997
identity_consent,sharded,12.703426,9,13.4674006,EXT-Q20,rdfs,114.176288
identity_consent,sharded,22.130111,9,23.2617884,EXT-Q21,rdfs,200.796246
security_identity,sharded,120.036111,9,197.8312336,EXT-Q22,rdfs,1340.923797
data_lifecycle,sharded,23.460326,9,27.0292664,EXT-Q23,rdfs,220.352884
data_lifecycle,sharded,25.372241,9,27.2786152,EXT-Q24,rdfs,231.566963
data_lifecycle,sharded,40.193315,9,131.30430339999992,EXT-Q25,rdfs,516.904317
security_identity,sharded,19.339413,9,20.3778366,EXT-Q26,rdfs,174.604421
security_identity,sharded,35.76073,9,137.02909619999994,EXT-Q27,rdfs,507.789375
security_identity,sharded,19.031297,9,19.9072556,EXT-Q28,rdfs,171.133683
security_identity,sharded,3.241536,3,3.7713362999999998,EXT-Q29,rdfs,10.135135
security_identity,sharded,2.598272,3,2.6766943999999997,EXT-Q30,rdfs,7.808317
data_lifecycle,sharded,18.200852,9,18.7851558,EXT-Q31,rdfs,163.505844
data_lifecycle,sharded,11.089791,9,12.1157188,EXT-Q32,rdfs,101.356374
data_lifecycle,sharded,21.789231,9,22.0788446,EXT-Q33,rdfs,195.836933
data_lifecycle,sharded,18.481667,9,103.39709459999995,EXT-Q34,rdfs,307.008681
data_lifecycle,sharded,14.825426,9,16.0904296,EXT-Q35,rdfs,136.001778
context_zones,sharded,20.670963,3,20.8628295,EXT-Q36,rdfs,62.182795999999996
context_zones,sharded,59.350519,9,61.4851854,EXT-Q37,rdfs,538.5794989999999
context_zones,sharded,34.925371,9,35.2257218,EXT-Q38,rdfs,313.278815
context_zones,sharded,15.692296,3,15.7040797,EXT-Q39,rdfs,46.522722
trust,sharded,28.286019,3,28.594801800000003,EXT-Q40,rdfs,84.985964
trust,sharded,24.706833,3,25.1816829,EXT-Q41,rdfs,74.51637
trust,sharded,20.289241,3,20.3216581,EXT-Q42,rdfs,60.248056000000005
trust,sharded,31.435111,3,32.0245948,EXT-Q43,rdfs,94.799037
trust,sharded,19.613321,9,28.6297148,EXT-Q44,rdfs,201.943869
trust,sharded,45.58737,9,46.4453404,EXT-Q45,rdfs,411.314132
decision,sharded,26.743982,9,38.5302218,EXT-Q46,rdfs,276.361565
decision,sharded,29.033333,9,37.944789,EXT-Q47,rdfs,287.009366
decision,sharded,31.14678,9,34.11127,EXT-Q48,rdfs,288.042932
decision,sharded,25.276125,9,28.3264404,EXT-Q49,rdfs,234.758558
decision,sharded,32.821371,9,33.9132184,EXT-Q50,rdfs,296.988844
decision,sharded,23.262445,9,31.6163114,EXT-Q51,rdfs,233.038217
decision,sharded,22.222547,9,29.8998932,EXT-Q52,rdfs,220.27650699999998
decision,sharded,47.769852,9,50.634892,EXT-Q53,rdfs,437.870179
decision,sharded,26.336755,9,29.574374,EXT-Q54,rdfs,245.346765
decision,sharded,19.379555,9,21.7417744,EXT-Q55,rdfs,178.624664
decision,sharded,48.275166,9,49.4771442,EXT-Q56,rdfs,435.898864
decision,sharded,18.472981,9,19.838793,EXT-Q57,rdfs,169.119345
decision,sharded,29.395111,9,30.7301152,EXT-Q58,rdfs,266.420592
adaptation,sharded,37.892611,9,67.4816372,EXT-Q59,rdfs,428.497327
adaptation,sharded,25.575203,9,27.0626258,EXT-Q60,rdfs,234.217152
adaptation,sharded,7.936685,9,8.357774,EXT-Q61,rdfs,71.74175
adaptation,sharded,21.982861,9,23.0684444,EXT-Q62,rdfs,199.361785
delegation,sharded,23.950297,9,24.863396,EXT-Q63,rdfs,216.37968
delegation,sharded,20.404519,9,21.6261708,EXT-Q64,rdfs,185.793837
delegation,sharded,12.815349,9,12.9229364,EXT-Q65,rdfs,114.880897
federation,sharded,23.731407,9,25.956904,EXT-Q66,rdfs,219.180108
federation,sharded,38.390863,9,39.669229800000004,EXT-Q67,rdfs,349.069924
federation,sharded,24.512667,9,25.5535524,EXT-Q68,rdfs,221.774905
federation,sharded,26.863333,9,28.4713408,EXT-Q69,rdfs,244.385581
audit_temporal,sharded,36.318241,9,111.1024444,EXT-Q70,rdfs,544.99211
audit_temporal,sharded,34.446062,9,42.1359038,EXT-Q71,rdfs,333.526871
audit_temporal,sharded,29.029296,9,132.89007039999993,EXT-Q72,rdfs,424.515951
audit_temporal,sharded,53.515012,9,78.3221112,EXT-Q73,rdfs,553.674314
audit_temporal,sharded,85.046685,9,120.37161859999999,EXT-Q74,rdfs,864.319168
validation,sharded,17.605248,3,17.7879705,EXT-Q75,rdfs,52.557201
validation,sharded,4.802562,3,4.8966840000000005,EXT-Q76,rdfs,14.428342
validation,sharded,8.878615,3,8.909432800000001,EXT-Q77,rdfs,26.580568
policy_governance,sharded,13.411539,3,61.53452189999999,EXT-Q78,rdfs,93.169501
policy_governance,sharded,10.149124,3,10.2437509,EXT-Q79,rdfs,30.44104
validation,sharded,46.88952,3,52.1012787,EXT-Q80,rdfs,145.04938099999998
identity_consent,sharded,29.256778,9,31.733140799999997,BASE-Q01,rdfs_owlrl,267.907999
topology,sharded,22.330037,3,22.4552702,BASE-Q02,rdfs_owlrl,67.016
wellbeing,sharded,19.945592,9,21.2780816,BASE-Q03,rdfs_owlrl,181.40935100000002
decision,sharded,21.618204,3,21.9483537,BASE-Q04,rdfs_owlrl,65.15492599999999
wellbeing,sharded,19.962963,9,21.7857292,BASE-Q05,rdfs_owlrl,177.011419
identity_consent,sharded,5.095616,3,7.3432075999999995,BASE-Q06,rdfs_owlrl,17.618275
observability,sharded,34.517981,3,34.9260644,BASE-Q07,rdfs_owlrl,103.645925
observability,sharded,37.34724,3,155.92180799999997,BASE-Q08,rdfs_owlrl,243.328352
wellbeing,sharded,23.047852,9,25.2217522,BASE-Q09,rdfs_owlrl,213.652661
observability,sharded,28.566926,9,38.2869402,BASE-Q10,rdfs_owlrl,273.992142
wellbeing,sharded,14.362944,3,14.373645,BASE-Q11,rdfs_owlrl,43.034315
adaptation,sharded,14.478537,9,15.556652,BASE-Q12,rdfs_owlrl,130.182353
adaptation,sharded,17.567892,9,18.8863406,BASE-Q13,rdfs_owlrl,161.157397
delegation,sharded,16.833926,3,16.8450761,BASE-Q14,rdfs_owlrl,50.49581500000001
identity_consent,sharded,11.873663,9,13.5682558,BASE-Q15,rdfs_owlrl,108.65571299999999
federation,sharded,24.634111,9,26.5518856,BASE-Q16,rdfs_owlrl,225.983868
context_zones,sharded,16.945315,9,17.2386436,BASE-Q17,rdfs_owlrl,152.594454
context_zones,sharded,10.320926,9,111.26449259999994,BASE-Q18,rdfs_owlrl,260.519946
decision,sharded,34.659351,3,42.276168899999995,BASE-Q19,rdfs_owlrl,111.714648
identity_consent,sharded,24.667463,9,26.446752,BASE-Q20,rdfs_owlrl,226.019296
decision,sharded,26.453352,9,31.6227886,BASE-Q21,rdfs_owlrl,253.727653
adaptation,sharded,23.839993,9,25.0920522,BASE-Q22,rdfs_owlrl,216.344186
topology,sharded,21.347223,9,22.108,BASE-Q23,rdfs_owlrl,191.676007
federation,sharded,25.81837,9,29.891915,BASE-Q24,rdfs_owlrl,242.840372
identity_consent,sharded,13.623389,9,13.7724336,BASE-Q25,rdfs_owlrl,121.40829
observability,sharded,5.7825,3,5.7902166,BASE-Q26,rdfs_owlrl,17.344481000000002
adaptation,sharded,8.410463,9,8.7709326,BASE-Q27,rdfs_owlrl,76.21221800000001
identity_consent,sharded,44.234037,9,66.2874484,BASE-Q28,rdfs_owlrl,457.724607
topology,sharded,14.076371,3,14.528387,BASE-Q29,rdfs_owlrl,42.725852
federation,sharded,6.638656,9,7.4447111999999995,BASE-Q30,rdfs_owlrl,60.834322
identity_consent,sharded,3.966827,3,4.4971106,BASE-Q31,rdfs_owlrl,12.462433
decision,sharded,16.57776,3,20.0950752,BASE-Q32,rdfs_owlrl,53.302148
observability,sharded,23.608833,3,23.752383899999998,BASE-Q33,rdfs_owlrl,70.88163
topology,sharded,10.868592,3,134.97935879999997,BASE-Q34,rdfs_owlrl,170.459554
delegation,sharded,30.418352,9,63.1078852,BASE-Q35,rdfs_owlrl,366.22468299999997
semantic_schema,sharded,6.55677,3,9.2415537,EXT-Q01,rdfs_owlrl,22.611755000000002
semantic_schema,sharded,4.883285,3,4.9637702,EXT-Q02,rdfs_owlrl,14.719263999999999
policy_governance,sharded,15.530062,3,15.5666452,EXT-Q03,rdfs_owlrl,46.140845999999996
policy_governance,sharded,17.539781,3,23.8356203,EXT-Q04,rdfs_owlrl,55.836155
semantic_schema,sharded,19.700282,3,20.398646,EXT-Q05,rdfs_owlrl,57.235637
semantic_schema,sharded,3.514725,3,18.2346759,EXT-Q06,rdfs_owlrl,26.766049
policy_governance,sharded,9.256114,3,9.312683499999999,EXT-Q07,rdfs_owlrl,27.49552
policy_governance,sharded,55.295136,3,55.527803999999996,EXT-Q08,rdfs_owlrl,165.125806
policy_governance,sharded,17.291394,3,39.0971133,EXT-Q09,rdfs_owlrl,76.09020699999999
policy_governance,sharded,46.173806,3,51.363231199999994,EXT-Q10,rdfs_owlrl,137.626621
identity_consent,sharded,28.419944,9,30.110207199999998,EXT-Q11,rdfs_owlrl,247.69691
identity_consent,sharded,25.718958,9,29.693274,EXT-Q12,rdfs_owlrl,240.980614
identity_consent,sharded,22.355445,9,24.0424742,EXT-Q13,rdfs_owlrl,207.222455
identity_consent,sharded,23.316741,9,31.330149399999996,EXT-Q14,rdfs_owlrl,222.000324
identity_consent,sharded,45.041556,9,48.5267448,EXT-Q15,rdfs_owlrl,413.145113
identity_consent,sharded,15.24687,9,17.128185199999997,EXT-Q16,rdfs_owlrl,138.479353
identity_consent,sharded,22.03563,9,26.6495366,EXT-Q17,rdfs_owlrl,211.768508
identity_consent,sharded,23.861297,9,29.0406148,EXT-Q18,rdfs_owlrl,229.810756
identity_consent,sharded,35.889444,9,39.2738442,EXT-Q19,rdfs_owlrl,333.032225
identity_consent,sharded,12.812481,9,13.6444852,EXT-Q20,rdfs_owlrl,115.154786
identity_consent,sharded,23.892129,9,26.917567,EXT-Q21,rdfs_owlrl,223.196698
security_identity,sharded,327.735873,9,369.454478,EXT-Q22,rdfs_owlrl,2876.599268
data_lifecycle,sharded,23.736259,9,26.3947144,EXT-Q23,rdfs_owlrl,221.561218
data_lifecycle,sharded,24.873623,9,27.1683412,EXT-Q24,rdfs_owlrl,229.515093
data_lifecycle,sharded,39.968328,9,43.5257002,EXT-Q25,rdfs_owlrl,369.257297
security_identity,sharded,19.205315,9,20.2392224,EXT-Q26,rdfs_owlrl,173.588144
security_identity,sharded,36.464064,9,48.9131262,EXT-Q27,rdfs_owlrl,361.693616
security_identity,sharded,18.945889,9,19.5890962,EXT-Q28,rdfs_owlrl,171.198184
security_identity,sharded,3.237882,3,3.8198076000000003,EXT-Q29,rdfs_owlrl,10.249035
security_identity,sharded,2.551219,3,2.5571266,EXT-Q30,rdfs_owlrl,7.526963
data_lifecycle,sharded,18.255296,9,19.0006402,EXT-Q31,rdfs_owlrl,164.177102
data_lifecycle,sharded,11.023889,9,11.6594728,EXT-Q32,rdfs_owlrl,100.84845
data_lifecycle,sharded,22.593296,9,168.240589,EXT-Q33,rdfs_owlrl,496.90020999999996
data_lifecycle,sharded,18.615561,9,19.166604,EXT-Q34,rdfs_owlrl,167.581366
data_lifecycle,sharded,14.563389,9,16.2111926,EXT-Q35,rdfs_owlrl,136.010017
context_zones,sharded,21.236926,3,21.310892499999998,EXT-Q36,rdfs_owlrl,63.483963
context_zones,sharded,59.466389,9,63.725608,EXT-Q37,rdfs_owlrl,544.411506
context_zones,sharded,34.86321,9,35.1121004,EXT-Q38,rdfs_owlrl,312.868537
context_zones,sharded,15.229296,3,15.2739126,EXT-Q39,rdfs_owlrl,45.572332
trust,sharded,28.374481,3,28.3823146,EXT-Q40,rdfs_owlrl,84.732611
trust,sharded,24.727518,3,31.313151899999998,EXT-Q41,rdfs_owlrl,81.424888
trust,sharded,19.996018,3,144.63148569999998,EXT-Q42,rdfs_owlrl,198.276667
trust,sharded,31.340889,3,31.6802061,EXT-Q43,rdfs_owlrl,94.188501
trust,sharded,19.85887,9,24.0704444,EXT-Q44,rdfs_owlrl,191.408793
trust,sharded,45.895613,9,46.321796,EXT-Q45,rdfs_owlrl,412.020912
decision,sharded,26.817426,9,32.8640002,EXT-Q46,rdfs_owlrl,258.331822
decision,sharded,28.716092,9,39.5455926,EXT-Q47,rdfs_owlrl,287.897904
decision,sharded,30.684963,9,33.3686884,EXT-Q48,rdfs_owlrl,282.850021
decision,sharded,24.993667,9,28.501185200000002,EXT-Q49,rdfs_owlrl,237.325556
decision,sharded,32.997963,9,33.0685628,EXT-Q50,rdfs_owlrl,296.07054700000003
decision,sharded,24.33116,9,31.5557886,EXT-Q51,rdfs_owlrl,237.738089
decision,sharded,21.996314,9,29.7780668,EXT-Q52,rdfs_owlrl,219.95569
decision,sharded,47.726982,9,50.8202896,EXT-Q53,rdfs_owlrl,437.787384
decision,sharded,26.554256,9,29.1796446,EXT-Q54,rdfs_owlrl,245.662101
decision,sharded,19.8575,9,21.1163114,EXT-Q55,rdfs_owlrl,180.985186
decision,sharded,48.40187,9,51.270984399999996,EXT-Q56,rdfs_owlrl,442.220145
decision,sharded,18.689037,9,19.2021686,EXT-Q57,rdfs_owlrl,168.921774
decision,sharded,29.49487,9,30.795811,EXT-Q58,rdfs_owlrl,266.252791
adaptation,sharded,40.553926,9,73.5435332,EXT-Q59,rdfs_owlrl,458.640606
adaptation,sharded,25.657741,9,26.5907298,EXT-Q60,rdfs_owlrl,233.31414999999998
adaptation,sharded,8.149685,9,8.2483118,EXT-Q61,rdfs_owlrl,72.592808
adaptation,sharded,22.119851,9,23.123344200000002,EXT-Q62,rdfs_owlrl,199.597172
delegation,sharded,23.909481,9,24.6435484,EXT-Q63,rdfs_owlrl,216.420477
delegation,sharded,20.414211,9,23.879533199999997,EXT-Q64,rdfs_owlrl,191.158112
delegation,sharded,12.764741,9,12.90951,EXT-Q65,rdfs_owlrl,114.912215
federation,sharded,23.767074,9,25.9439818,EXT-Q66,rdfs_owlrl,219.262051
federation,sharded,38.242481,9,39.3774226,EXT-Q67,rdfs_owlrl,346.796475
federation,sharded,24.537352,9,25.584006799999997,EXT-Q68,rdfs_owlrl,222.636887
federation,sharded,27.018407,9,30.9435812,EXT-Q69,rdfs_owlrl,253.658377
audit_temporal,sharded,36.280852,9,110.7167966,EXT-Q70,rdfs_owlrl,545.77354
audit_temporal,sharded,34.723611,9,41.9110666,EXT-Q71,rdfs_owlrl,332.554797
audit_temporal,sharded,26.344462,9,65.49468959999999,EXT-Q72,rdfs_owlrl,307.985564
audit_temporal,sharded,64.289407,9,98.9739814,EXT-Q73,rdfs_owlrl,678.239811
audit_temporal,sharded,101.097703,9,147.9896516,EXT-Q74,rdfs_owlrl,1046.623358
validation,sharded,17.700398,3,17.8030331,EXT-Q75,rdfs_owlrl,52.860243
validation,sharded,7.18578,3,8.0219178,EXT-Q76,rdfs_owlrl,20.367235
validation,sharded,8.97686,3,14.9789177,EXT-Q77,rdfs_owlrl,33.548968
policy_governance,sharded,12.896385,3,15.3275802,EXT-Q78,rdfs_owlrl,41.02162
policy_governance,sharded,9.934264,3,9.9594424,EXT-Q79,rdfs_owlrl,29.780082
validation,sharded,32.932273,3,32.9811628,EXT-Q80,rdfs_owlrl,98.078243
