reasoner,repetition,stage,added_category,status,censored,node_count,query_count,source_query_executions,federation_fanout_factor,prepare_wall_ms,node_generation_ms_sum,node_reasoning_ms_sum,max_node_reasoning_ms,query_wall_ms,prepare_transport_retry_count,query_transport_retry_count,node_query_batch_count_sum,max_node_query_batch_count,node_query_ms_sum,node_prepare_process_cpu_ms_sum,node_query_process_cpu_ms_sum,total_process_cpu_ms,max_node_prepare_peak_rss_kib,max_node_query_peak_rss_kib,max_node_peak_rss_kib,sum_node_prepare_current_rss_kib,sum_node_query_current_rss_kib,max_sum_node_current_rss_kib,prepare_request_bytes_sum,prepare_response_bytes_sum,query_request_bytes_sum,query_response_bytes_sum,total_wall_ms,logical_input_triples,aggregate_fragment_triples,aggregate_output_triples,aggregate_inferred_triples,max_fragment_triples,max_fragment_fraction,storage_replication_factor
rdfs,1,1,topology,completed,False,5,4,6,1.5,2367.158462,2252.1174419999998,6079.642084,1691.424092,60.962744,0,0,4,1,111.015105,8950.054729,111.776074,9061.830803,255756,76368,255756,455404,246216,455404,500,3377,372,4409,2428.121206,7966,33330,52247,18917,7204,0.9043434597037409,4.184032136580467
rdfs,1,2,semantic_schema,completed,False,5,8,10,1.25,2367.158462,2252.1174419999998,6079.642084,1691.424092,238.405734,0,0,5,1,349.27839,8950.054729,350.054123,9300.108852,255756,255756,255756,455404,453100,455404,500,3377,491,10641,2605.564196,7966,33330,52247,18917,7204,0.9043434597037409,4.184032136580467
rdfs,1,3,observability,completed,False,5,13,17,1.3076923076923077,2367.158462,2252.1174419999998,6079.642084,1691.424092,170.88185099999998,0,0,6,2,331.639527,8950.054729,332.835671,9282.8904,255756,255756,255756,455404,453100,455404,500,3377,650,15406,2538.040313,7966,33330,52247,18917,7204,0.9043434597037409,4.184032136580467
rdfs,1,4,identity_consent,completed,False,5,31,67,2.161290322580645,2367.158462,2252.1174419999998,6079.642084,1691.424092,638.175974,0,0,19,5,1503.38579,8950.054729,1506.979605,10457.034334,255756,255756,255756,455404,453100,455404,500,3377,2192,50296,3005.334436,7966,33330,52247,18917,7204,0.9043434597037409,4.184032136580467
rdfs,1,5,data_lifecycle,completed,False,5,39,91,2.3333333333333335,2367.158462,2252.1174419999998,6079.642084,1691.424092,830.6095560000001,0,0,25,7,2031.5428650000001,8950.054729,2036.3739580000001,10986.428687,255756,255756,255756,455404,450076,455404,500,3377,2906,60232,3197.7680179999998,7966,33330,52247,18917,7204,0.9043434597037409,4.184032136580467
rdfs,1,6,security_identity,completed,False,5,45,105,2.3333333333333335,2367.158462,2252.1174419999998,6079.642084,1691.424092,1344.294772,0,0,28,8,2827.990619,8950.054729,2832.866476,11782.921205,255756,255756,255756,455404,448140,455404,500,3377,3285,65706,3711.4532339999996,7966,33330,52247,18917,7204,0.9043434597037409,4.184032136580467
rdfs,1,7,context_zones,completed,False,5,51,119,2.3333333333333335,2367.158462,2252.1174419999998,6079.642084,1691.424092,1488.7893450000001,0,0,31,9,3099.79198,8950.054729,3106.311691,12056.36642,255756,255756,255756,455404,446084,455404,500,3377,3670,71685,3855.947807,7966,33330,52247,18917,7204,0.9043434597037409,4.184032136580467
rdfs,1,8,trust,completed,False,5,57,129,2.263157894736842,2367.158462,2252.1174419999998,6079.642084,1691.424092,1628.6293710000002,0,0,34,10,3472.347789,8950.054729,3476.3092229999997,12426.363952,255756,255756,255756,455404,446084,455404,500,3377,4005,78883,3995.7878330000003,7966,33330,52247,18917,7204,0.9043434597037409,4.184032136580467
rdfs,1,9,decision,completed,False,5,74,174,2.3513513513513513,2367.158462,2252.1174419999998,6079.642084,1691.424092,2129.212577,0,0,45,14,4829.092557,8950.054729,4835.269982,13785.324711,255756,255756,255756,455404,446084,455404,500,3377,5331,112133,4496.371039,7966,33330,52247,18917,7204,0.9043434597037409,4.184032136580467
rdfs,1,10,policy_governance,completed,False,5,82,182,2.2195121951219514,2367.158462,2252.1174419999998,6079.642084,1691.424092,2170.588226,0,0,47,14,5035.027903,8950.054729,5045.086687999999,13995.141417,255756,255756,255756,455404,446084,455404,500,3377,5569,229917,4537.746687999999,7966,33330,52247,18917,7204,0.9043434597037409,4.184032136580467
rdfs,1,11,adaptation,completed,False,5,90,206,2.2888888888888888,2367.158462,2252.1174419999998,6079.642084,1691.424092,3602.635811,0,0,53,16,5627.438603,8950.054729,5637.503505,14587.558234,255756,255756,255756,455404,446084,455404,500,3377,6295,243155,5969.7942729999995,7966,33330,52247,18917,7204,0.9043434597037409,4.184032136580467
rdfs,1,12,delegation,completed,False,5,95,219,2.305263157894737,2367.158462,2252.1174419999998,6079.642084,1691.424092,2719.3427250000004,0,0,57,17,5863.08694,8950.054729,5875.011977,14825.066706,255756,255756,255756,455404,445076,455404,500,3377,6742,260962,5086.501187,7966,33330,52247,18917,7204,0.9043434597037409,4.184032136580467
rdfs,1,13,federation,completed,False,5,102,240,2.3529411764705883,2367.158462,2252.1174419999998,6079.642084,1691.424092,3963.240304,0,0,61,18,6344.838237,8950.054729,6358.604713000001,15308.659442,255756,255756,255756,455404,445076,455404,500,3377,7282,269215,6330.398766,7966,33330,52247,18917,7204,0.9043434597037409,4.184032136580467
rdfs,1,14,audit_temporal,completed,False,5,107,255,2.383177570093458,2367.158462,2252.1174419999998,6079.642084,1691.424092,3347.3419990000007,0,0,66,20,7159.128098,8950.054729,7173.861388,16123.916117,255756,255756,255756,455404,445076,455404,500,3377,7822,307204,5714.5004610000005,7966,33330,52247,18917,7204,0.9043434597037409,4.184032136580467
rdfs,1,15,validation,completed,False,5,111,259,2.3333333333333335,2367.158462,2252.1174419999998,6079.642084,1691.424092,4312.950257,0,0,67,20,7282.119106,8950.054729,7296.991091,16247.04582,255756,255756,255756,455404,442052,455404,500,3377,7941,317887,6680.108719,7966,33330,52247,18917,7204,0.9043434597037409,4.184032136580467
rdfs,1,16,wellbeing,completed,False,5,115,269,2.3391304347826085,2367.158462,2252.1174419999998,6079.642084,1691.424092,4039.2264210000003,0,0,69,21,7541.515517,8950.054729,7555.613686000001,16505.668415,255756,255756,255756,455404,441148,455404,500,3377,8211,323240,6406.384883000001,7966,33330,52247,18917,7204,0.9043434597037409,4.184032136580467
rdfs,2,1,topology,completed,False,5,4,6,1.5,2261.126037,2252.603194,6032.886057,1573.619592,59.644364,0,0,4,1,109.75282100000001,8810.995181999999,110.51081400000001,8921.505996,255756,76368,255756,442264,240132,442264,500,3377,372,4419,2320.770401,7966,33330,52247,18917,7204,0.9043434597037409,4.184032136580467
rdfs,2,2,semantic_schema,completed,False,5,8,10,1.25,2261.126037,2252.603194,6032.886057,1573.619592,223.416209,0,0,5,1,308.951923,8810.995181999999,309.777034,9120.772216,255756,255756,255756,442264,442264,442264,500,3377,491,10630,2484.542246,7966,33330,52247,18917,7204,0.9043434597037409,4.184032136580467
rdfs,2,3,observability,completed,False,5,13,17,1.3076923076923077,2261.126037,2252.603194,6032.886057,1573.619592,172.02043,0,0,6,2,332.54503800000003,8810.995181999999,333.690554,9144.685736,255756,255756,255756,442264,442264,442264,500,3377,650,15428,2433.146467,7966,33330,52247,18917,7204,0.9043434597037409,4.184032136580467
rdfs,2,4,identity_consent,completed,False,5,31,67,2.161290322580645,2261.126037,2252.603194,6032.886057,1573.619592,784.813087,0,0,19,5,1749.649935,8810.995181999999,1751.881297,10562.876479,255756,255756,255756,442264,441224,442264,500,3377,2192,50318,3045.939124,7966,33330,52247,18917,7204,0.9043434597037409,4.184032136580467
rdfs,2,5,data_lifecycle,completed,False,5,39,91,2.3333333333333335,2261.126037,2252.603194,6032.886057,1573.619592,834.8639069999999,0,0,25,7,1990.022861,8810.995181999999,1995.066678,10806.06186,255756,255756,255756,442264,441224,442264,500,3377,2906,60264,3095.989944,7966,33330,52247,18917,7204,0.9043434597037409,4.184032136580467
rdfs,2,6,security_identity,completed,False,5,45,105,2.3333333333333335,2261.126037,2252.603194,6032.886057,1573.619592,1300.5821349999997,0,0,28,8,2691.288685,8810.995181999999,2697.253871,11508.249053,255756,255756,255756,442264,441224,442264,500,3377,3285,65714,3561.7081719999996,7966,33330,52247,18917,7204,0.9043434597037409,4.184032136580467
rdfs,2,7,context_zones,completed,False,5,51,119,2.3333333333333335,2261.126037,2252.603194,6032.886057,1573.619592,5099.72173,0,0,31,9,3272.078513,8810.995181999999,3278.734041,12089.729223,255756,255756,255756,442264,441224,442264,500,3377,3670,71684,7360.847767,7966,33330,52247,18917,7204,0.9043434597037409,4.184032136580467
rdfs,2,8,trust,completed,False,5,57,129,2.263157894736842,2261.126037,2252.603194,6032.886057,1573.619592,1871.4368389999997,0,0,34,10,3521.854776,8810.995181999999,3529.095457,12340.090639,255756,255756,255756,442264,441224,442264,500,3377,4005,78785,4132.562876,7966,33330,52247,18917,7204,0.9043434597037409,4.184032136580467
rdfs,2,9,decision,completed,False,5,74,174,2.3513513513513513,2261.126037,2252.603194,6032.886057,1573.619592,2197.4731020000004,0,0,45,14,4899.67044,8810.995181999999,4908.288833,13719.284015,255756,255756,255756,442264,441224,442264,500,3377,5331,112176,4458.599139,7966,33330,52247,18917,7204,0.9043434597037409,4.184032136580467
rdfs,2,10,policy_governance,completed,False,5,82,182,2.2195121951219514,2261.126037,2252.603194,6032.886057,1573.619592,2161.9377569999997,0,0,47,14,5081.05065,8810.995181999999,5091.6090779999995,13902.60426,255756,255756,255756,442264,440216,442264,500,3377,5569,229972,4423.063794,7966,33330,52247,18917,7204,0.9043434597037409,4.184032136580467
rdfs,2,11,adaptation,completed,False,5,90,206,2.2888888888888888,2261.126037,2252.603194,6032.886057,1573.619592,3868.354576,0,0,53,16,5569.261142,8810.995181999999,5580.911146,14391.906328,255756,255756,255756,442264,437944,442264,500,3377,6295,243174,6129.480613,7966,33330,52247,18917,7204,0.9043434597037409,4.184032136580467
rdfs,2,12,delegation,completed,False,5,95,219,2.305263157894737,2261.126037,2252.603194,6032.886057,1573.619592,3509.0875770000002,0,0,57,17,5866.342819,8810.995181999999,5871.0576710000005,14682.052853,255756,255756,255756,442264,437944,442264,500,3377,6742,260985,5770.213614,7966,33330,52247,18917,7204,0.9043434597037409,4.184032136580467
rdfs,2,13,federation,completed,False,5,102,240,2.3529411764705883,2261.126037,2252.603194,6032.886057,1573.619592,2934.014464,0,0,61,18,6446.422945,8810.995181999999,6458.591512,15269.586694,255756,255756,255756,442264,437944,442264,500,3377,7282,269207,5195.140501,7966,33330,52247,18917,7204,0.9043434597037409,4.184032136580467
rdfs,2,14,audit_temporal,completed,False,5,107,255,2.383177570093458,2261.126037,2252.603194,6032.886057,1573.619592,3258.3557109999992,0,0,66,20,7118.816475,8810.995181999999,7133.604339,15944.599521,255756,255756,255756,442264,437944,442264,500,3377,7822,307236,5519.481747999999,7966,33330,52247,18917,7204,0.9043434597037409,4.184032136580467
rdfs,2,15,validation,completed,False,5,111,259,2.3333333333333335,2261.126037,2252.603194,6032.886057,1573.619592,3276.114627,0,0,67,20,7227.966678000001,8810.995181999999,7243.683437,16054.678619,255756,255756,255756,442264,437944,442264,500,3377,7941,317887,5537.240664,7966,33330,52247,18917,7204,0.9043434597037409,4.184032136580467
rdfs,2,16,wellbeing,completed,False,5,115,269,2.3391304347826085,2261.126037,2252.603194,6032.886057,1573.619592,3853.6285730000004,0,0,69,21,7434.969050000001,8810.995181999999,7450.354993,16261.350175,255756,255756,255756,442264,437944,442264,500,3377,8211,323238,6114.75461,7966,33330,52247,18917,7204,0.9043434597037409,4.184032136580467
rdfs,3,1,topology,completed,False,5,4,6,1.5,2338.681019,2232.892493,6155.143588,1585.808276,244.552844,0,0,4,1,285.589319,8916.610227,275.380295,9191.990522,255756,76368,255756,433340,238012,433340,500,3380,372,4423,2583.233863,7966,33330,52247,18917,7204,0.9043434597037409,4.184032136580467
rdfs,3,2,semantic_schema,completed,False,5,8,10,1.25,2338.681019,2232.892493,6155.143588,1585.808276,60.779254,0,0,5,1,146.59355,8916.610227,147.479698,9064.089925,255756,255756,255756,433340,432388,433340,500,3380,491,10627,2399.460273,7966,33330,52247,18917,7204,0.9043434597037409,4.184032136580467
rdfs,3,3,observability,completed,False,5,13,17,1.3076923076923077,2338.681019,2232.892493,6155.143588,1585.808276,184.908461,0,0,6,2,318.914533,8916.610227,320.200399,9236.810626,255756,255756,255756,433340,432388,433340,500,3380,650,15420,2523.58948,7966,33330,52247,18917,7204,0.9043434597037409,4.184032136580467
rdfs,3,4,identity_consent,completed,False,5,31,67,2.161290322580645,2338.681019,2232.892493,6155.143588,1585.808276,647.331708,0,0,19,5,1504.035861,8916.610227,1507.720411,10424.330638,255756,255756,255756,433340,432388,433340,500,3380,2192,50287,2986.0127270000003,7966,33330,52247,18917,7204,0.9043434597037409,4.184032136580467
rdfs,3,5,data_lifecycle,completed,False,5,39,91,2.3333333333333335,2338.681019,2232.892493,6155.143588,1585.808276,832.6960690000001,0,0,25,7,2026.3616550000002,8916.610227,2031.424745,10948.034972,255756,255756,255756,433340,432388,433340,500,3380,2906,60251,3171.377088,7966,33330,52247,18917,7204,0.9043434597037409,4.184032136580467
rdfs,3,6,security_identity,completed,False,5,45,105,2.3333333333333335,2338.681019,2232.892493,6155.143588,1585.808276,1331.766527,0,0,28,8,2752.742072,8916.610227,2758.844318,11675.454545,255756,255756,255756,433340,432388,433340,500,3380,3285,65679,3670.4475460000003,7966,33330,52247,18917,7204,0.9043434597037409,4.184032136580467
rdfs,3,7,context_zones,completed,False,5,51,119,2.3333333333333335,2338.681019,2232.892493,6155.143588,1585.808276,1470.205843,0,0,31,9,3155.843939,8916.610227,3162.92025,12079.530477,255756,255756,255756,433340,432388,433340,500,3380,3670,71634,3808.8868620000003,7966,33330,52247,18917,7204,0.9043434597037409,4.184032136580467
rdfs,3,8,trust,completed,False,5,57,129,2.263157894736842,2338.681019,2232.892493,6155.143588,1585.808276,1628.5424909999997,0,0,34,10,3531.8065349999997,8916.610227,3539.785035,12456.395262,255756,255756,255756,433340,432388,433340,500,3380,4005,78821,3967.22351,7966,33330,52247,18917,7204,0.9043434597037409,4.184032136580467
rdfs,3,9,decision,completed,False,5,74,174,2.3513513513513513,2338.681019,2232.892493,6155.143588,1585.808276,2190.5489240000006,0,0,45,14,4897.498713,8916.610227,4907.083065,13823.693292,255756,255756,255756,433340,432388,433340,500,3380,5331,112184,4529.229943,7966,33330,52247,18917,7204,0.9043434597037409,4.184032136580467
rdfs,3,10,policy_governance,completed,False,5,82,182,2.2195121951219514,2338.681019,2232.892493,6155.143588,1585.808276,2133.3730239999995,0,0,47,14,5015.509667,8916.610227,5024.631211,13941.241438,255756,255756,255756,433340,432388,433340,500,3380,5569,230027,4472.054043,7966,33330,52247,18917,7204,0.9043434597037409,4.184032136580467
rdfs,3,11,adaptation,completed,False,5,90,206,2.2888888888888888,2338.681019,2232.892493,6155.143588,1585.808276,3767.239113,0,0,53,16,5572.1717069999995,8916.610227,5582.12496,14498.735187,255756,255756,255756,433340,432388,433340,500,3380,6295,243173,6105.920132,7966,33330,52247,18917,7204,0.9043434597037409,4.184032136580467
rdfs,3,12,delegation,completed,False,5,95,219,2.305263157894737,2338.681019,2232.892493,6155.143588,1585.808276,2704.4063549999996,0,0,57,17,5963.446579,8916.610227,5976.781898,14893.392125,255756,255756,255756,433340,432388,433340,500,3380,6742,260985,5043.087374,7966,33330,52247,18917,7204,0.9043434597037409,4.184032136580467
rdfs,3,13,federation,completed,False,5,102,240,2.3529411764705883,2338.681019,2232.892493,6155.143588,1585.808276,2984.356681,0,0,61,18,6400.713399,8916.610227,6414.195529,15330.805756,255756,255756,255756,433340,432388,433340,500,3380,7282,269204,5323.037700000001,7966,33330,52247,18917,7204,0.9043434597037409,4.184032136580467
rdfs,3,14,audit_temporal,completed,False,5,107,255,2.383177570093458,2338.681019,2232.892493,6155.143588,1585.808276,3111.0145829999997,0,0,66,20,7141.404653,8916.610227,7157.727294,16074.337521,255756,255756,255756,433340,432236,433340,500,3380,7822,307239,5449.695602,7966,33330,52247,18917,7204,0.9043434597037409,4.184032136580467
rdfs,3,15,validation,completed,False,5,111,259,2.3333333333333335,2338.681019,2232.892493,6155.143588,1585.808276,3326.4151220000003,0,0,67,20,7180.491691,8916.610227,7195.9301,16112.540326999999,255756,255756,255756,433340,432236,433340,500,3380,7941,317842,5665.096141,7966,33330,52247,18917,7204,0.9043434597037409,4.184032136580467
rdfs,3,16,wellbeing,completed,False,5,115,269,2.3391304347826085,2338.681019,2232.892493,6155.143588,1585.808276,3869.5194729999994,0,0,69,21,7474.882735,8916.610227,7485.179176,16401.789403,255756,255756,255756,433340,432236,433340,500,3380,8211,323210,6208.200492,7966,33330,52247,18917,7204,0.9043434597037409,4.184032136580467
owlrl,1,1,topology,completed,False,5,4,6,1.5,7787.861583,2395.31457,26790.120932,6965.203829,62.712944,0,0,4,1,105.582968,29607.346011,106.32461,29713.670621,255756,76368,255756,432236,237860,432236,505,3386,372,4411,7850.574527,7966,33330,68306,34976,7204,0.9043434597037409,4.184032136580467
owlrl,1,2,semantic_schema,completed,False,5,8,10,1.25,7787.861583,2395.31457,26790.120932,6965.203829,56.691086,0,0,5,1,138.469832,29607.346011,139.021439,29746.36745,255756,255756,255756,432236,432236,432236,505,3386,491,10643,7844.552669,7966,33330,68306,34976,7204,0.9043434597037409,4.184032136580467
owlrl,1,3,observability,completed,False,5,13,17,1.3076923076923077,7787.861583,2395.31457,26790.120932,6965.203829,175.584148,0,0,6,2,311.931637,29607.346011,313.03468399999997,29920.380695,255756,255756,255756,432236,432236,432236,505,3386,650,15274,7963.445731,7966,33330,68306,34976,7204,0.9043434597037409,4.184032136580467
owlrl,1,4,identity_consent,completed,False,5,31,67,2.161290322580645,7787.861583,2395.31457,26790.120932,6965.203829,638.40726,0,0,19,5,1493.965889,29607.346011,1497.305591,31104.651602,255756,255756,255756,432236,432236,432236,505,3386,2192,52086,8426.268843,7966,33330,68306,34976,7204,0.9043434597037409,4.184032136580467
owlrl,1,5,data_lifecycle,completed,False,5,39,91,2.3333333333333335,7787.861583,2395.31457,26790.120932,6965.203829,854.659774,0,0,25,7,2026.277977,29607.346011,2029.515387,31636.861398,255756,255756,255756,432236,432236,432236,505,3386,2906,62052,8642.521357,7966,33330,68306,34976,7204,0.9043434597037409,4.184032136580467
owlrl,1,6,security_identity,completed,False,5,45,105,2.3333333333333335,7787.861583,2395.31457,26790.120932,6965.203829,1513.4080250000002,0,0,28,8,2750.828023,29607.346011,2754.244517,32361.590528,255756,255756,255756,432236,432236,432236,505,3386,3285,67532,9301.269608,7966,33330,68306,34976,7204,0.9043434597037409,4.184032136580467
owlrl,1,7,context_zones,completed,False,5,51,119,2.3333333333333335,7787.861583,2395.31457,26790.120932,6965.203829,1558.3388029999999,0,0,31,9,3189.1078159999997,29607.346011,3196.3540439999997,32803.700055,255756,255756,255756,432236,432236,432236,505,3386,3670,73468,9346.200386,7966,33330,68306,34976,7204,0.9043434597037409,4.184032136580467
owlrl,1,8,trust,completed,False,5,57,129,2.263157894736842,7787.861583,2395.31457,26790.120932,6965.203829,1599.9872859999998,0,0,34,10,3324.101381,29607.346011,3331.4453860000003,32938.791397,255756,255756,255756,432236,432236,432236,505,3386,4005,80641,9387.848869,7966,33330,68306,34976,7204,0.9043434597037409,4.184032136580467
owlrl,1,9,decision,completed,False,5,74,174,2.3513513513513513,7787.861583,2395.31457,26790.120932,6965.203829,2014.0745560000003,0,0,45,14,4629.978729,29607.346011,4633.165744,34240.511755,255756,255756,255756,432236,432236,432236,505,3386,5331,114035,9801.936139,7966,33330,68306,34976,7204,0.9043434597037409,4.184032136580467
owlrl,1,10,policy_governance,completed,False,5,82,182,2.2195121951219514,7787.861583,2395.31457,26790.120932,6965.203829,2119.901775,0,0,47,14,5021.290039,29607.346011,5029.904257,34637.250268,255756,255756,255756,432236,432236,432236,505,3386,5569,231770,9907.763358,7966,33330,68306,34976,7204,0.9043434597037409,4.184032136580467
owlrl,1,11,adaptation,completed,False,5,90,206,2.2888888888888888,7787.861583,2395.31457,26790.120932,6965.203829,2439.6764439999993,0,0,53,16,5453.269036,29607.346011,5463.704396,35071.050407,255756,255756,255756,432236,432236,432236,505,3386,6295,244948,10227.538026999999,7966,33330,68306,34976,7204,0.9043434597037409,4.184032136580467
owlrl,1,12,delegation,completed,False,5,95,219,2.305263157894737,7787.861583,2395.31457,26790.120932,6965.203829,3438.995435,0,0,57,17,5657.035002,29607.346011,5669.833922,35277.179933,255756,255756,255756,432236,432236,432236,505,3386,6742,262765,11226.857017999999,7966,33330,68306,34976,7204,0.9043434597037409,4.184032136580467
owlrl,1,13,federation,completed,False,5,102,240,2.3529411764705883,7787.861583,2395.31457,26790.120932,6965.203829,2761.8154069999996,0,0,61,18,6252.452756,29607.346011,6264.275552,35871.621563,255756,255756,255756,432236,432236,432236,505,3386,7282,271013,10549.67699,7966,33330,68306,34976,7204,0.9043434597037409,4.184032136580467
owlrl,1,14,audit_temporal,completed,False,5,107,255,2.383177570093458,7787.861583,2395.31457,26790.120932,6965.203829,3263.018113,0,0,66,20,7094.967167000001,29607.346011,7109.672495,36717.018506,255756,255756,255756,432236,431228,432236,505,3386,7822,309045,11050.879696,7966,33330,68306,34976,7204,0.9043434597037409,4.184032136580467
owlrl,1,15,validation,completed,False,5,111,259,2.3333333333333335,7787.861583,2395.31457,26790.120932,6965.203829,3313.646363,0,0,67,20,7160.9052440000005,29607.346011,7176.65184,36783.997851,255756,255756,255756,432236,431228,432236,505,3386,7941,319715,11101.507946,7966,33330,68306,34976,7204,0.9043434597037409,4.184032136580467
owlrl,1,16,wellbeing,completed,False,5,115,269,2.3391304347826085,7787.861583,2395.31457,26790.120932,6965.203829,3612.1707369999995,0,0,69,21,7436.119517,29607.346011,7451.748928,37059.094939,255756,255756,255756,432236,431228,432236,505,3386,8211,325031,11400.032319999998,7966,33330,68306,34976,7204,0.9043434597037409,4.184032136580467
owlrl,2,1,topology,completed,False,5,4,6,1.5,7637.155517,2338.318837,26651.498048999998,6858.181274,61.992436,0,0,4,1,107.459138,29613.636725,108.20974000000001,29721.846465,255756,76368,255756,431228,237860,431228,505,3387,372,4407,7699.147953,7966,33330,68306,34976,7204,0.9043434597037409,4.184032136580467
owlrl,2,2,semantic_schema,completed,False,5,8,10,1.25,7637.155517,2338.318837,26651.498048999998,6858.181274,57.294947,0,0,5,1,137.402921,29613.636725,138.136244,29751.772969,255756,255756,255756,431228,431228,431228,505,3387,491,10630,7694.4504640000005,7966,33330,68306,34976,7204,0.9043434597037409,4.184032136580467
owlrl,2,3,observability,completed,False,5,13,17,1.3076923076923077,7637.155517,2338.318837,26651.498048999998,6858.181274,174.072537,0,0,6,2,312.557398,29613.636725,313.579309,29927.216034,255756,255756,255756,431228,431228,431228,505,3387,650,15272,7811.228054,7966,33330,68306,34976,7204,0.9043434597037409,4.184032136580467
owlrl,2,4,identity_consent,completed,False,5,31,67,2.161290322580645,7637.155517,2338.318837,26651.498048999998,6858.181274,643.5621100000001,0,0,19,5,1498.639827,29613.636725,1501.879323,31115.516048,255756,255756,255756,431228,431228,431228,505,3387,2192,52092,8280.717627,7966,33330,68306,34976,7204,0.9043434597037409,4.184032136580467
owlrl,2,5,data_lifecycle,completed,False,5,39,91,2.3333333333333335,7637.155517,2338.318837,26651.498048999998,6858.181274,953.905132,0,0,25,7,2129.909432,29613.636725,2134.688331,31748.325056,255756,255756,255756,431228,431228,431228,505,3387,2906,62048,8591.060649000001,7966,33330,68306,34976,7204,0.9043434597037409,4.184032136580467
owlrl,2,6,security_identity,completed,False,5,45,105,2.3333333333333335,7637.155517,2338.318837,26651.498048999998,6858.181274,1326.680192,0,0,28,8,2814.4108459999998,29613.636725,2818.169637,32431.806362,255756,255756,255756,431228,431228,431228,505,3387,3285,67490,8963.835709,7966,33330,68306,34976,7204,0.9043434597037409,4.184032136580467
owlrl,2,7,context_zones,completed,False,5,51,119,2.3333333333333335,7637.155517,2338.318837,26651.498048999998,6858.181274,1378.6341300000001,0,0,31,9,2993.3128,29613.636725,2999.215592,32612.852317,255756,255756,255756,431228,431228,431228,505,3387,3670,73452,9015.789647,7966,33330,68306,34976,7204,0.9043434597037409,4.184032136580467
owlrl,2,8,trust,completed,False,5,57,129,2.263157894736842,7637.155517,2338.318837,26651.498048999998,6858.181274,1591.816331,0,0,34,10,3408.877971,29613.636725,3416.66172,33030.298445,255756,255756,255756,431228,431228,431228,505,3387,4005,80617,9228.971848000001,7966,33330,68306,34976,7204,0.9043434597037409,4.184032136580467
owlrl,2,9,decision,completed,False,5,74,174,2.3513513513513513,7637.155517,2338.318837,26651.498048999998,6858.181274,2003.34692,0,0,45,14,4618.003683,29613.636725,4627.896779,34241.533504,255756,255756,255756,431228,431228,431228,505,3387,5331,113946,9640.502437,7966,33330,68306,34976,7204,0.9043434597037409,4.184032136580467
owlrl,2,10,policy_governance,completed,False,5,82,182,2.2195121951219514,7637.155517,2338.318837,26651.498048999998,6858.181274,2167.8367270000003,0,0,47,14,4955.871629,29613.636725,4965.975071,34579.611796,255756,255756,255756,431228,431228,431228,505,3387,5569,231763,9804.992244000001,7966,33330,68306,34976,7204,0.9043434597037409,4.184032136580467
owlrl,2,11,adaptation,completed,False,5,90,206,2.2888888888888888,7637.155517,2338.318837,26651.498048999998,6858.181274,2438.703014,0,0,53,16,5509.661991,29613.636725,5518.285888,35131.922613,255756,255756,255756,431228,431228,431228,505,3387,6295,245024,10075.858531,7966,33330,68306,34976,7204,0.9043434597037409,4.184032136580467
owlrl,2,12,delegation,completed,False,5,95,219,2.305263157894737,7637.155517,2338.318837,26651.498048999998,6858.181274,2402.847159,0,0,57,17,5637.550403,29613.636725,5644.382382,35258.019107,255756,255756,255756,431228,431228,431228,505,3387,6742,262751,10040.002676,7966,33330,68306,34976,7204,0.9043434597037409,4.184032136580467
owlrl,2,13,federation,completed,False,5,102,240,2.3529411764705883,7637.155517,2338.318837,26651.498048999998,6858.181274,2673.449356,0,0,61,18,6232.736525,29613.636725,6247.194765,35860.83149,255756,255756,255756,431228,430220,431228,505,3387,7282,270983,10310.604873,7966,33330,68306,34976,7204,0.9043434597037409,4.184032136580467
owlrl,2,14,audit_temporal,completed,False,5,107,255,2.383177570093458,7637.155517,2338.318837,26651.498048999998,6858.181274,3281.4324990000005,0,0,66,20,7340.52712,29613.636725,7355.3732549999995,36969.00998,255756,255756,255756,431228,430220,431228,505,3387,7822,309048,10918.588016000002,7966,33330,68306,34976,7204,0.9043434597037409,4.184032136580467
owlrl,2,15,validation,completed,False,5,111,259,2.3333333333333335,7637.155517,2338.318837,26651.498048999998,6858.181274,3139.6558300000006,0,0,67,20,7187.674526,29613.636725,7203.175037,36816.811762,255756,255756,255756,431228,430220,431228,505,3387,7941,319729,10776.811347,7966,33330,68306,34976,7204,0.9043434597037409,4.184032136580467
owlrl,2,16,wellbeing,completed,False,5,115,269,2.3391304347826085,7637.155517,2338.318837,26651.498048999998,6858.181274,3779.4680100000005,0,0,69,21,7413.957313,29613.636725,7428.965322999999,37042.602048,255756,255756,255756,431228,430220,431228,505,3387,8211,325027,11416.623527,7966,33330,68306,34976,7204,0.9043434597037409,4.184032136580467
owlrl,3,1,topology,completed,False,5,4,6,1.5,7540.780168,2252.299159,26490.247208,6779.522144,177.909236,0,0,4,1,242.116042,29359.643686,242.827258,29602.470944,255756,76368,255756,430220,237860,430220,505,3387,372,4426,7718.689404000001,7966,33330,68306,34976,7204,0.9043434597037409,4.184032136580467
owlrl,3,2,semantic_schema,completed,False,5,8,10,1.25,7540.780168,2252.299159,26490.247208,6779.522144,61.080501,0,0,5,1,137.228634,29359.643686,137.890997,29497.534683,255756,255756,255756,430220,430220,430220,505,3387,491,10641,7601.860669000001,7966,33330,68306,34976,7204,0.9043434597037409,4.184032136580467
owlrl,3,3,observability,completed,False,5,13,17,1.3076923076923077,7540.780168,2252.299159,26490.247208,6779.522144,174.732968,0,0,6,2,361.424108,29359.643686,362.532471,29722.176157,255756,255756,255756,430220,430220,430220,505,3387,650,15268,7715.5131360000005,7966,33330,68306,34976,7204,0.9043434597037409,4.184032136580467
owlrl,3,4,identity_consent,completed,False,5,31,67,2.161290322580645,7540.780168,2252.299159,26490.247208,6779.522144,657.1525709999999,0,0,19,5,1501.156964,29359.643686,1505.156807,30864.800493,255756,255756,255756,430220,430220,430220,505,3387,2192,52085,8197.932739,7966,33330,68306,34976,7204,0.9043434597037409,4.184032136580467
owlrl,3,5,data_lifecycle,completed,False,5,39,91,2.3333333333333335,7540.780168,2252.299159,26490.247208,6779.522144,979.8475810000001,0,0,25,7,2161.153668,29359.643686,2158.177949,31517.821635,255756,255756,255756,430220,429148,430220,505,3387,2906,62047,8520.627749000001,7966,33330,68306,34976,7204,0.9043434597037409,4.184032136580467
owlrl,3,6,security_identity,completed,False,5,45,105,2.3333333333333335,7540.780168,2252.299159,26490.247208,6779.522144,1354.768726,0,0,28,8,2799.847448,29359.643686,2806.110671,32165.754357,255756,255756,255756,430220,429148,430220,505,3387,3285,67533,8895.548894,7966,33330,68306,34976,7204,0.9043434597037409,4.184032136580467
owlrl,3,7,context_zones,completed,False,5,51,119,2.3333333333333335,7540.780168,2252.299159,26490.247208,6779.522144,1424.7323649999998,0,0,31,9,3022.978019,29359.643686,3029.875383,32389.519068999998,255756,255756,255756,430220,429148,430220,505,3387,3670,73469,8965.512533000001,7966,33330,68306,34976,7204,0.9043434597037409,4.184032136580467
owlrl,3,8,trust,completed,False,5,57,129,2.263157894736842,7540.780168,2252.299159,26490.247208,6779.522144,1551.075345,0,0,34,10,3270.214972,29359.643686,3278.0229529999997,32637.666639,255756,255756,255756,430220,429148,430220,505,3387,4005,80604,9091.855513,7966,33330,68306,34976,7204,0.9043434597037409,4.184032136580467
owlrl,3,9,decision,completed,False,5,74,174,2.3513513513513513,7540.780168,2252.299159,26490.247208,6779.522144,2172.9057549999998,0,0,45,14,4708.653618,29359.643686,4718.81349,34078.457175999996,255756,255756,255756,430220,429148,430220,505,3387,5331,113938,9713.685923000001,7966,33330,68306,34976,7204,0.9043434597037409,4.184032136580467
owlrl,3,10,policy_governance,completed,False,5,82,182,2.2195121951219514,7540.780168,2252.299159,26490.247208,6779.522144,2112.7865509999997,0,0,47,14,4961.360946,29359.643686,4971.421293,34331.064979,255756,255756,255756,430220,429148,430220,505,3387,5569,231742,9653.566719,7966,33330,68306,34976,7204,0.9043434597037409,4.184032136580467
owlrl,3,11,adaptation,completed,False,5,90,206,2.2888888888888888,7540.780168,2252.299159,26490.247208,6779.522144,2439.821838,0,0,53,16,5436.338117,29359.643686,5447.95652,34807.600206,255756,255756,255756,430220,429148,430220,505,3387,6295,244966,9980.602006000001,7966,33330,68306,34976,7204,0.9043434597037409,4.184032136580467
owlrl,3,12,delegation,completed,False,5,95,219,2.305263157894737,7540.780168,2252.299159,26490.247208,6779.522144,2576.2414289999997,0,0,57,17,5699.460416,29359.643686,5712.173949,35071.817635,255756,255756,255756,430220,429148,430220,505,3387,6742,262789,10117.021596999999,7966,33330,68306,34976,7204,0.9043434597037409,4.184032136580467
owlrl,3,13,federation,completed,False,5,102,240,2.3529411764705883,7540.780168,2252.299159,26490.247208,6779.522144,2806.247485,0,0,61,18,6257.74164,29359.643686,6267.512599000001,35627.156285,255756,255756,255756,430220,429148,430220,505,3387,7282,270992,10347.027653000001,7966,33330,68306,34976,7204,0.9043434597037409,4.184032136580467
owlrl,3,14,audit_temporal,completed,False,5,107,255,2.383177570093458,7540.780168,2252.299159,26490.247208,6779.522144,3180.880526,0,0,66,20,7102.395496,29359.643686,7117.826347,36477.470033,255756,255756,255756,430220,429148,430220,505,3387,7822,308973,10721.660694,7966,33330,68306,34976,7204,0.9043434597037409,4.184032136580467
owlrl,3,15,validation,completed,False,5,111,259,2.3333333333333335,7540.780168,2252.299159,26490.247208,6779.522144,3518.5251150000004,0,0,67,20,7265.7208900000005,29359.643686,7281.512710999999,36641.156397,255756,255756,255756,430220,426124,430220,505,3387,7941,319813,11059.305283000002,7966,33330,68306,34976,7204,0.9043434597037409,4.184032136580467
owlrl,3,16,wellbeing,completed,False,5,115,269,2.3391304347826085,7540.780168,2252.299159,26490.247208,6779.522144,3597.59107,0,0,69,21,7405.135422,29359.643686,7419.159909,36778.803595,255756,255756,255756,430220,426124,430220,505,3387,8211,325097,11138.371238,7966,33330,68306,34976,7204,0.9043434597037409,4.184032136580467
rdfs_owlrl,1,1,topology,completed,False,5,4,6,1.5,14288.26183,2351.043772,51232.688251,13188.07064,83.299408,0,0,4,1,110.013064,54151.651818,110.703889,54262.355707,255756,76368,255756,432984,243648,432984,530,3420,372,4429,14371.561238,7966,33330,100787,67457,7204,0.9043434597037409,4.184032136580467
rdfs_owlrl,1,2,semantic_schema,completed,False,5,8,10,1.25,14288.26183,2351.043772,51232.688251,13188.07064,55.331365,0,0,5,1,137.301352,54151.651818,138.046496,54289.698314,255756,255756,255756,432984,432984,432984,530,3420,491,10668,14343.593195,7966,33330,100787,67457,7204,0.9043434597037409,4.184032136580467
rdfs_owlrl,1,3,observability,completed,False,5,13,17,1.3076923076923077,14288.26183,2351.043772,51232.688251,13188.07064,173.674038,0,0,6,2,320.64169400000003,54151.651818,321.775933,54473.427751,255756,255756,255756,432984,432984,432984,530,3420,650,15303,14461.935867999999,7966,33330,100787,67457,7204,0.9043434597037409,4.184032136580467
rdfs_owlrl,1,4,identity_consent,completed,False,5,31,67,2.161290322580645,14288.26183,2351.043772,51232.688251,13188.07064,919.678662,0,0,19,5,1800.161603,54151.651818,1804.073098,55955.724916,255756,255756,255756,432984,431992,432984,530,3420,2192,54192,15207.940492,7966,33330,100787,67457,7204,0.9043434597037409,4.184032136580467
rdfs_owlrl,1,5,data_lifecycle,completed,False,5,39,91,2.3333333333333335,14288.26183,2351.043772,51232.688251,13188.07064,859.025872,0,0,25,7,2004.185641,54151.651818,2009.3566720000001,56161.00849,255756,255756,255756,432984,431992,432984,530,3420,2906,64150,15147.287702,7966,33330,100787,67457,7204,0.9043434597037409,4.184032136580467
rdfs_owlrl,1,6,security_identity,completed,False,5,45,105,2.3333333333333335,14288.26183,2351.043772,51232.688251,13188.07064,1542.061116,0,0,28,8,3142.730468,54151.651818,3143.82796,57295.479778,255756,255756,255756,432984,431736,432984,530,3420,3285,69626,15830.322946,7966,33330,100787,67457,7204,0.9043434597037409,4.184032136580467
rdfs_owlrl,1,7,context_zones,completed,False,5,51,119,2.3333333333333335,14288.26183,2351.043772,51232.688251,13188.07064,1653.504566,0,0,31,9,3454.404004,54151.651818,3460.422002,57612.073820000005,255756,255756,255756,432984,431736,432984,530,3420,3670,75568,15941.766395999999,7966,33330,100787,67457,7204,0.9043434597037409,4.184032136580467
rdfs_owlrl,1,8,trust,completed,False,5,57,129,2.263157894736842,14288.26183,2351.043772,51232.688251,13188.07064,1850.0070840000005,0,0,34,10,3776.553299,54151.651818,3784.0991999999997,57935.751018,255756,255756,255756,432984,431736,432984,530,3420,4005,82795,16138.268914,7966,33330,100787,67457,7204,0.9043434597037409,4.184032136580467
rdfs_owlrl,1,9,decision,completed,False,5,74,174,2.3513513513513513,14288.26183,2351.043772,51232.688251,13188.07064,2763.169952,0,0,45,14,5142.184907,54151.651818,5151.248797,59302.900615,255756,255756,255756,432984,431736,432984,530,3420,5331,116193,17051.431782,7966,33330,100787,67457,7204,0.9043434597037409,4.184032136580467
rdfs_owlrl,1,10,policy_governance,completed,False,5,82,182,2.2195121951219514,14288.26183,2351.043772,51232.688251,13188.07064,2373.452278,0,0,47,14,5296.147682,54151.651818,5306.356038,59458.007856000004,255756,255756,255756,432984,431736,432984,530,3420,5569,234026,16661.714108,7966,33330,100787,67457,7204,0.9043434597037409,4.184032136580467
rdfs_owlrl,1,11,adaptation,completed,False,5,90,206,2.2888888888888888,14288.26183,2351.043772,51232.688251,13188.07064,2702.229258,0,0,53,16,5873.233335,54151.651818,5884.051224,60035.703042,255756,255756,255756,432984,431736,432984,530,3420,6295,248009,16990.491088,7966,33330,100787,67457,7204,0.9043434597037409,4.184032136580467
rdfs_owlrl,1,12,delegation,completed,False,5,95,219,2.305263157894737,14288.26183,2351.043772,51232.688251,13188.07064,2957.258364,0,0,57,17,6252.060623,54151.651818,6265.03169,60416.683508,255756,255756,255756,432984,431736,432984,530,3420,6742,268745,17245.520194,7966,33330,100787,67457,7204,0.9043434597037409,4.184032136580467
rdfs_owlrl,1,13,federation,completed,False,5,102,240,2.3529411764705883,14288.26183,2351.043772,51232.688251,13188.07064,3151.133275,0,0,61,18,6661.6219120000005,54151.651818,6675.798476,60827.450294,255756,255756,255756,432984,431736,432984,530,3420,7282,276929,17439.395105,7966,33330,100787,67457,7204,0.9043434597037409,4.184032136580467
rdfs_owlrl,1,14,audit_temporal,completed,False,5,107,255,2.383177570093458,14288.26183,2351.043772,51232.688251,13188.07064,3657.622946,0,0,66,20,7591.1147869999995,54151.651818,7606.53877,61758.190588000005,255756,255756,255756,432984,431736,432984,530,3420,7822,315034,17945.884776,7966,33330,100787,67457,7204,0.9043434597037409,4.184032136580467
rdfs_owlrl,1,15,validation,completed,False,5,111,259,2.3333333333333335,14288.26183,2351.043772,51232.688251,13188.07064,3382.8763889999996,0,0,67,20,7551.38947,54151.651818,7566.335261,61717.987079,255756,255756,255756,432984,431736,432984,530,3420,7941,325664,17671.138219,7966,33330,100787,67457,7204,0.9043434597037409,4.184032136580467
rdfs_owlrl,1,16,wellbeing,completed,False,5,115,269,2.3391304347826085,14288.26183,2351.043772,51232.688251,13188.07064,4134.599589,0,0,69,21,7825.551041,54151.651818,7841.852105,61993.503923000004,255756,255756,255756,432984,431736,432984,530,3420,8211,331041,18422.861419,7966,33330,100787,67457,7204,0.9043434597037409,4.184032136580467
rdfs_owlrl,2,1,topology,completed,False,5,4,6,1.5,14003.642123,2343.719093,51232.098977,13229.726363,61.601997,0,0,4,1,107.111562,53983.398102,107.820908,54091.21901,255756,76368,255756,439268,249932,439268,530,3426,372,4440,14065.24412,7966,33330,100787,67457,7204,0.9043434597037409,4.184032136580467
rdfs_owlrl,2,2,semantic_schema,completed,False,5,8,10,1.25,14003.642123,2343.719093,51232.098977,13229.726363,57.258766,0,0,5,1,138.15869800000002,53983.398102,138.967769,54122.365871,255756,255756,255756,439268,439268,439268,530,3426,491,10657,14060.900889,7966,33330,100787,67457,7204,0.9043434597037409,4.184032136580467
rdfs_owlrl,2,3,observability,completed,False,5,13,17,1.3076923076923077,14003.642123,2343.719093,51232.098977,13229.726363,180.322259,0,0,6,2,315.122842,53983.398102,316.305631,54299.703733,255756,255756,255756,439268,439268,439268,530,3426,650,15324,14183.964382,7966,33330,100787,67457,7204,0.9043434597037409,4.184032136580467
rdfs_owlrl,2,4,identity_consent,completed,False,5,31,67,2.161290322580645,14003.642123,2343.719093,51232.098977,13229.726363,657.0277249999999,0,0,19,5,1523.533346,53983.398102,1527.356315,55510.754417000004,255756,255756,255756,439268,439268,439268,530,3426,2192,54146,14660.669848,7966,33330,100787,67457,7204,0.9043434597037409,4.184032136580467
rdfs_owlrl,2,5,data_lifecycle,completed,False,5,39,91,2.3333333333333335,14003.642123,2343.719093,51232.098977,13229.726363,865.033639,0,0,25,7,2002.278759,53983.398102,2007.521536,55990.919638,255756,255756,255756,439268,439304,439304,530,3426,2906,64133,14868.675761999999,7966,33330,100787,67457,7204,0.9043434597037409,4.184032136580467
rdfs_owlrl,2,6,security_identity,completed,False,5,45,105,2.3333333333333335,14003.642123,2343.719093,51232.098977,13229.726363,1800.555008,0,0,28,8,3325.655979,53983.398102,3331.977056,57315.375158,255756,255756,255756,439268,430980,439268,530,3426,3285,69655,15804.197130999999,7966,33330,100787,67457,7204,0.9043434597037409,4.184032136580467
rdfs_owlrl,2,7,context_zones,completed,False,5,51,119,2.3333333333333335,14003.642123,2343.719093,51232.098977,13229.726363,1676.088721,0,0,31,9,3428.5807600000003,53983.398102,3432.094381,57415.492483,255756,255756,255756,439268,430980,439268,530,3426,3670,75650,15679.730844,7966,33330,100787,67457,7204,0.9043434597037409,4.184032136580467
rdfs_owlrl,2,8,trust,completed,False,5,57,129,2.263157894736842,14003.642123,2343.719093,51232.098977,13229.726363,1797.6260760000002,0,0,34,10,3859.749076,53983.398102,3862.653113,57846.051215,255756,255756,255756,439268,430980,439268,530,3426,4005,82807,15801.268199,7966,33330,100787,67457,7204,0.9043434597037409,4.184032136580467
rdfs_owlrl,2,9,decision,completed,False,5,74,174,2.3513513513513513,14003.642123,2343.719093,51232.098977,13229.726363,2303.577416,0,0,45,14,5075.500118,53983.398102,5085.070793,59068.468895,255756,255756,255756,439268,430980,439268,530,3426,5331,116183,16307.219539,7966,33330,100787,67457,7204,0.9043434597037409,4.184032136580467
rdfs_owlrl,2,10,policy_governance,completed,False,5,82,182,2.2195121951219514,14003.642123,2343.719093,51232.098977,13229.726363,2440.576072,0,0,47,14,5400.636264,53983.398102,5410.863661,59394.261763,255756,255756,255756,439268,430980,439268,530,3426,5569,233986,16444.218195,7966,33330,100787,67457,7204,0.9043434597037409,4.184032136580467
rdfs_owlrl,2,11,adaptation,completed,False,5,90,206,2.2888888888888888,14003.642123,2343.719093,51232.098977,13229.726363,2695.1768049999996,0,0,53,16,5800.788528,53983.398102,5812.2868849999995,59795.684987,255756,255756,255756,439268,430980,439268,530,3426,6295,247992,16698.818928,7966,33330,100787,67457,7204,0.9043434597037409,4.184032136580467
rdfs_owlrl,2,12,delegation,completed,False,5,95,219,2.305263157894737,14003.642123,2343.719093,51232.098977,13229.726363,2939.0090280000004,0,0,57,17,6167.77715,53983.398102,6180.926069,60164.324171,255756,255756,255756,439268,430980,439268,530,3426,6742,268746,16942.651151,7966,33330,100787,67457,7204,0.9043434597037409,4.184032136580467
rdfs_owlrl,2,13,federation,completed,False,5,102,240,2.3529411764705883,14003.642123,2343.719093,51232.098977,13229.726363,3203.600056,0,0,61,18,6724.462978,53983.398102,6737.85084,60721.248942,255756,255756,255756,439268,430980,439268,530,3426,7282,276971,17207.242179,7966,33330,100787,67457,7204,0.9043434597037409,4.184032136580467
rdfs_owlrl,2,14,audit_temporal,completed,False,5,107,255,2.383177570093458,14003.642123,2343.719093,51232.098977,13229.726363,3700.8560509999998,0,0,66,20,7534.370401,53983.398102,7547.385083,61530.783185,255756,255756,255756,439268,430980,439268,530,3426,7822,314959,17704.498174,7966,33330,100787,67457,7204,0.9043434597037409,4.184032136580467
rdfs_owlrl,2,15,validation,completed,False,5,111,259,2.3333333333333335,14003.642123,2343.719093,51232.098977,13229.726363,3647.436888,0,0,67,20,7644.35808,53983.398102,7659.327275000001,61642.725377,255756,255756,255756,439268,430980,439268,530,3426,7941,325675,17651.079011,7966,33330,100787,67457,7204,0.9043434597037409,4.184032136580467
rdfs_owlrl,2,16,wellbeing,completed,False,5,115,269,2.3391304347826085,14003.642123,2343.719093,51232.098977,13229.726363,4148.245830000002,0,0,69,21,7799.813416000001,53983.398102,7815.911621,61799.309723,255756,255756,255756,439268,430980,439268,530,3426,8211,331083,18151.887953,7966,33330,100787,67457,7204,0.9043434597037409,4.184032136580467
rdfs_owlrl,3,1,topology,completed,False,5,4,6,1.5,13952.318865,2398.5316900000003,51384.720578,13151.83677,71.004232,0,0,4,1,108.463154,54404.509253,109.238722,54513.747975,255756,76368,255756,438916,249580,438916,530,3424,372,4442,14023.323096999999,7966,33330,100787,67457,7204,0.9043434597037409,4.184032136580467
rdfs_owlrl,3,2,semantic_schema,completed,False,5,8,10,1.25,13952.318865,2398.5316900000003,51384.720578,13151.83677,61.597615,0,0,5,1,139.576472,54404.509253,140.386411,54544.895664,255756,255756,255756,438916,438916,438916,530,3424,491,10656,14013.91648,7966,33330,100787,67457,7204,0.9043434597037409,4.184032136580467
rdfs_owlrl,3,3,observability,completed,False,5,13,17,1.3076923076923077,13952.318865,2398.5316900000003,51384.720578,13151.83677,171.978362,0,0,6,2,314.131545,54404.509253,315.257383,54719.766636,255756,255756,255756,438916,438916,438916,530,3424,650,15312,14124.297227,7966,33330,100787,67457,7204,0.9043434597037409,4.184032136580467
rdfs_owlrl,3,4,identity_consent,completed,False,5,31,67,2.161290322580645,13952.318865,2398.5316900000003,51384.720578,13151.83677,786.2490869999999,0,0,19,5,1649.313731,54404.509253,1652.352433,56056.861686,255756,255756,255756,438916,436860,438916,530,3424,2192,54147,14738.567952,7966,33330,100787,67457,7204,0.9043434597037409,4.184032136580467
rdfs_owlrl,3,5,data_lifecycle,completed,False,5,39,91,2.3333333333333335,13952.318865,2398.5316900000003,51384.720578,13151.83677,994.699161,0,0,25,7,2151.1653380000002,54404.509253,2155.990332,56560.499585,255756,255756,255756,438916,434548,438916,530,3424,2906,64144,14947.018026,7966,33330,100787,67457,7204,0.9043434597037409,4.184032136580467
rdfs_owlrl,3,6,security_identity,completed,False,5,45,105,2.3333333333333335,13952.318865,2398.5316900000003,51384.720578,13151.83677,1842.100583,0,0,28,8,3259.6095020000002,54404.509253,3264.532513,57669.041766,255756,255756,255756,438916,431604,438916,530,3424,3285,69630,15794.419447999999,7966,33330,100787,67457,7204,0.9043434597037409,4.184032136580467
rdfs_owlrl,3,7,context_zones,completed,False,5,51,119,2.3333333333333335,13952.318865,2398.5316900000003,51384.720578,13151.83677,1724.242869,0,0,31,9,3535.9535690000002,54404.509253,3542.974545,57947.483798,255756,255756,255756,438916,431604,438916,530,3424,3670,75567,15676.561733999999,7966,33330,100787,67457,7204,0.9043434597037409,4.184032136580467
rdfs_owlrl,3,8,trust,completed,False,5,57,129,2.263157894736842,13952.318865,2398.5316900000003,51384.720578,13151.83677,1840.596038,0,0,34,10,3741.4831130000002,54404.509253,3748.90638,58153.415633,255756,255756,255756,438916,431604,438916,530,3424,4005,82771,15792.914902999999,7966,33330,100787,67457,7204,0.9043434597037409,4.184032136580467
rdfs_owlrl,3,9,decision,completed,False,5,74,174,2.3513513513513513,13952.318865,2398.5316900000003,51384.720578,13151.83677,3104.8514000000005,0,0,45,14,5280.301705,54404.509253,5290.106977,59694.61623,255756,255756,255756,438916,431604,438916,530,3424,5331,116145,17057.170265,7966,33330,100787,67457,7204,0.9043434597037409,4.184032136580467
rdfs_owlrl,3,10,policy_governance,completed,False,5,82,182,2.2195121951219514,13952.318865,2398.5316900000003,51384.720578,13151.83677,2430.3206020000002,0,0,47,14,5273.90993,54404.509253,5283.702192,59688.211445,255756,255756,255756,438916,431604,438916,530,3424,5569,233986,16382.639466999999,7966,33330,100787,67457,7204,0.9043434597037409,4.184032136580467
rdfs_owlrl,3,11,adaptation,completed,False,5,90,206,2.2888888888888888,13952.318865,2398.5316900000003,51384.720578,13151.83677,2652.2354249999994,0,0,53,16,5779.539536,54404.509253,5785.848213,60190.357466,255756,255756,255756,438916,431604,438916,530,3424,6295,248006,16604.55429,7966,33330,100787,67457,7204,0.9043434597037409,4.184032136580467
rdfs_owlrl,3,12,delegation,completed,False,5,95,219,2.305263157894737,13952.318865,2398.5316900000003,51384.720578,13151.83677,5493.905094,0,0,57,17,6289.184207,54404.509253,6302.747897,60707.25715,255756,255756,255756,438916,431604,438916,530,3424,6742,268739,19446.223959,7966,33330,100787,67457,7204,0.9043434597037409,4.184032136580467
rdfs_owlrl,3,13,federation,completed,False,5,102,240,2.3529411764705883,13952.318865,2398.5316900000003,51384.720578,13151.83677,4119.2733579999995,0,0,61,18,6806.833136,54404.509253,6820.70093,61225.210183,255756,255756,255756,438916,431604,438916,530,3424,7282,276958,18071.592223,7966,33330,100787,67457,7204,0.9043434597037409,4.184032136580467
rdfs_owlrl,3,14,audit_temporal,completed,False,5,107,255,2.383177570093458,13952.318865,2398.5316900000003,51384.720578,13151.83677,3610.806672,0,0,66,20,7478.496017,54404.509253,7492.644346,61897.153599,255756,255756,255756,438916,431604,438916,530,3424,7822,315018,17563.125537,7966,33330,100787,67457,7204,0.9043434597037409,4.184032136580467
rdfs_owlrl,3,15,validation,completed,False,5,111,259,2.3333333333333335,13952.318865,2398.5316900000003,51384.720578,13151.83677,3456.9546170000003,0,0,67,20,7643.348758,54404.509253,7657.252828,62061.762081,255756,255756,255756,438916,431604,438916,530,3424,7941,325713,17409.273482,7966,33330,100787,67457,7204,0.9043434597037409,4.184032136580467
rdfs_owlrl,3,16,wellbeing,completed,False,5,115,269,2.3391304347826085,13952.318865,2398.5316900000003,51384.720578,13151.83677,4060.896292,0,0,69,21,7902.407663,54404.509253,7916.106842,62320.616095,255756,255756,255756,438916,431604,438916,530,3424,8211,331041,18013.215157,7966,33330,100787,67457,7204,0.9043434597037409,4.184032136580467
